User ID,Heart Rate (BPM),Blood Oxygen Level (%),Step Count,Sleep Duration (hours),Activity Level,Stress Level
4174.0,58.94,98.81,5450.0,7.17,Highly Active,1.0
1860.0,247.8,97.05,2827.0,6.5,Highly Active,5.0
2294.0,40.0,96.89,13797.0,7.37,Active,3.0
2130.0,61.95,98.58,15679.0,7.37,Highly Active,6.0
2095.0,96.29,94.2,10206.0,8.38,Highly Active,10.0
4772.0,47.27,95.39,3209.0,7.87,Sedentary,2.0
4092.0,81.73,95.98,6051.0,5.22,Sedentary,1.0
3979.0,93.34,97.22,1775.0,5.47,Sedentary,1.0
3169.0,51.41,97.27,7940.0,7.95,Sedentary,8.0
1466.0,101.91,97.27,2988.0,7.54,Sedentary,9.0
2238.0,73.85,95.4,1748.0,4.83,Active,1.0
1330.0,95.37,99.15,6156.0,5.81,Highly Active,10.0
2482.0,79.06,99.01,830.0,6.27,Sedentary,10.0
3135.0,68.09,99.73,8124.0,6.44,Highly Active,5.0
4444.0,40.0,99.05,1449.0,6.39,Active,2.0
4171.0,58.28,97.79,5644.0,7.85,Sedentary,10.0
3919.0,58.28,96.05,3489.0,6.72,Sedentary,4.0
4735.0,98.06,96.03,5847.0,6.62,Sedentary,9.0
2685.0,74.11,99.65,2601.0,6.75,Highly Active,9.0
4380.0,68.31,99.65,1058.0,6.46,Active,3.0
1769.0,81.27,96.07,10503.0,5.78,Active,3.0
3391.0,76.33,98.76,509.0,4.77,Sedentary,9.0
2515.0,69.42,99.25,3306.0,8.42,Highly Active,1.0
4485.0,84.59,99.02,4173.0,9.17,Sedentary,9.0
3853.0,64.63,99.79,1520.0,6.87,Sedentary,2.0
3433.0,75.17,98.1,3401.0,8.65,Sedentary,10.0
2215.0,86.55,97.47,3790.0,6.84,Sedentary,1.0
1955.0,64.1,98.15,1778.0,4.42,Sedentary,7.0
3324.0,69.62,100.0,7137.0,6.95,Sedentary,2.0
2184.0,66.63,99.52,219.0,5.99,Sedentary,6.0
1459.0,81.78,98.19,1541.0,7.21,Highly Active,10.0
4385.0,80.24,100.0,6849.0,7.21,Sedentary,6.0
1021.0,67.23,100.0,6913.0,5.74,Active,10.0
3300.0,80.11,100.0,2158.0,7.08,Highly Active,4.0
1747.0,40.0,100.0,8043.0,7.79,Active,5.0
3904.0,87.53,100.0,4441.0,8.53,Sedentary,5.0
4632.0,88.44,100.0,5244.0,7.98,Sedentary,6.0
1474.0,67.4,92.66,2831.0,4.83,Sedentary,7.0
2082.0,64.42,98.42,29066.0,4.83,Highly Active,3.0
3558.0,74.14,95.06,9360.0,7.65,Active,4.0
4753.0,61.35,100.0,1999.0,5.92,Highly Active,2.0
3047.0,63.68,97.37,1889.0,5.02,Active,2.0
4547.0,79.62,98.89,10416.0,8.28,Sedentary,9.0
3747.0,87.14,97.71,3437.0,5.95,Highly Active,9.0
1975.0,79.77,100.0,672.0,8.95,Highly Active,2.0
2806.0,118.29,95.63,254.0,5.84,Active,8.0
1189.0,93.73,99.41,3741.0,5.38,Sedentary,3.0
4005.0,86.03,95.91,3750.0,6.4,Sedentary,3.0
3734.0,85.49,93.73,8590.0,7.64,Highly Active,7.0
4005.0,76.3,98.38,5986.0,6.94,Sedentary,8.0
1562.0,82.57,95.55,10291.0,9.34,Active,1.0
2899.0,77.96,95.01,2677.0,6.76,Sedentary,6.0
4638.0,90.76,94.86,6852.0,6.24,Sedentary,4.0
2267.0,70.81,97.22,15183.0,8.76,Highly Active,4.0
3879.0,70.01,99.87,503.0,7.39,Highly Active,10.0
2528.0,92.67,95.08,8628.0,5.88,Highly Active,2.0
4202.0,68.1,100.0,8809.0,6.86,Highly Active,4.0
4556.0,60.83,96.92,11060.0,6.83,Sedentary,1.0
4890.0,63.78,95.87,2194.0,6.19,Highly Active,6.0
1646.0,86.23,100.0,3771.0,6.77,Active,5.0
3068.0,115.08,99.93,1918.0,6.5,Highly Active,4.0
3888.0,61.68,99.63,2583.0,5.97,Sedentary,8.0
3214.0,84.68,98.46,24206.0,7.15,Sedentary,1.0
2297.0,77.31,95.86,4130.0,5.71,Active,2.0
3435.0,91.92,100.0,13213.0,5.16,Active,1.0
1600.0,84.55,98.06,11089.0,6.44,Active,8.0
3363.0,92.85,98.27,4116.0,5.79,Active,1.0
3061.0,79.38,98.79,33957.0,4.52,Active,7.0
4060.0,62.48,99.98,12862.0,4.55,Sedentary,6.0
3041.0,64.8,94.74,4614.0,6.5,Highly Active,10.0
3824.0,78.18,97.92,2594.0,6.64,Highly Active,10.0
4417.0,82.01,97.09,548.0,6.97,Highly Active,5.0
3612.0,69.24,100.0,4376.0,6.05,Active,2.0
3945.0,69.24,100.0,3124.0,4.23,Active,1.0
2363.0,89.12,98.59,8698.0,5.19,Active,2.0
3139.0,43.74,95.37,139.0,6.02,Sedentary,3.0
2390.0,73.16,96.82,12464.0,7.15,Sedentary,5.0
4003.0,59.55,92.95,3773.0,3.88,Highly Active,2.0
2478.0,103.59,100.0,4441.0,3.03,Active,7.0
4499.0,41.71,96.86,1413.0,6.5,Highly Active,4.0
3556.0,81.28,100.0,19406.0,7.4,Active,2.0
1775.0,76.85,96.88,3557.0,5.19,Highly Active,1.0
1034.0,87.21,97.61,12948.0,6.15,Sedentary,5.0
3253.0,79.84,97.25,1898.0,5.87,Active,4.0
4152.0,106.04,94.81,712.0,6.93,Sedentary,10.0
2955.0,88.77,94.74,7070.0,5.74,Highly Active,7.0
2585.0,47.43,100.0,29131.0,4.78,Highly Active,2.0
4943.0,96.06,96.48,7288.0,7.23,Highly Active,1.0
4459.0,78.05,99.5,6568.0,9.22,Sedentary,9.0
4073.0,96.09,100.0,4087.0,7.29,Highly Active,2.0
2021.0,70.24,97.17,2337.0,6.5,Highly Active,7.0
4461.0,59.07,98.92,3945.0,6.18,Active,9.0
3613.0,56.23,98.58,1129.0,5.32,Highly Active,8.0
2129.0,90.92,98.67,2126.0,5.89,Highly Active,4.0
4843.0,86.96,98.98,4678.0,7.09,Highly Active,8.0
4893.0,66.12,95.6,1095.0,8.28,Highly Active,2.0
2500.0,40.0,95.11,10976.0,8.35,Active,4.0
1702.0,91.5,97.93,81.0,6.76,Active,6.0
3449.0,44.44,100.0,2716.0,6.78,Active,6.0
2579.0,53.32,95.17,18510.0,7.36,Highly Active,2.0
1161.0,75.21,99.15,5964.0,6.57,Sedentary,2.0
1201.0,78.45,98.51,2446.0,6.6,Active,6.0
2981.0,78.45,98.28,3039.0,5.21,Active,6.0
1995.0,79.86,98.24,2900.0,5.17,Active,9.0
3317.0,76.96,98.62,1392.0,5.46,Sedentary,5.0
4934.0,68.49,97.94,1095.0,6.86,Active,9.0
1815.0,71.65,96.8,4586.0,6.04,Sedentary,9.0
4342.0,65.22,97.55,2205.0,10.37,Highly Active,4.0
1455.0,76.74,94.3,674.0,7.08,Highly Active,10.0
4533.0,48.69,99.05,1708.0,8.86,Sedentary,8.0
4798.0,79.73,99.0,5148.0,8.73,Highly Active,10.0
2275.0,73.52,100.0,2078.0,7.14,Sedentary,9.0
2016.0,87.62,99.22,1900.0,6.44,Sedentary,9.0
4773.0,70.45,97.62,6785.0,5.15,Highly Active,3.0
3343.0,84.03,98.97,8185.0,5.6,Active,1.0
4796.0,83.28,97.36,1933.0,7.76,Active,6.0
3767.0,72.91,96.66,4472.0,6.9,Active,6.0
4820.0,80.29,93.22,10124.0,5.54,Highly Active,10.0
1337.0,54.86,98.78,8196.0,6.19,Highly Active,4.0
1878.0,95.12,99.0,503.0,6.99,Sedentary,9.0
1791.0,72.33,100.0,8993.0,6.14,Active,3.0
4993.0,59.21,98.69,1384.0,6.42,Active,2.0
3264.0,63.48,95.51,1526.0,2.88,Active,10.0
1763.0,99.65,95.6,6963.0,6.53,Active,7.0
3235.0,77.07,98.44,2336.0,4.91,Active,2.0
1379.0,70.55,99.79,2738.0,7.05,Sedentary,1.0
1492.0,70.46,99.92,5179.0,6.7,Highly Active,4.0
4112.0,75.03,97.13,9720.0,7.62,Sedentary,2.0
2180.0,85.84,93.8,4828.0,7.64,Highly Active,10.0
3062.0,77.91,93.8,15672.0,9.08,Sedentary,10.0
4884.0,78.23,93.8,789.0,3.53,Sedentary,3.0
1064.0,61.15,98.67,9821.0,6.31,Active,6.0
4928.0,70.59,97.47,9821.0,3.44,Highly Active,6.0
4910.0,77.35,97.4,11876.0,7.24,Sedentary,9.0
3568.0,74.53,98.96,2663.0,6.25,Sedentary,7.0
2367.0,68.76,97.28,4606.0,5.79,Active,4.0
2152.0,67.39,100.0,12145.0,6.9,Active,4.0
3027.0,81.53,97.62,12477.0,4.92,Active,10.0
3695.0,81.9,94.54,3301.0,6.5,Highly Active,4.0
2495.0,89.84,92.91,12090.0,6.13,Active,7.0
4134.0,77.94,99.07,8029.0,6.61,Sedentary,5.0
2162.0,43.86,99.27,3687.0,6.31,Sedentary,9.0
2522.0,110.37,99.23,24478.0,7.88,Sedentary,9.0
3640.0,74.87,95.38,220.0,4.7,Highly Active,6.0
1391.0,68.85,96.23,3376.0,7.74,Highly Active,7.0
2698.0,74.13,100.0,2567.0,5.72,Active,10.0
1418.0,69.06,97.63,19216.0,5.74,Sedentary,2.0
3336.0,62.72,96.76,733.0,7.82,Highly Active,9.0
1378.0,84.22,100.0,6922.0,6.1,Active,10.0
2796.0,72.77,95.94,8827.0,7.42,Sedentary,8.0
4561.0,73.66,97.17,1425.0,7.45,Highly Active,5.0
3278.0,40.0,100.0,1137.0,5.98,Highly Active,8.0
4065.0,71.6,100.0,343.0,6.85,Highly Active,4.0
3088.0,58.85,100.0,1211.0,5.77,Sedentary,7.0
4099.0,58.85,99.48,11560.0,6.47,Highly Active,7.0
3182.0,78.54,100.0,20171.0,7.21,Active,5.0
1200.0,65.8,99.88,16218.0,5.06,Highly Active,2.0
3996.0,67.87,98.66,3182.0,7.16,Active,9.0
1779.0,76.45,98.02,9059.0,6.5,Highly Active,8.0
3977.0,67.4,97.39,12283.0,4.27,Sedentary,4.0
4104.0,59.17,95.52,11717.0,5.38,Active,6.0
4119.0,49.18,93.57,453.0,5.46,Sedentary,3.0
1502.0,80.05,99.91,1693.0,5.83,Active,4.0
3454.0,67.25,97.8,19572.0,5.07,Highly Active,3.0
4645.0,50.02,96.29,9427.0,7.91,Active,9.0
1804.0,80.07,100.0,5053.0,5.32,Sedentary,8.0
3146.0,57.18,97.69,3495.0,4.77,Highly Active,4.0
3731.0,64.43,99.14,7373.0,6.48,Active,1.0
2895.0,90.7,97.95,4482.0,6.48,Sedentary,7.0
3773.0,90.7,97.27,3276.0,9.73,Active,4.0
2570.0,68.72,100.0,2993.0,5.49,Highly Active,4.0
1960.0,86.26,98.54,1203.0,3.09,Sedentary,3.0
4810.0,72.48,95.5,5276.0,4.27,Sedentary,7.0
3660.0,93.45,98.73,5136.0,3.83,Sedentary,2.0
2485.0,68.81,99.27,6254.0,7.13,Sedentary,2.0
3690.0,66.44,100.0,865.0,6.65,Active,7.0
4840.0,75.25,98.58,17249.0,6.83,Sedentary,1.0
2028.0,89.47,98.12,9485.0,8.19,Active,3.0
4289.0,78.74,99.03,983.0,8.94,Sedentary,10.0
1502.0,76.55,95.89,579.0,7.76,Highly Active,10.0
3814.0,62.89,100.0,7209.0,7.6,Highly Active,2.0
1397.0,60.69,100.0,2925.0,4.29,Highly Active,4.0
1870.0,89.49,100.0,2690.0,5.74,Sedentary,6.0
3842.0,91.06,98.63,12828.0,8.58,Highly Active,4.0
1392.0,90.58,95.25,2963.0,5.68,Highly Active,3.0
1206.0,86.87,98.06,7001.0,8.16,Active,2.0
2038.0,81.7,99.0,5391.0,6.69,Active,4.0
2881.0,81.47,95.95,2136.0,7.67,Active,2.0
4625.0,77.0,96.91,2820.0,5.19,Highly Active,6.0
3939.0,83.43,97.03,20077.0,7.64,Sedentary,10.0
2484.0,74.37,96.75,2818.0,5.54,Sedentary,5.0
4762.0,74.37,100.0,10727.0,6.85,Highly Active,4.0
4646.0,88.76,97.67,13827.0,6.46,Highly Active,3.0
1863.0,56.13,100.0,516.0,8.29,Sedentary,3.0
3790.0,91.44,97.03,7616.0,7.75,Sedentary,2.0
4312.0,74.13,97.31,9683.0,3.85,Highly Active,7.0
1563.0,96.87,98.09,3984.0,5.28,Active,9.0
2020.0,94.06,98.41,5897.0,5.55,Sedentary,1.0
1095.0,59.54,95.9,1236.0,7.54,Sedentary,9.0
2923.0,59.54,98.71,1236.0,5.76,Highly Active,8.0
2757.0,47.01,95.78,8609.0,4.87,Sedentary,10.0
3532.0,69.21,100.0,6459.0,4.45,Highly Active,1.0
4478.0,80.34,96.93,1026.0,7.59,Highly Active,1.0
3278.0,87.7,99.73,30988.0,3.39,Sedentary,6.0
3796.0,76.04,96.88,19441.0,8.08,Sedentary,7.0
2678.0,81.64,100.0,1776.0,4.57,Active,9.0
4242.0,64.46,97.05,14563.0,5.83,Sedentary,10.0
1540.0,74.71,97.89,2176.0,4.75,Highly Active,6.0
2059.0,66.15,97.52,5807.0,5.12,Highly Active,5.0
3572.0,79.24,97.41,10664.0,6.16,Active,2.0
2183.0,95.85,95.06,2952.0,6.16,Sedentary,7.0
4910.0,74.15,96.55,5670.0,4.18,Highly Active,1.0
2722.0,54.43,98.7,4189.0,5.89,Highly Active,4.0
4314.0,77.94,99.09,9996.0,6.65,Highly Active,5.0
4157.0,85.58,95.73,4560.0,7.2,Highly Active,6.0
2819.0,61.23,96.69,5858.0,3.44,Active,1.0
3625.0,93.63,97.84,13076.0,5.78,Highly Active,9.0
3729.0,66.05,98.16,8396.0,3.42,Highly Active,9.0
3604.0,63.6,98.77,5248.0,5.74,Active,4.0
2597.0,48.29,100.0,4330.0,5.85,Sedentary,1.0
4060.0,79.03,98.67,949.0,7.44,Sedentary,8.0
3693.0,102.24,95.99,406.0,7.96,Highly Active,8.0
1795.0,80.5,99.39,21370.0,4.97,Sedentary,7.0
2051.0,63.99,99.96,1445.0,6.94,Highly Active,10.0
2643.0,82.7,94.84,2269.0,7.48,Active,3.0
4627.0,87.01,98.94,6608.0,5.38,Sedentary,2.0
2363.0,92.41,100.0,12319.0,7.66,Highly Active,7.0
4869.0,56.48,96.7,12534.0,6.7,Sedentary,10.0
2981.0,98.3,99.39,12389.0,6.09,Active,7.0
2354.0,78.2,96.6,26745.0,6.71,Highly Active,5.0
2663.0,101.3,97.41,401.0,4.13,Active,9.0
2529.0,77.33,96.24,3574.0,6.71,Active,7.0
3038.0,83.65,99.25,17140.0,5.23,Sedentary,8.0
4419.0,60.77,99.53,4409.0,6.54,Active,6.0
2496.0,89.77,98.84,14352.0,5.89,Sedentary,1.0
4302.0,58.85,99.19,125.0,6.93,Highly Active,9.0
3237.0,79.03,99.45,4913.0,8.29,Sedentary,7.0
4296.0,68.54,100.0,17898.0,6.69,Highly Active,10.0
2408.0,73.68,96.85,2120.0,8.0,Sedentary,8.0
2400.0,91.28,92.94,18581.0,4.97,Active,2.0
2306.0,69.67,97.18,60.0,8.65,Sedentary,7.0
3680.0,91.59,97.2,576.0,4.98,Highly Active,10.0
1972.0,76.96,97.2,787.0,6.09,Active,3.0
2768.0,107.25,98.54,1790.0,5.83,Highly Active,4.0
2282.0,76.83,100.0,2472.0,4.13,Sedentary,10.0
4430.0,73.86,98.03,4598.0,4.81,Active,9.0
1709.0,77.1,98.03,3466.0,1.11,Highly Active,9.0
2479.0,70.05,96.58,17871.0,4.47,Highly Active,5.0
2434.0,70.05,99.44,15202.0,5.51,Active,10.0
1648.0,105.89,97.82,9650.0,8.73,Active,10.0
1317.0,68.91,96.87,7537.0,7.57,Highly Active,3.0
4748.0,52.16,98.12,1600.0,6.99,Highly Active,6.0
4296.0,72.67,99.68,6446.0,9.75,Highly Active,5.0
4890.0,80.35,97.78,1113.0,3.81,Highly Active,6.0
2257.0,71.88,97.67,4220.0,6.4,Active,4.0
1683.0,74.27,97.91,4333.0,9.55,Sedentary,4.0
1663.0,72.54,98.54,8192.0,6.5,Active,1.0
2998.0,81.38,98.41,12618.0,5.26,Active,8.0
4898.0,87.28,98.39,2705.0,7.73,Highly Active,5.0
4445.0,72.11,95.56,294.0,5.66,Sedentary,9.0
4743.0,113.84,97.71,337.0,8.39,Sedentary,10.0
2631.0,113.84,100.0,14546.0,7.75,Highly Active,3.0
2495.0,74.92,99.16,4663.0,6.21,Highly Active,6.0
4304.0,55.22,100.0,1995.0,7.97,Highly Active,3.0
4763.0,76.71,98.83,230.0,6.15,Highly Active,7.0
2136.0,87.21,98.44,5267.0,6.7,Highly Active,1.0
2853.0,87.32,100.0,1032.0,7.38,Sedentary,6.0
2520.0,87.32,97.12,3777.0,5.92,Sedentary,4.0
3489.0,76.73,97.0,5081.0,8.77,Active,2.0
1563.0,67.79,100.0,1822.0,6.6,Sedentary,6.0
2291.0,97.46,99.81,1552.0,6.93,Sedentary,1.0
4581.0,76.86,97.44,140.0,4.53,Highly Active,4.0
4878.0,40.74,96.73,6165.0,5.53,Active,1.0
4457.0,80.52,95.94,1566.0,6.74,Highly Active,8.0
4458.0,45.75,97.36,14739.0,7.8,Highly Active,3.0
4184.0,81.75,99.85,6480.0,8.62,Highly Active,2.0
2636.0,113.81,93.65,5690.0,4.91,Active,8.0
4696.0,95.41,100.0,4918.0,5.26,Sedentary,6.0
3999.0,95.41,99.42,1697.0,4.66,Sedentary,7.0
4152.0,65.11,95.94,24410.0,7.24,Active,9.0
1698.0,94.11,98.12,23888.0,8.62,Sedentary,5.0
3160.0,84.54,96.99,2713.0,6.26,Sedentary,1.0
2781.0,71.0,96.19,10480.0,6.59,Highly Active,8.0
1641.0,66.92,98.58,889.0,6.7,Highly Active,5.0
3267.0,61.4,99.08,10616.0,5.8,Active,6.0
2589.0,80.62,99.54,2361.0,4.67,Sedentary,2.0
1854.0,68.75,94.43,2389.0,8.09,Sedentary,6.0
2759.0,77.52,97.11,4954.0,6.73,Sedentary,6.0
4296.0,88.92,99.24,3487.0,5.68,Sedentary,9.0
3432.0,68.37,99.94,878.0,11.01,Active,7.0
4474.0,84.68,98.5,6294.0,6.5,Active,8.0
2661.0,93.33,100.0,1684.0,3.93,Active,3.0
2153.0,80.93,98.39,4115.0,7.48,Active,4.0
2076.0,85.49,99.06,1839.0,3.74,Highly Active,10.0
2707.0,81.04,96.33,13643.0,7.2,Highly Active,8.0
3777.0,75.24,99.45,2888.0,7.16,Highly Active,10.0
2695.0,87.56,95.39,15293.0,8.57,Active,10.0
2733.0,99.14,95.95,2763.0,5.0,Active,3.0
2439.0,87.82,96.46,1385.0,6.06,Sedentary,8.0
3294.0,87.82,100.0,6017.0,6.4,Active,3.0
1835.0,72.49,97.29,5670.0,7.8,Sedentary,8.0
4510.0,73.05,98.9,6753.0,7.15,Highly Active,2.0
1202.0,89.21,99.12,2518.0,7.28,Highly Active,1.0
4255.0,67.11,99.06,2699.0,8.33,Active,3.0
1122.0,59.63,95.98,1897.0,6.17,Active,8.0
1400.0,82.03,98.74,18457.0,8.69,Sedentary,6.0
1766.0,75.32,96.06,8041.0,6.37,Sedentary,4.0
3327.0,41.15,100.0,1511.0,5.76,Sedentary,4.0
4908.0,78.12,97.5,7584.0,7.39,Highly Active,5.0
3931.0,68.94,97.61,10068.0,8.24,Sedentary,5.0
4681.0,87.15,100.0,2935.0,4.88,Highly Active,1.0
1197.0,70.8,99.68,1201.0,7.92,Sedentary,7.0
4029.0,66.36,96.86,8358.0,6.5,Active,3.0
2930.0,89.04,98.72,6612.0,9.56,Active,7.0
4582.0,94.18,99.18,6000.0,6.1,Highly Active,9.0
3799.0,73.53,95.53,1411.0,6.94,Sedentary,5.0
3191.0,73.82,96.66,2131.0,6.27,Sedentary,5.0
1608.0,94.06,97.52,6864.0,7.49,Active,1.0
4272.0,92.38,98.23,6656.0,3.23,Active,10.0
2147.0,90.47,100.0,5663.0,4.38,Sedentary,7.0
1186.0,68.96,96.82,10231.0,7.5,Sedentary,7.0
4397.0,65.12,100.0,11799.0,6.54,Active,10.0
3511.0,99.55,99.14,2266.0,3.49,Highly Active,10.0
4420.0,84.15,94.98,1201.0,5.55,Active,2.0
2794.0,63.88,98.85,1572.0,6.5,Active,1.0
1659.0,73.4,100.0,2312.0,5.77,Active,8.0
3811.0,76.27,97.81,20662.0,7.9,Active,3.0
4002.0,73.42,96.73,1033.0,8.38,Highly Active,3.0
2955.0,70.62,97.07,14770.0,3.14,Highly Active,2.0
3450.0,93.46,99.18,1592.0,6.32,Highly Active,7.0
2369.0,200.49,95.44,2999.0,6.67,Highly Active,9.0
2986.0,108.8,100.0,942.0,4.28,Active,4.0
2534.0,94.28,100.0,764.0,8.38,Sedentary,4.0
1146.0,77.04,99.61,700.0,7.06,Highly Active,6.0
4219.0,96.26,95.91,2938.0,7.78,Active,4.0
3911.0,80.29,100.0,5192.0,5.83,Sedentary,7.0
2734.0,111.27,100.0,1569.0,5.33,Sedentary,6.0
2843.0,70.28,100.0,18887.0,5.65,Sedentary,9.0
1488.0,81.8,98.91,6180.0,6.33,Highly Active,5.0
3976.0,65.99,98.33,15144.0,5.86,Highly Active,4.0
2959.0,69.28,98.85,1128.0,7.86,Highly Active,3.0
2663.0,69.88,99.28,1084.0,10.5,Active,10.0
3598.0,93.54,100.0,13130.0,7.37,Sedentary,8.0
3385.0,78.12,95.6,5875.0,3.58,Sedentary,8.0
3919.0,78.12,98.79,19531.0,6.73,Highly Active,10.0
1640.0,76.4,99.35,1112.0,4.72,Sedentary,3.0
2802.0,60.39,100.0,185.0,5.89,Highly Active,10.0
3520.0,68.39,97.73,17385.0,6.45,Highly Active,10.0
2969.0,92.26,98.51,8401.0,6.11,Active,1.0
3198.0,54.85,98.1,11522.0,4.95,Highly Active,9.0
2438.0,54.85,98.94,2457.0,7.28,Highly Active,7.0
4369.0,50.09,97.21,22.0,3.51,Sedentary,4.0
2634.0,69.19,99.64,4616.0,7.08,Highly Active,2.0
1262.0,49.66,99.13,32243.0,5.15,Highly Active,3.0
2787.0,50.91,95.44,16667.0,6.92,Highly Active,7.0
3191.0,71.55,96.0,523.0,4.48,Sedentary,1.0
3393.0,79.71,97.98,1456.0,6.85,Active,4.0
1623.0,61.33,100.0,2610.0,8.57,Active,7.0
2016.0,80.42,97.78,12420.0,5.61,Active,9.0
4643.0,76.66,96.29,12189.0,5.58,Sedentary,4.0
1880.0,83.1,96.92,1432.0,7.15,Sedentary,7.0
3049.0,59.39,99.34,5331.0,7.15,Highly Active,4.0
3944.0,104.76,100.0,4877.0,4.43,Highly Active,2.0
2327.0,57.91,97.04,3744.0,8.16,Highly Active,2.0
3301.0,65.62,98.71,5374.0,7.71,Sedentary,7.0
4723.0,82.72,97.24,2425.0,8.42,Sedentary,4.0
1452.0,76.77,99.58,5308.0,7.32,Active,6.0
4108.0,87.7,99.58,8100.0,9.33,Sedentary,6.0
2183.0,70.35,99.87,452.0,3.69,Highly Active,2.0
4062.0,56.6,93.03,23944.0,8.79,Active,9.0
3056.0,52.12,99.56,1265.0,5.92,Sedentary,10.0
4304.0,101.69,97.77,3127.0,5.68,Sedentary,4.0
4170.0,70.46,97.77,4452.0,5.43,Sedentary,9.0
2682.0,72.49,98.03,293.0,7.26,Active,8.0
3863.0,102.02,95.67,5564.0,7.7,Active,4.0
3255.0,67.62,98.43,14280.0,5.8,Active,8.0
1403.0,59.51,98.53,2764.0,10.65,Active,8.0
3199.0,55.32,95.12,5728.0,5.5,Active,6.0
3101.0,103.35,98.45,10498.0,5.91,Highly Active,10.0
4191.0,103.55,99.04,2040.0,8.63,Active,3.0
2696.0,90.32,97.19,5262.0,4.14,Highly Active,3.0
4991.0,89.81,92.0,3198.0,6.87,Highly Active,7.0
1627.0,86.32,97.03,3326.0,2.88,Sedentary,8.0
1586.0,63.91,97.03,692.0,4.43,Active,9.0
2648.0,79.36,97.8,3657.0,4.71,Highly Active,2.0
2443.0,219.2,95.5,1228.0,5.19,Highly Active,9.0
2445.0,40.0,95.42,2509.0,4.63,Active,8.0
1103.0,91.79,99.55,2806.0,6.8,Active,10.0
4923.0,83.32,98.33,3942.0,8.6,Active,6.0
1253.0,55.24,98.99,17415.0,9.56,Sedentary,5.0
4298.0,69.6,96.86,6979.0,4.96,Sedentary,2.0
4183.0,90.78,97.04,25673.0,7.59,Sedentary,5.0
3557.0,76.98,96.72,6252.0,8.31,Sedentary,4.0
2496.0,49.52,96.72,11461.0,6.68,Active,6.0
1098.0,56.8,97.08,12577.0,7.56,Highly Active,1.0
3200.0,232.94,96.01,9403.0,7.19,Highly Active,9.0
2884.0,75.99,96.58,7759.0,7.19,Sedentary,9.0
3961.0,90.88,98.39,3788.0,5.4,Highly Active,2.0
2919.0,102.58,96.0,5864.0,3.51,Sedentary,6.0
1877.0,68.12,98.65,1507.0,5.98,Highly Active,2.0
1337.0,80.28,94.86,6741.0,5.35,Sedentary,4.0
4777.0,45.5,98.61,5055.0,6.08,Active,9.0
3869.0,65.89,97.85,11419.0,7.94,Active,10.0
4234.0,83.64,98.64,16298.0,8.65,Highly Active,6.0
4791.0,72.12,98.65,997.0,6.73,Highly Active,8.0
1956.0,81.78,95.95,8219.0,4.72,Sedentary,2.0
2704.0,81.78,98.11,20977.0,5.92,Sedentary,8.0
1160.0,83.4,95.74,17497.0,5.34,Highly Active,6.0
2603.0,79.96,97.18,12588.0,6.69,Highly Active,1.0
3848.0,77.86,99.88,347.0,5.8,Active,8.0
1397.0,77.86,96.03,2037.0,7.85,Active,4.0
2300.0,61.14,97.89,1124.0,5.23,Highly Active,8.0
1815.0,95.33,96.38,18315.0,9.78,Highly Active,5.0
4987.0,86.89,98.61,9673.0,6.5,Active,2.0
2527.0,63.16,99.85,5312.0,6.96,Highly Active,7.0
2919.0,75.96,97.06,27177.0,4.08,Highly Active,2.0
2415.0,54.12,98.43,1516.0,8.07,Sedentary,6.0
2158.0,67.83,97.56,7182.0,6.57,Highly Active,6.0
2218.0,83.04,96.05,6580.0,6.81,Sedentary,6.0
1400.0,78.9,98.71,2913.0,5.15,Sedentary,9.0
1639.0,76.74,98.97,4650.0,8.13,Highly Active,10.0
4104.0,61.75,96.03,1879.0,7.46,Sedentary,5.0
3735.0,58.7,99.73,7913.0,5.68,Active,7.0
1459.0,89.25,100.0,3792.0,6.48,Sedentary,7.0
1954.0,100.4,96.22,167.0,5.16,Highly Active,3.0
4954.0,83.25,100.0,21081.0,5.05,Active,2.0
1469.0,72.42,98.01,4872.0,5.58,Sedentary,7.0
4446.0,93.38,97.86,8561.0,6.09,Active,5.0
2045.0,93.38,100.0,1535.0,6.5,Active,5.0
3797.0,90.8,99.68,953.0,6.43,Sedentary,2.0
2693.0,66.05,96.75,16290.0,5.2,Active,8.0
3085.0,66.79,96.98,6257.0,7.64,Active,4.0
3277.0,70.01,98.65,4760.0,7.64,Highly Active,6.0
4436.0,73.48,98.63,5155.0,7.87,Sedentary,10.0
1562.0,88.72,97.92,1886.0,7.56,Active,2.0
3485.0,55.44,96.59,17068.0,2.75,Highly Active,3.0
2799.0,65.93,96.91,1688.0,5.0,Highly Active,10.0
4354.0,78.14,97.95,1204.0,4.27,Active,6.0
3074.0,83.37,94.83,18619.0,3.84,Highly Active,8.0
1225.0,49.43,99.0,2085.0,8.22,Sedentary,6.0
4348.0,63.14,98.52,13888.0,9.04,Sedentary,9.0
1797.0,48.77,96.13,10365.0,6.5,Active,5.0
3331.0,68.44,94.57,2051.0,5.96,Active,7.0
3926.0,82.54,98.74,9960.0,8.25,Active,9.0
1959.0,40.64,99.8,6372.0,6.92,Sedentary,5.0
2504.0,84.8,98.79,2052.0,5.72,Active,3.0
1452.0,67.36,99.21,15507.0,7.34,Active,3.0
4067.0,69.89,99.33,8935.0,6.5,Active,8.0
4900.0,89.57,98.79,16800.0,6.79,Sedentary,4.0
1815.0,95.17,97.89,4027.0,7.54,Sedentary,10.0
1658.0,65.17,97.36,960.0,12.14,Active,3.0
4587.0,65.07,97.36,18046.0,9.18,Sedentary,2.0
1546.0,69.69,99.21,6439.0,6.73,Active,6.0
2215.0,65.0,100.0,6521.0,5.09,Active,9.0
4120.0,53.47,99.98,6144.0,3.12,Sedentary,10.0
4583.0,74.53,95.66,4476.0,8.43,Active,1.0
1441.0,65.1,96.67,2061.0,8.18,Active,8.0
4243.0,76.47,94.32,6646.0,5.56,Sedentary,4.0
2243.0,100.63,94.89,8876.0,6.37,Sedentary,4.0
3205.0,73.42,94.39,17384.0,6.81,Active,8.0
3524.0,63.66,93.48,524.0,7.39,Highly Active,9.0
2069.0,70.92,97.52,2058.0,8.98,Active,9.0
4444.0,76.93,100.0,10494.0,4.55,Active,6.0
3565.0,72.52,98.71,10446.0,7.51,Active,5.0
3146.0,66.56,99.39,1668.0,6.83,Sedentary,7.0
4963.0,50.15,98.11,1430.0,5.73,Sedentary,2.0
2768.0,84.51,98.29,3203.0,7.71,Sedentary,1.0
3327.0,96.94,97.67,9175.0,6.38,Active,9.0
4420.0,96.94,98.25,7757.0,6.97,Sedentary,4.0
3544.0,67.25,97.19,13699.0,5.81,Active,10.0
1301.0,67.93,95.56,3935.0,7.48,Highly Active,7.0
1180.0,77.25,97.74,7088.0,5.9,Sedentary,2.0
1606.0,62.0,95.65,21546.0,9.04,Highly Active,8.0
4170.0,64.87,99.76,22326.0,6.84,Active,4.0
1699.0,84.34,98.98,516.0,5.49,Active,4.0
1992.0,59.73,100.0,13.0,6.96,Sedentary,6.0
2139.0,83.22,96.43,22529.0,7.98,Sedentary,1.0
1190.0,87.41,95.25,5365.0,4.14,Highly Active,9.0
3300.0,85.01,94.95,8437.0,8.4,Sedentary,1.0
1980.0,78.5,100.0,17061.0,7.01,Active,3.0
3975.0,47.94,97.21,3974.0,6.45,Highly Active,6.0
3006.0,56.84,95.0,4067.0,5.47,Active,9.0
2184.0,54.67,98.94,1279.0,7.02,Active,9.0
4662.0,69.32,97.33,16538.0,5.17,Active,5.0
4394.0,69.32,96.11,7302.0,3.52,Active,9.0
1127.0,57.13,100.0,1391.0,5.43,Sedentary,2.0
3065.0,72.41,97.72,5744.0,6.09,Active,5.0
2816.0,85.26,99.13,2784.0,7.42,Highly Active,8.0
2758.0,60.02,98.87,1114.0,6.17,Sedentary,8.0
3613.0,62.72,100.0,1405.0,4.78,Active,5.0
1569.0,92.71,97.6,5735.0,5.51,Highly Active,8.0
2346.0,61.09,96.0,5817.0,6.53,Active,5.0
2895.0,80.13,96.64,10923.0,7.47,Active,5.0
3733.0,93.59,99.98,1995.0,7.72,Active,2.0
4863.0,57.28,98.5,17325.0,4.46,Highly Active,8.0
1625.0,58.4,97.06,5118.0,6.58,Sedentary,3.0
4359.0,71.53,98.69,1599.0,7.66,Highly Active,9.0
3901.0,71.53,100.0,3732.0,5.19,Sedentary,9.0
2686.0,65.38,100.0,17980.0,9.2,Sedentary,3.0
4009.0,104.57,98.74,4553.0,5.76,Highly Active,1.0
4710.0,83.08,100.0,14540.0,8.03,Active,1.0
1154.0,62.94,95.16,1219.0,7.54,Active,1.0
3537.0,54.51,99.24,17170.0,5.47,Highly Active,1.0
2409.0,74.05,97.64,3942.0,6.52,Highly Active,8.0
1784.0,81.58,95.7,19256.0,8.55,Highly Active,3.0
4175.0,102.61,96.14,14074.0,5.69,Active,3.0
4464.0,76.14,96.37,7551.0,6.77,Sedentary,10.0
4882.0,71.36,98.59,7821.0,4.24,Active,9.0
1245.0,60.35,95.79,1663.0,7.04,Sedentary,5.0
4247.0,80.56,99.42,6464.0,5.89,Highly Active,5.0
4110.0,90.25,99.93,5582.0,7.29,Sedentary,6.0
2500.0,48.19,97.76,2847.0,5.23,Active,10.0
2705.0,76.12,97.59,4931.0,6.98,Sedentary,8.0
1537.0,54.64,97.01,37.0,2.54,Highly Active,2.0
2890.0,100.41,100.0,3778.0,6.5,Sedentary,5.0
2841.0,88.31,93.82,2841.0,8.39,Active,8.0
1920.0,65.91,97.23,22751.0,4.86,Highly Active,7.0
3455.0,72.58,94.87,25519.0,5.53,Highly Active,4.0
1524.0,70.24,99.15,6167.0,8.49,Active,1.0
3875.0,58.12,98.43,5590.0,7.33,Sedentary,8.0
2529.0,66.89,99.51,16347.0,6.01,Sedentary,1.0
3950.0,86.76,98.32,46.0,6.94,Highly Active,1.0
4896.0,66.51,98.78,5783.0,5.56,Active,2.0
1684.0,66.51,98.3,24130.0,7.83,Highly Active,2.0
1019.0,57.24,96.44,2701.0,9.06,Highly Active,1.0
3368.0,92.92,99.22,5149.0,6.64,Highly Active,4.0
4847.0,43.04,96.1,3784.0,4.59,Highly Active,6.0
3559.0,101.77,96.97,15685.0,7.26,Highly Active,2.0
1399.0,89.97,97.83,60278.0,8.38,Active,6.0
3701.0,77.74,97.83,496.0,8.45,Highly Active,9.0
1971.0,68.31,98.06,9218.0,3.97,Active,9.0
2906.0,69.48,100.0,3212.0,3.97,Sedentary,2.0
3518.0,78.04,100.0,1048.0,6.5,Active,4.0
2166.0,77.77,97.39,3640.0,5.62,Active,5.0
2115.0,60.61,98.81,44035.0,7.38,Highly Active,4.0
4636.0,76.02,99.11,3097.0,8.5,Highly Active,10.0
1833.0,78.88,92.11,2274.0,6.83,Sedentary,4.0
2823.0,70.49,94.57,13103.0,4.78,Highly Active,9.0
3774.0,108.59,98.9,14171.0,7.4,Highly Active,9.0
2982.0,72.99,99.02,2897.0,5.22,Sedentary,9.0
1853.0,48.55,98.3,2483.0,6.06,Active,3.0
1050.0,59.85,95.77,7295.0,6.64,Sedentary,3.0
4736.0,85.55,100.0,1607.0,5.5,Sedentary,10.0
4769.0,64.16,99.13,4627.0,7.45,Active,4.0
1574.0,64.16,100.0,1067.0,7.63,Sedentary,9.0
4261.0,95.93,99.87,2544.0,8.04,Active,7.0
2148.0,77.55,98.29,2472.0,8.64,Highly Active,1.0
3197.0,65.98,98.17,8310.0,6.5,Sedentary,6.0
3361.0,40.0,99.81,2322.0,4.66,Highly Active,5.0
3617.0,84.31,96.95,16014.0,4.8,Active,10.0
4413.0,75.23,99.95,28541.0,9.1,Active,3.0
3352.0,94.51,98.35,592.0,8.92,Sedentary,10.0
2715.0,58.58,99.18,3548.0,8.51,Active,9.0
1681.0,69.4,98.36,2515.0,5.62,Sedentary,6.0
1837.0,79.48,96.23,3037.0,9.03,Active,8.0
4854.0,93.84,97.66,2159.0,6.25,Sedentary,2.0
2077.0,78.88,100.0,3376.0,7.01,Sedentary,8.0
4050.0,64.39,99.29,1067.0,7.01,Sedentary,1.0
3491.0,94.47,100.0,2298.0,8.39,Highly Active,4.0
4040.0,77.7,96.86,2952.0,8.56,Highly Active,8.0
3311.0,86.26,94.88,1631.0,6.52,Active,2.0
4124.0,98.45,99.69,804.0,6.2,Highly Active,9.0
2595.0,80.53,97.66,2994.0,6.02,Sedentary,1.0
4051.0,113.81,99.38,7218.0,4.78,Highly Active,4.0
4691.0,73.66,100.0,2045.0,2.3,Highly Active,4.0
1004.0,79.4,100.0,3843.0,8.06,Active,8.0
2126.0,65.72,96.48,21314.0,6.15,Highly Active,8.0
2219.0,79.84,95.96,5626.0,6.5,Sedentary,9.0
1773.0,79.46,97.96,5314.0,7.4,Active,10.0
1876.0,79.46,95.18,3693.0,6.74,Highly Active,3.0
1991.0,81.67,98.71,5697.0,7.92,Active,4.0
3931.0,67.09,98.8,29199.0,8.11,Active,4.0
4421.0,78.85,98.79,2049.0,5.07,Sedentary,7.0
1046.0,64.91,94.62,19922.0,8.8,Sedentary,4.0
3914.0,83.24,100.0,1130.0,7.8,Active,9.0
3870.0,66.61,98.26,824.0,5.19,Active,5.0
3983.0,54.03,97.1,7443.0,5.53,Highly Active,5.0
4891.0,58.05,99.3,2025.0,4.64,Sedentary,1.0
3703.0,57.38,99.27,4114.0,7.44,Highly Active,6.0
1268.0,67.08,95.71,9156.0,6.23,Highly Active,2.0
1369.0,62.29,97.9,5358.0,2.76,Active,4.0
1635.0,74.67,96.8,97.0,5.67,Highly Active,6.0
2129.0,264.47,97.16,2555.0,5.93,Highly Active,7.0
2693.0,82.74,99.05,468.0,6.66,Sedentary,9.0
2682.0,80.74,96.26,18237.0,4.19,Highly Active,7.0
1656.0,70.14,99.11,11081.0,6.67,Active,5.0
1119.0,93.63,96.15,28877.0,8.75,Active,1.0
1830.0,61.1,100.0,15146.0,6.78,Highly Active,10.0
2810.0,90.1,96.7,4515.0,7.38,Sedentary,3.0
4675.0,77.34,100.0,14995.0,8.85,Active,7.0
2081.0,69.08,99.63,14995.0,6.36,Highly Active,7.0
2974.0,91.94,97.62,5205.0,6.31,Sedentary,7.0
2369.0,83.36,96.1,3241.0,7.02,Sedentary,6.0
1740.0,58.87,99.04,7997.0,5.17,Active,10.0
4545.0,80.46,100.0,6243.0,5.46,Sedentary,9.0
2632.0,80.44,99.24,6667.0,3.44,Highly Active,9.0
2853.0,90.11,96.84,3574.0,9.93,Sedentary,6.0
3838.0,83.78,100.0,9411.0,7.75,Active,9.0
2150.0,84.85,98.58,594.0,5.08,Active,8.0
4464.0,68.38,96.7,9066.0,8.04,Active,3.0
2931.0,71.85,100.0,9185.0,5.29,Active,7.0
2012.0,71.22,99.31,5079.0,6.6,Sedentary,2.0
2664.0,51.02,98.82,2139.0,6.59,Active,5.0
2081.0,94.3,97.03,5127.0,5.83,Highly Active,7.0
1633.0,58.21,97.93,919.0,5.28,Sedentary,6.0
1512.0,79.03,96.37,2350.0,8.31,Active,6.0
4822.0,70.03,98.37,3829.0,6.63,Sedentary,2.0
3849.0,71.42,99.1,7830.0,9.02,Sedentary,2.0
2119.0,85.16,94.14,1451.0,4.94,Active,10.0
4709.0,63.3,95.42,1205.0,5.79,Active,3.0
2141.0,81.85,96.18,6552.0,6.43,Active,2.0
1559.0,81.99,94.99,7966.0,8.15,Active,1.0
4672.0,63.37,96.35,612.0,5.32,Active,5.0
1487.0,88.67,100.0,236.0,7.36,Sedentary,1.0
4308.0,95.51,100.0,1114.0,7.01,Sedentary,4.0
4956.0,105.37,96.76,16190.0,8.64,Active,8.0
1896.0,71.07,99.11,7817.0,7.25,Sedentary,9.0
4343.0,77.87,95.7,17770.0,3.81,Sedentary,6.0
2212.0,78.78,100.0,7649.0,4.98,Active,3.0
1703.0,84.99,97.61,23514.0,5.06,Sedentary,4.0
2470.0,101.23,93.95,4045.0,5.82,Active,9.0
1580.0,82.3,100.0,6398.0,8.49,Highly Active,9.0
3908.0,58.58,100.0,22.0,6.55,Active,1.0
3294.0,105.73,99.84,195.0,6.16,Highly Active,7.0
4147.0,67.87,98.59,1099.0,7.31,Highly Active,5.0
1153.0,40.0,94.33,5010.0,5.42,Sedentary,9.0
2679.0,40.86,98.22,3941.0,6.24,Sedentary,6.0
4506.0,79.88,94.88,5432.0,6.23,Sedentary,8.0
1996.0,55.9,97.34,11283.0,6.39,Sedentary,7.0
4157.0,75.81,98.32,12091.0,5.65,Active,1.0
3744.0,52.58,98.32,26410.0,4.5,Sedentary,7.0
4356.0,79.58,96.79,5708.0,7.9,Highly Active,3.0
2243.0,83.46,100.0,2986.0,6.33,Highly Active,8.0
2092.0,77.64,94.93,2577.0,8.19,Active,10.0
4118.0,64.55,96.37,2916.0,7.22,Active,6.0
2008.0,226.26,98.36,2739.0,7.27,Highly Active,6.0
3141.0,69.01,93.35,3494.0,8.2,Sedentary,5.0
2773.0,72.17,95.64,545.0,10.4,Sedentary,2.0
1957.0,67.35,98.93,7025.0,8.46,Sedentary,3.0
4059.0,70.98,99.86,5876.0,7.83,Highly Active,1.0
1452.0,103.07,96.05,4339.0,6.94,Active,5.0
2227.0,74.93,96.94,592.0,8.39,Active,4.0
3959.0,55.96,99.01,685.0,5.38,Active,5.0
3265.0,60.61,94.54,5514.0,7.38,Sedentary,5.0
3521.0,70.86,97.64,261.0,8.42,Sedentary,2.0
3479.0,63.08,97.53,9032.0,7.93,Sedentary,7.0
3388.0,89.24,100.0,35558.0,6.39,Highly Active,10.0
1550.0,53.75,99.07,6369.0,7.18,Active,8.0
2635.0,73.21,98.04,8997.0,6.01,Highly Active,7.0
2312.0,73.21,99.54,4045.0,5.35,Highly Active,7.0
4325.0,65.55,98.44,7706.0,8.68,Highly Active,1.0
2757.0,81.59,96.14,7384.0,5.85,Active,10.0
1356.0,74.4,99.44,12165.0,5.84,Highly Active,4.0
3070.0,74.53,99.72,8698.0,5.87,Sedentary,8.0
2785.0,82.68,97.36,9678.0,5.46,Highly Active,8.0
3569.0,47.12,98.4,5694.0,5.41,Sedentary,1.0
2781.0,93.05,100.0,4639.0,3.91,Sedentary,7.0
4908.0,46.55,98.42,4297.0,4.17,Highly Active,9.0
4171.0,92.04,97.59,3483.0,6.21,Sedentary,6.0
3849.0,81.51,95.99,2165.0,7.18,Sedentary,6.0
4251.0,82.1,96.2,237.0,6.5,Active,6.0
4294.0,99.22,98.19,7784.0,6.77,Sedentary,2.0
4977.0,92.75,96.75,16186.0,8.42,Active,4.0
3809.0,87.21,99.2,18663.0,5.79,Sedentary,9.0
4730.0,70.58,97.16,6082.0,5.02,Active,10.0
3489.0,69.59,100.0,692.0,6.41,Highly Active,2.0
2631.0,87.62,98.46,14764.0,7.28,Active,6.0
3816.0,81.79,94.84,9641.0,5.66,Sedentary,3.0
2015.0,79.52,98.38,2027.0,7.93,Sedentary,5.0
2348.0,74.15,97.26,11391.0,7.2,Highly Active,8.0
1515.0,68.88,99.43,4471.0,9.1,Highly Active,8.0
4087.0,54.15,98.01,15299.0,3.98,Active,9.0
3839.0,84.65,98.83,1992.0,4.38,Active,6.0
1335.0,72.27,100.0,11298.0,5.87,Highly Active,9.0
2782.0,71.3,97.58,8711.0,4.49,Highly Active,3.0
3305.0,47.81,99.47,102.0,8.86,Active,2.0
1496.0,76.39,100.0,5800.0,6.85,Sedentary,1.0
1895.0,54.55,98.62,8800.0,6.01,Active,9.0
3207.0,68.48,94.78,1191.0,8.83,Active,7.0
4546.0,86.89,99.56,5314.0,6.94,Sedentary,2.0
1851.0,75.95,94.02,2538.0,6.19,Highly Active,2.0
2687.0,73.42,100.0,8341.0,5.33,Highly Active,2.0
2931.0,64.1,95.39,5438.0,7.33,Sedentary,1.0
3737.0,66.79,100.0,6800.0,7.28,Sedentary,4.0
4746.0,98.78,98.17,527.0,7.52,Sedentary,5.0
3427.0,86.7,99.75,1038.0,7.71,Sedentary,10.0
2568.0,68.07,99.02,5622.0,8.68,Sedentary,6.0
1956.0,73.42,99.94,1399.0,5.26,Highly Active,2.0
3738.0,78.71,94.06,4834.0,9.86,Active,6.0
4498.0,81.57,96.71,8199.0,9.2,Highly Active,3.0
2636.0,74.64,98.81,11617.0,9.08,Sedentary,1.0
2291.0,48.44,98.1,1080.0,6.19,Active,8.0
4906.0,74.53,97.2,9480.0,5.43,Sedentary,10.0
4648.0,73.61,97.2,3159.0,6.66,Highly Active,5.0
2191.0,115.38,100.0,1099.0,7.79,Sedentary,7.0
4913.0,84.63,100.0,5068.0,6.25,Active,1.0
2066.0,64.84,100.0,12722.0,6.5,Sedentary,7.0
4627.0,85.19,100.0,788.0,5.98,Active,5.0
1284.0,49.52,98.98,12309.0,6.57,Sedentary,7.0
3444.0,67.01,96.13,4220.0,7.58,Active,6.0
1011.0,50.6,97.44,12132.0,6.68,Highly Active,1.0
2630.0,83.26,98.7,12132.0,5.49,Sedentary,3.0
4373.0,56.84,98.3,1218.0,5.15,Sedentary,9.0
4969.0,70.7,95.35,7858.0,8.1,Sedentary,2.0
4324.0,74.34,98.71,1876.0,7.24,Sedentary,7.0
3546.0,74.57,95.76,1020.0,8.58,Highly Active,6.0
1753.0,67.91,100.0,6924.0,8.22,Highly Active,6.0
3082.0,80.05,99.56,800.0,6.08,Highly Active,3.0
3774.0,56.19,97.62,4381.0,8.01,Highly Active,6.0
3896.0,101.09,98.13,7073.0,7.03,Sedentary,5.0
1089.0,59.49,100.0,4847.0,6.33,Active,7.0
1775.0,75.6,95.01,8360.0,10.47,Active,1.0
3652.0,84.37,97.04,11316.0,10.02,Active,1.0
4993.0,85.24,99.07,14404.0,7.48,Active,9.0
4017.0,86.63,93.89,5745.0,5.23,Active,4.0
2625.0,51.11,97.72,2267.0,5.78,Sedentary,1.0
4069.0,61.24,97.11,4989.0,5.69,Sedentary,9.0
1417.0,77.04,100.0,3434.0,7.72,Active,3.0
1616.0,93.86,95.94,5271.0,6.03,Active,7.0
4974.0,67.29,96.23,160.0,9.6,Sedentary,6.0
4267.0,61.43,92.61,6512.0,5.86,Highly Active,4.0
1825.0,66.8,100.0,12066.0,9.3,Sedentary,7.0
4572.0,108.89,98.22,52360.0,8.26,Sedentary,10.0
2649.0,97.51,97.65,52360.0,7.47,Active,6.0
2516.0,72.46,99.88,659.0,5.33,Sedentary,1.0
4146.0,94.27,99.1,1241.0,8.91,Active,8.0
1412.0,66.41,98.03,1045.0,9.46,Active,1.0
4447.0,89.32,96.0,5721.0,6.85,Active,10.0
1728.0,80.35,98.25,19352.0,6.65,Active,4.0
4348.0,90.29,99.34,447.0,8.76,Active,7.0
4068.0,70.1,95.34,3474.0,5.08,Sedentary,8.0
3808.0,84.2,97.83,15708.0,7.98,Active,7.0
1675.0,66.58,100.0,20747.0,2.72,Sedentary,7.0
4465.0,79.55,95.52,4382.0,4.75,Highly Active,6.0
2892.0,67.78,99.49,4692.0,4.91,Active,8.0
3504.0,87.29,95.4,7078.0,6.52,Highly Active,10.0
3967.0,56.03,96.94,3665.0,5.17,Highly Active,6.0
3239.0,59.77,94.04,2748.0,5.19,Active,9.0
3786.0,94.59,98.6,9414.0,6.23,Highly Active,1.0
4760.0,40.0,96.46,6333.0,6.31,Active,10.0
2122.0,65.38,94.01,4600.0,4.77,Highly Active,5.0
2571.0,72.87,98.28,744.0,4.49,Sedentary,9.0
1977.0,80.3,100.0,499.0,5.22,Sedentary,5.0
2008.0,67.83,98.82,5005.0,8.0,Highly Active,7.0
3143.0,58.11,98.82,6763.0,10.46,Sedentary,7.0
2687.0,93.39,99.57,7501.0,8.69,Active,4.0
3710.0,90.8,96.56,15769.0,5.96,Sedentary,4.0
4261.0,69.31,98.22,11858.0,7.12,Active,3.0
4807.0,48.14,100.0,1062.0,6.5,Sedentary,9.0
1036.0,79.59,98.29,11074.0,6.29,Sedentary,5.0
4851.0,77.73,96.33,7896.0,6.66,Sedentary,5.0
4440.0,64.99,98.7,12323.0,6.92,Sedentary,5.0
4766.0,45.67,97.24,12976.0,3.88,Active,1.0
2548.0,70.93,97.93,2968.0,5.57,Active,8.0
3326.0,86.5,99.49,2139.0,6.44,Active,7.0
3264.0,88.76,96.92,5631.0,10.08,Active,2.0
3914.0,74.34,92.29,2483.0,7.46,Active,5.0
1872.0,65.65,97.65,3012.0,8.15,Sedentary,2.0
2821.0,86.02,98.99,502.0,6.33,Active,3.0
2296.0,57.94,100.0,33262.0,8.66,Sedentary,10.0
4952.0,57.94,100.0,2590.0,6.93,Highly Active,8.0
3109.0,73.67,97.33,10601.0,7.74,Active,6.0
1595.0,98.2,98.96,34893.0,6.76,Active,4.0
2903.0,98.76,97.51,24345.0,7.33,Sedentary,6.0
1728.0,55.23,99.77,7034.0,5.79,Highly Active,4.0
2365.0,68.44,97.68,5415.0,9.24,Active,1.0
1396.0,111.51,99.51,2590.0,5.78,Highly Active,2.0
1698.0,64.67,100.0,13839.0,5.08,Sedentary,5.0
4090.0,99.3,100.0,2887.0,6.74,Sedentary,3.0
3224.0,89.64,95.02,790.0,9.31,Highly Active,4.0
2635.0,92.86,94.41,2438.0,5.48,Sedentary,9.0
1395.0,68.31,96.13,2649.0,6.23,Active,4.0
3492.0,68.76,97.89,8873.0,6.88,Sedentary,9.0
4304.0,61.34,96.94,1300.0,4.51,Sedentary,7.0
4986.0,86.98,100.0,2667.0,4.44,Active,1.0
1075.0,50.45,96.42,558.0,8.19,Highly Active,7.0
1264.0,72.55,95.77,13206.0,6.61,Highly Active,8.0
3502.0,99.52,100.0,9031.0,4.91,Highly Active,10.0
2819.0,83.92,99.09,4027.0,6.03,Highly Active,6.0
1717.0,90.04,98.59,3935.0,5.66,Highly Active,7.0
3782.0,50.34,95.77,1274.0,6.51,Active,1.0
4455.0,60.09,100.0,3397.0,6.79,Highly Active,1.0
4635.0,92.76,97.54,16613.0,3.28,Sedentary,7.0
1850.0,92.76,98.27,1045.0,8.5,Highly Active,6.0
4577.0,59.41,98.68,10138.0,6.61,Sedentary,9.0
2390.0,84.4,100.0,338.0,5.54,Active,8.0
1143.0,67.0,98.89,2615.0,7.83,Sedentary,1.0
1884.0,113.06,96.63,13138.0,4.95,Sedentary,7.0
4140.0,83.99,97.99,4121.0,6.03,Active,8.0
4170.0,61.16,99.36,8491.0,4.68,Sedentary,6.0
1395.0,88.22,100.0,765.0,7.62,Highly Active,6.0
4096.0,99.22,97.19,8051.0,8.29,Active,4.0
3995.0,74.91,97.01,11966.0,7.08,Sedentary,6.0
3938.0,63.48,99.52,11452.0,6.22,Highly Active,3.0
2492.0,75.66,96.23,4045.0,4.59,Sedentary,8.0
4555.0,65.81,96.74,16414.0,5.81,Sedentary,6.0
4636.0,71.13,98.05,5989.0,6.85,Sedentary,1.0
4222.0,54.17,98.87,5989.0,5.64,Sedentary,2.0
2167.0,88.13,100.0,1681.0,5.82,Sedentary,5.0
3616.0,57.76,98.33,1652.0,4.82,Highly Active,9.0
2062.0,84.12,98.18,9827.0,5.38,Sedentary,9.0
3156.0,265.54,98.18,7282.0,4.3,Sedentary,3.0
4764.0,78.34,94.93,7896.0,6.91,Active,2.0
2065.0,78.34,98.16,1890.0,6.57,Sedentary,8.0
2209.0,77.94,100.0,3571.0,6.64,Active,3.0
3982.0,81.49,99.57,2092.0,5.96,Highly Active,4.0
3445.0,69.74,97.95,494.0,5.61,Highly Active,2.0
4294.0,49.06,99.47,1597.0,6.05,Active,6.0
1633.0,49.06,95.53,37322.0,5.86,Sedentary,7.0
2156.0,80.86,98.87,1866.0,6.73,Sedentary,9.0
4234.0,53.51,97.93,1215.0,9.25,Active,1.0
2238.0,60.28,98.21,8355.0,6.22,Highly Active,2.0
1732.0,69.78,97.26,6452.0,5.61,Highly Active,2.0
1234.0,40.58,100.0,9593.0,6.13,Sedentary,5.0
4914.0,85.62,97.01,7423.0,5.76,Active,3.0
3705.0,67.67,95.87,1766.0,5.76,Highly Active,6.0
1750.0,79.33,95.04,4865.0,5.62,Highly Active,10.0
3635.0,59.07,93.69,1361.0,7.53,Active,7.0
4080.0,105.26,93.69,2047.0,7.51,Active,4.0
4145.0,105.26,96.43,30355.0,7.85,Highly Active,6.0
1953.0,67.52,95.39,9131.0,8.17,Active,4.0
3539.0,92.99,97.47,10690.0,5.95,Active,9.0
3960.0,57.76,99.37,214.0,4.15,Sedentary,7.0
4324.0,76.37,97.8,3370.0,9.45,Sedentary,7.0
4301.0,76.37,98.27,3370.0,3.11,Highly Active,1.0
2542.0,52.4,100.0,1135.0,5.99,Sedentary,4.0
3492.0,64.97,99.65,13212.0,4.36,Sedentary,6.0
2676.0,77.85,98.22,1053.0,7.1,Active,10.0
2191.0,81.8,96.03,7084.0,5.06,Highly Active,8.0
3217.0,62.67,96.91,5639.0,8.2,Highly Active,9.0
2416.0,102.61,98.06,13248.0,6.85,Highly Active,3.0
3993.0,82.21,99.44,2616.0,8.77,Highly Active,4.0
3842.0,86.65,98.68,2339.0,6.65,Active,1.0
3681.0,85.77,96.76,13114.0,8.24,Active,8.0
2217.0,51.55,98.8,1752.0,4.87,Highly Active,1.0
2540.0,73.28,100.0,9594.0,7.98,Highly Active,5.0
3076.0,74.76,98.58,1485.0,6.3,Sedentary,9.0
4236.0,71.18,99.23,14595.0,6.86,Highly Active,5.0
2445.0,78.11,97.31,12787.0,7.89,Sedentary,7.0
3386.0,78.11,97.62,10840.0,7.08,Sedentary,7.0
4719.0,76.92,94.63,4734.0,5.31,Sedentary,5.0
2519.0,70.45,98.27,241.0,5.77,Highly Active,3.0
2388.0,43.26,92.48,995.0,4.91,Highly Active,10.0
2856.0,81.34,94.95,4269.0,7.57,Sedentary,9.0
2365.0,57.28,98.67,312.0,5.98,Highly Active,3.0
1499.0,69.29,96.02,459.0,5.83,Active,7.0
2680.0,71.18,94.04,939.0,6.8,Active,8.0
1510.0,47.31,98.14,2116.0,6.14,Sedentary,6.0
4398.0,47.31,94.92,9685.0,8.25,Highly Active,7.0
1216.0,83.18,100.0,344.0,7.68,Sedentary,9.0
2324.0,65.94,98.95,28790.0,7.58,Sedentary,2.0
2155.0,69.11,100.0,2240.0,5.88,Active,7.0
2827.0,76.09,98.78,2702.0,7.56,Active,3.0
4141.0,48.63,100.0,1994.0,7.26,Highly Active,3.0
4323.0,68.88,96.07,6456.0,4.68,Highly Active,1.0
4486.0,73.34,96.79,137.0,6.13,Highly Active,10.0
2810.0,101.47,98.58,688.0,6.24,Sedentary,4.0
3492.0,61.2,97.75,728.0,8.74,Active,5.0
3923.0,86.83,98.29,7646.0,5.87,Active,10.0
2205.0,74.97,97.94,2798.0,7.22,Sedentary,10.0
3214.0,57.97,97.59,4027.0,7.22,Active,9.0
1713.0,57.97,96.53,1562.0,6.92,Highly Active,5.0
2881.0,86.65,96.21,509.0,9.55,Active,7.0
4602.0,67.2,96.04,4077.0,4.15,Sedentary,6.0
1038.0,80.16,98.13,1254.0,5.59,Active,1.0
4197.0,59.44,96.57,1094.0,6.91,Highly Active,1.0
1850.0,72.35,96.95,3695.0,7.05,Sedentary,1.0
1172.0,68.56,100.0,7753.0,6.74,Highly Active,7.0
1652.0,88.98,98.96,1947.0,7.32,Active,5.0
1753.0,81.94,99.62,14610.0,8.39,Active,1.0
2243.0,64.86,100.0,3151.0,6.58,Highly Active,3.0
4709.0,66.35,100.0,19032.0,6.39,Sedentary,4.0
2081.0,74.56,97.98,4746.0,7.39,Sedentary,6.0
2683.0,72.58,98.55,9081.0,9.48,Highly Active,6.0
3523.0,70.81,96.97,13234.0,7.4,Sedentary,6.0
1455.0,69.72,96.97,5281.0,8.06,Active,10.0
1828.0,95.69,95.02,13295.0,4.14,Active,10.0
1894.0,95.69,95.97,3324.0,6.23,Highly Active,8.0
2384.0,79.5,96.95,3161.0,4.68,Sedentary,2.0
2958.0,111.34,98.4,11061.0,6.52,Highly Active,4.0
4072.0,62.3,95.72,1933.0,8.64,Sedentary,3.0
3434.0,77.89,96.06,8837.0,4.56,Highly Active,1.0
2996.0,78.67,96.06,562.0,9.11,Highly Active,10.0
3395.0,74.83,96.63,7067.0,6.49,Sedentary,6.0
1189.0,75.62,98.12,19920.0,7.84,Highly Active,2.0
1504.0,61.82,98.1,4268.0,8.04,Active,6.0
2214.0,80.38,97.36,3765.0,9.49,Highly Active,3.0
2531.0,47.44,97.5,5444.0,7.37,Sedentary,10.0
4440.0,101.97,98.01,8900.0,5.19,Sedentary,9.0
4480.0,100.7,100.0,3111.0,8.02,Sedentary,5.0
1823.0,70.06,97.28,1.0,2.49,Active,5.0
1928.0,90.78,97.72,4881.0,5.14,Highly Active,9.0
1933.0,70.6,95.41,3804.0,5.63,Highly Active,8.0
2140.0,75.15,98.94,5326.0,3.34,Highly Active,6.0
1133.0,64.79,97.87,8795.0,9.03,Highly Active,6.0
4627.0,66.28,95.64,4926.0,7.18,Sedentary,9.0
1684.0,86.78,98.7,2045.0,7.97,Sedentary,2.0
3719.0,74.37,95.82,4305.0,6.5,Active,2.0
3220.0,74.74,95.82,2957.0,7.8,Sedentary,10.0
2852.0,52.63,100.0,3224.0,8.39,Sedentary,2.0
1814.0,75.9,100.0,6062.0,4.33,Active,3.0
2172.0,57.81,98.06,8190.0,7.87,Sedentary,10.0
1079.0,75.92,99.25,89.0,8.19,Active,5.0
3933.0,104.1,96.61,14649.0,6.5,Active,1.0
4284.0,54.16,95.37,3172.0,6.15,Active,7.0
1202.0,72.8,98.27,7222.0,5.34,Active,7.0
3811.0,65.47,96.8,914.0,6.97,Active,6.0
2252.0,59.4,95.26,5932.0,7.09,Highly Active,4.0
2699.0,63.13,94.58,7942.0,6.79,Active,5.0
2250.0,97.06,97.4,1199.0,5.35,Active,2.0
2682.0,101.05,99.99,17025.0,8.56,Highly Active,4.0
2555.0,59.3,97.69,9916.0,5.63,Active,5.0
4512.0,81.01,97.59,5344.0,7.33,Active,5.0
4473.0,61.22,97.89,1271.0,7.68,Sedentary,7.0
3094.0,64.83,96.09,14046.0,3.93,Sedentary,1.0
2256.0,44.26,97.12,498.0,7.0,Sedentary,9.0
4376.0,106.98,100.0,857.0,8.38,Highly Active,2.0
2549.0,91.47,100.0,8385.0,6.48,Sedentary,1.0
2166.0,65.22,100.0,2050.0,7.85,Highly Active,7.0
3090.0,79.27,99.54,4304.0,5.48,Sedentary,8.0
4584.0,69.0,100.0,5419.0,8.08,Sedentary,6.0
2396.0,89.19,95.82,4290.0,4.79,Highly Active,2.0
4637.0,69.88,100.0,613.0,6.47,Active,4.0
4957.0,72.08,93.89,9362.0,8.35,Sedentary,8.0
4330.0,65.07,97.35,1921.0,6.5,Active,10.0
3703.0,84.06,91.06,9390.0,4.55,Active,4.0
1470.0,108.14,99.5,14032.0,6.18,Highly Active,4.0
4018.0,70.74,95.67,5381.0,5.6,Sedentary,1.0
2035.0,70.56,95.88,8578.0,8.27,Active,2.0
2353.0,74.62,100.0,263.0,6.39,Sedentary,10.0
3783.0,78.9,97.51,262.0,6.72,Sedentary,3.0
3831.0,70.52,99.28,1537.0,7.22,Sedentary,10.0
1967.0,70.52,97.07,3106.0,4.68,Sedentary,6.0
1357.0,76.24,96.1,1413.0,6.95,Highly Active,5.0
3593.0,48.73,99.79,7054.0,4.98,Active,3.0
4479.0,66.79,98.34,2269.0,5.77,Sedentary,3.0
1667.0,44.99,98.43,13084.0,5.83,Active,3.0
1372.0,67.61,96.81,5756.0,7.23,Sedentary,10.0
2031.0,60.78,97.67,3325.0,5.31,Highly Active,8.0
2145.0,84.4,96.8,15650.0,5.79,Active,10.0
2371.0,63.97,99.52,12337.0,6.99,Active,9.0
3723.0,69.52,98.06,12005.0,8.58,Sedentary,10.0
1089.0,42.78,99.25,9123.0,7.16,Active,1.0
4719.0,42.78,97.36,6667.0,8.2,Sedentary,1.0
3745.0,58.7,100.0,3199.0,8.2,Highly Active,5.0
4387.0,67.76,97.87,3845.0,8.65,Highly Active,5.0
4249.0,86.67,98.71,7291.0,5.21,Sedentary,3.0
1539.0,86.73,99.16,1329.0,5.59,Active,9.0
3779.0,58.34,96.33,12314.0,6.5,Highly Active,9.0
1868.0,82.9,97.31,19540.0,6.76,Sedentary,7.0
1040.0,57.77,99.14,722.0,5.38,Highly Active,8.0
1739.0,78.48,94.92,159.0,5.58,Active,7.0
4775.0,63.24,94.92,1078.0,4.43,Sedentary,2.0
2946.0,59.77,95.19,9987.0,6.52,Sedentary,4.0
3549.0,75.53,95.02,799.0,6.0,Highly Active,3.0
4006.0,64.15,95.8,3259.0,7.5,Active,4.0
4216.0,105.28,98.94,456.0,9.08,Active,8.0
2224.0,65.73,100.0,3966.0,4.62,Highly Active,9.0
1928.0,57.12,95.46,6482.0,7.39,Highly Active,7.0
3036.0,61.52,98.13,6932.0,4.2,Sedentary,9.0
4795.0,74.74,99.97,5122.0,7.15,Sedentary,2.0
3779.0,79.64,96.64,5302.0,4.48,Highly Active,4.0
3799.0,88.67,99.37,13725.0,10.33,Active,4.0
1924.0,49.94,96.97,34759.0,9.72,Sedentary,10.0
3956.0,89.36,97.72,1827.0,5.44,Active,10.0
2581.0,61.29,96.22,2160.0,9.35,Sedentary,9.0
4618.0,81.02,100.0,5165.0,6.44,Highly Active,1.0
4324.0,100.82,98.59,1409.0,4.44,Sedentary,4.0
1389.0,63.03,97.42,5813.0,7.47,Active,2.0
2617.0,62.4,98.66,8073.0,7.92,Active,4.0
3930.0,59.64,98.18,436.0,7.63,Active,7.0
1255.0,69.93,98.62,8007.0,3.97,Active,2.0
1708.0,93.98,99.54,1216.0,4.79,Active,6.0
2838.0,58.29,98.63,2490.0,7.91,Highly Active,2.0
2944.0,67.59,96.36,9398.0,4.77,Sedentary,3.0
3497.0,89.64,94.52,1250.0,8.03,Highly Active,5.0
1009.0,84.36,99.52,5310.0,5.96,Sedentary,5.0
3871.0,67.5,96.88,6227.0,4.03,Highly Active,4.0
1797.0,71.84,100.0,1257.0,4.52,Highly Active,9.0
4313.0,88.74,95.06,2249.0,7.18,Active,6.0
4322.0,98.73,96.15,6528.0,7.25,Active,2.0
1876.0,100.52,97.75,4329.0,8.84,Active,9.0
2028.0,95.7,97.75,7551.0,6.53,Sedentary,8.0
4190.0,64.95,99.9,13504.0,6.2,Highly Active,9.0
3492.0,102.28,100.0,1015.0,9.2,Sedentary,5.0
2824.0,63.92,97.9,513.0,5.24,Active,7.0
1373.0,50.23,99.51,7692.0,6.08,Active,6.0
4136.0,76.69,94.32,10307.0,7.21,Sedentary,5.0
3193.0,97.14,97.34,4176.0,5.16,Sedentary,7.0
1223.0,84.95,97.34,3505.0,5.16,Highly Active,8.0
2262.0,73.89,98.14,6358.0,6.51,Active,2.0
3224.0,79.37,100.0,5612.0,8.2,Sedentary,4.0
2802.0,82.98,96.12,4716.0,5.87,Highly Active,7.0
1852.0,77.21,99.79,11953.0,5.54,Active,7.0
4353.0,70.57,97.03,1334.0,9.38,Highly Active,5.0
1062.0,63.89,98.99,8003.0,7.78,Sedentary,1.0
2240.0,76.68,96.27,9466.0,8.13,Active,6.0
4925.0,73.16,98.29,16210.0,7.75,Sedentary,1.0
3874.0,75.05,99.75,20316.0,5.49,Active,6.0
3842.0,90.69,99.55,4963.0,5.06,Sedentary,3.0
2484.0,71.88,99.64,4907.0,5.64,Highly Active,2.0
2633.0,77.85,99.29,9233.0,8.3,Sedentary,2.0
4170.0,58.62,98.38,1339.0,7.91,Active,10.0
1510.0,91.38,99.77,16676.0,7.73,Highly Active,6.0
1384.0,70.52,100.0,1522.0,8.9,Sedentary,7.0
1404.0,74.09,99.11,1816.0,7.7,Highly Active,4.0
3870.0,55.32,99.11,19632.0,6.82,Highly Active,1.0
1517.0,103.21,98.8,2440.0,4.55,Active,4.0
1475.0,78.34,100.0,2402.0,9.41,Highly Active,5.0
3000.0,84.88,96.7,18012.0,8.1,Highly Active,1.0
3756.0,52.52,95.38,3291.0,7.14,Active,7.0
4934.0,65.37,99.01,4768.0,6.82,Sedentary,10.0
2668.0,81.19,98.12,5753.0,3.83,Sedentary,8.0
2893.0,72.59,98.17,14190.0,7.13,Highly Active,9.0
3818.0,81.7,97.6,565.0,5.7,Active,4.0
2460.0,106.54,96.9,2116.0,4.04,Sedentary,10.0
4094.0,82.57,96.9,6190.0,5.77,Sedentary,8.0
4044.0,68.27,98.58,3992.0,6.86,Highly Active,10.0
4636.0,65.23,99.43,2283.0,7.06,Highly Active,7.0
3724.0,63.52,97.29,3689.0,4.73,Sedentary,1.0
1713.0,68.59,100.0,23720.0,4.46,Sedentary,4.0
4529.0,69.22,98.08,149.0,6.05,Highly Active,5.0
1082.0,76.78,99.53,1113.0,7.36,Highly Active,10.0
2168.0,82.92,97.15,132.0,5.31,Sedentary,3.0
4156.0,81.53,98.3,6299.0,5.83,Highly Active,2.0
4149.0,76.98,98.7,91.0,6.78,Active,8.0
1983.0,78.02,97.79,4236.0,5.27,Sedentary,3.0
2901.0,113.04,95.67,13723.0,3.49,Sedentary,10.0
3048.0,64.16,100.0,716.0,6.97,Sedentary,8.0
1050.0,74.45,97.73,3181.0,3.88,Highly Active,6.0
1684.0,48.22,93.98,3324.0,6.5,Active,7.0
1716.0,69.26,97.05,3149.0,6.17,Highly Active,9.0
4843.0,61.52,100.0,9100.0,6.16,Active,8.0
2469.0,64.05,100.0,31.0,4.85,Sedentary,7.0
1448.0,57.21,98.55,10598.0,6.0,Active,4.0
1880.0,54.72,99.69,12786.0,5.18,Active,5.0
1487.0,76.83,100.0,3953.0,10.77,Highly Active,8.0
2823.0,85.65,98.23,15272.0,5.29,Highly Active,9.0
3081.0,63.43,100.0,3358.0,8.06,Sedentary,1.0
4419.0,44.58,96.41,8306.0,5.65,Active,10.0
4172.0,76.67,95.87,3447.0,6.86,Active,6.0
4143.0,82.04,98.03,270.0,6.51,Sedentary,1.0
2574.0,85.11,99.48,610.0,6.25,Active,3.0
1249.0,85.11,97.8,32304.0,6.87,Active,4.0
1673.0,58.35,96.35,1368.0,8.56,Sedentary,10.0
3756.0,63.91,100.0,15815.0,4.8,Active,7.0
3165.0,63.15,97.62,17627.0,3.85,Sedentary,9.0
1770.0,67.35,95.99,17627.0,5.25,Sedentary,4.0
4962.0,71.23,99.16,4337.0,6.69,Sedentary,5.0
1267.0,62.32,98.19,10300.0,8.81,Active,4.0
2984.0,72.9,98.15,925.0,8.63,Highly Active,4.0
2077.0,61.4,99.51,2789.0,5.82,Highly Active,9.0
1235.0,48.67,99.87,1310.0,8.82,Active,10.0
1388.0,83.11,95.65,14750.0,7.13,Sedentary,1.0
4037.0,65.06,100.0,512.0,5.41,Highly Active,3.0
4805.0,49.0,97.76,9640.0,6.32,Highly Active,6.0
1762.0,83.41,97.76,4055.0,6.21,Active,1.0
2848.0,71.24,95.74,8777.0,5.4,Active,3.0
3448.0,81.79,97.35,15444.0,5.55,Sedentary,6.0
1623.0,81.28,100.0,2905.0,7.18,Active,4.0
3814.0,58.58,100.0,1802.0,5.9,Highly Active,2.0
4374.0,88.96,98.92,7353.0,6.08,Highly Active,2.0
3966.0,47.51,93.06,42013.0,6.19,Sedentary,5.0
4278.0,69.04,96.56,9153.0,6.25,Sedentary,3.0
2252.0,68.05,98.87,11114.0,7.88,Sedentary,4.0
3900.0,63.35,97.14,6957.0,5.26,Sedentary,2.0
4981.0,93.39,99.31,3214.0,6.85,Highly Active,2.0
1577.0,79.52,99.6,7442.0,4.23,Sedentary,6.0
3122.0,53.88,100.0,963.0,5.72,Active,2.0
1434.0,56.05,94.39,4697.0,4.54,Active,1.0
3150.0,107.31,97.26,5958.0,8.93,Highly Active,9.0
4493.0,67.85,96.46,16607.0,6.7,Sedentary,1.0
4775.0,63.06,96.87,17656.0,5.86,Sedentary,4.0
1763.0,63.06,97.84,434.0,3.89,Active,3.0
3785.0,48.34,98.49,6995.0,4.49,Active,7.0
3853.0,95.81,99.31,11141.0,7.78,Active,1.0
2329.0,63.03,96.46,5382.0,7.03,Highly Active,4.0
3145.0,82.72,97.36,704.0,4.34,Active,6.0
4921.0,67.82,98.25,1854.0,4.35,Active,9.0
3845.0,51.38,98.14,2635.0,9.27,Highly Active,7.0
2358.0,77.68,96.86,7610.0,8.53,Highly Active,2.0
3906.0,89.22,96.77,475.0,6.94,Sedentary,9.0
3482.0,40.0,97.61,5584.0,6.67,Active,9.0
1446.0,57.66,95.04,807.0,6.25,Sedentary,3.0
3017.0,93.57,95.04,3519.0,4.61,Active,3.0
2331.0,80.96,97.63,3880.0,7.79,Active,2.0
1248.0,81.96,98.15,4208.0,6.21,Sedentary,3.0
1165.0,81.96,100.0,8686.0,7.6,Highly Active,6.0
4552.0,82.02,94.79,593.0,5.89,Active,9.0
4031.0,77.21,98.88,2186.0,7.04,Active,5.0
2358.0,91.74,100.0,7174.0,5.78,Highly Active,1.0
2019.0,69.15,98.57,20123.0,6.6,Highly Active,9.0
1541.0,74.75,96.65,6788.0,7.7,Highly Active,9.0
1758.0,74.75,97.32,15041.0,5.7,Active,1.0
4177.0,74.75,100.0,24184.0,9.53,Highly Active,3.0
4634.0,96.37,100.0,15073.0,5.63,Active,4.0
3128.0,79.37,96.71,25081.0,6.7,Highly Active,8.0
3180.0,57.77,96.48,10505.0,8.57,Highly Active,3.0
1796.0,72.1,98.81,15272.0,8.68,Sedentary,6.0
3947.0,54.21,98.91,4733.0,7.2,Active,7.0
1137.0,76.29,100.0,2967.0,6.9,Active,2.0
3231.0,69.32,97.59,57035.0,6.6,Sedentary,5.0
4472.0,62.03,95.0,720.0,8.53,Active,4.0
2353.0,48.3,97.45,22224.0,7.94,Highly Active,4.0
3832.0,63.12,97.04,3946.0,8.13,Active,1.0
4579.0,72.29,92.58,158.0,8.95,Active,5.0
2875.0,69.42,97.45,11372.0,7.19,Sedentary,7.0
4031.0,53.7,99.92,4112.0,5.89,Highly Active,8.0
1068.0,75.32,99.5,11220.0,7.03,Active,8.0
3593.0,60.22,97.35,321.0,6.58,Active,7.0
4845.0,88.83,97.15,25587.0,6.22,Sedentary,9.0
3100.0,91.04,96.96,7783.0,5.89,Sedentary,4.0
2473.0,71.14,96.92,344.0,7.32,Active,4.0
1204.0,98.64,99.61,33.0,7.46,Active,7.0
3173.0,72.89,100.0,6310.0,5.46,Highly Active,2.0
4818.0,55.49,99.51,26255.0,6.97,Active,9.0
1042.0,92.78,96.55,5196.0,8.93,Highly Active,5.0
4823.0,99.21,96.37,3058.0,5.38,Active,5.0
2906.0,89.92,100.0,19570.0,8.55,Highly Active,6.0
3158.0,63.54,98.16,28926.0,8.55,Highly Active,4.0
1760.0,56.47,96.53,10743.0,7.04,Sedentary,1.0
4734.0,69.75,98.18,8859.0,3.83,Active,5.0
4254.0,112.15,95.32,14.0,7.46,Highly Active,7.0
3895.0,57.35,95.64,2635.0,6.17,Highly Active,4.0
3142.0,87.31,96.78,18148.0,3.88,Sedentary,3.0
2994.0,73.61,99.79,3214.0,5.79,Sedentary,8.0
4445.0,89.16,97.43,2851.0,9.15,Sedentary,9.0
2935.0,56.1,99.39,5393.0,7.35,Sedentary,2.0
4591.0,71.26,98.36,4157.0,6.67,Highly Active,2.0
1899.0,61.53,95.24,13703.0,7.3,Highly Active,6.0
1359.0,62.38,100.0,597.0,8.01,Highly Active,6.0
3947.0,86.05,95.58,7526.0,8.79,Active,6.0
2719.0,58.21,96.83,8363.0,6.06,Highly Active,1.0
1280.0,79.35,96.83,14848.0,7.39,Active,10.0
4266.0,79.35,99.59,3762.0,7.21,Highly Active,6.0
2887.0,60.69,96.75,2447.0,6.66,Active,2.0
4266.0,63.93,96.26,6895.0,6.22,Active,5.0
1666.0,80.01,99.71,9035.0,8.91,Sedentary,9.0
1092.0,74.62,97.44,1313.0,6.89,Highly Active,10.0
1671.0,75.57,99.27,1205.0,4.67,Active,2.0
2969.0,71.51,100.0,2142.0,2.14,Active,2.0
1060.0,71.51,97.12,1994.0,7.93,Active,2.0
3681.0,74.68,98.88,9722.0,5.85,Active,6.0
4122.0,96.59,95.56,5296.0,6.27,Active,9.0
4474.0,96.59,96.83,5555.0,7.11,Highly Active,2.0
4860.0,73.04,98.61,104.0,10.19,Active,6.0
2028.0,58.77,100.0,36119.0,8.53,Sedentary,10.0
2489.0,68.71,94.91,12395.0,6.16,Sedentary,7.0
1603.0,61.2,98.76,4105.0,7.6,Active,2.0
1681.0,63.05,95.72,485.0,5.6,Active,2.0
4900.0,46.94,97.42,8296.0,7.66,Highly Active,2.0
3581.0,74.83,96.87,5361.0,5.27,Active,4.0
2428.0,106.02,96.48,7922.0,6.77,Active,9.0
4584.0,85.91,95.99,1177.0,4.92,Active,3.0
3692.0,89.4,91.51,2791.0,5.62,Sedentary,8.0
3280.0,70.7,97.13,125.0,3.24,Highly Active,1.0
1523.0,71.7,96.38,28225.0,5.93,Sedentary,6.0
3393.0,54.05,97.1,11496.0,8.17,Highly Active,9.0
4117.0,77.95,96.39,18497.0,9.5,Active,4.0
3593.0,75.84,98.99,316.0,8.74,Active,8.0
2968.0,62.16,99.14,4857.0,5.92,Active,1.0
2101.0,92.23,95.39,9633.0,6.49,Highly Active,2.0
2753.0,63.35,100.0,766.0,6.39,Sedentary,8.0
2836.0,117.71,99.31,10507.0,6.19,Highly Active,9.0
4994.0,81.05,97.06,7299.0,7.96,Active,5.0
4144.0,74.67,97.72,29377.0,5.67,Sedentary,6.0
3296.0,40.75,97.08,6946.0,6.71,Active,8.0
3094.0,70.71,99.46,20580.0,4.75,Highly Active,4.0
2144.0,68.5,98.58,9529.0,6.35,Sedentary,6.0
3261.0,207.1,99.65,2868.0,7.22,Active,7.0
3286.0,78.39,99.15,889.0,7.97,Sedentary,7.0
2079.0,71.84,96.77,23224.0,7.63,Highly Active,6.0
3397.0,96.02,98.28,522.0,6.03,Highly Active,6.0
1106.0,81.53,99.65,25869.0,5.72,Active,6.0
3878.0,82.26,99.47,2532.0,9.1,Highly Active,2.0
1047.0,82.26,99.3,13778.0,6.54,Sedentary,9.0
4644.0,55.67,97.54,5657.0,4.8,Highly Active,7.0
1336.0,78.03,100.0,17060.0,5.62,Sedentary,2.0
2049.0,78.55,98.67,3893.0,3.56,Sedentary,1.0
3851.0,58.14,100.0,13271.0,4.06,Highly Active,6.0
2280.0,88.29,95.64,1906.0,5.71,Highly Active,2.0
3055.0,44.44,97.4,4401.0,5.31,Sedentary,5.0
1624.0,112.8,97.65,13109.0,5.47,Sedentary,10.0
2890.0,74.44,99.66,882.0,7.66,Sedentary,6.0
1798.0,62.17,96.43,9130.0,7.81,Sedentary,8.0
2715.0,84.27,96.41,4020.0,4.75,Highly Active,4.0
3766.0,84.39,99.91,5040.0,9.34,Sedentary,3.0
1302.0,84.39,97.7,6056.0,6.65,Highly Active,4.0
1638.0,101.73,99.13,2257.0,6.51,Active,10.0
1055.0,55.05,96.34,709.0,5.31,Highly Active,7.0
1725.0,70.95,99.4,132.0,6.05,Sedentary,4.0
1525.0,61.36,99.7,3946.0,9.54,Sedentary,4.0
1473.0,86.13,100.0,2192.0,4.88,Highly Active,3.0
1027.0,86.13,95.99,7015.0,6.9,Highly Active,7.0
3125.0,55.25,95.61,8810.0,5.69,Sedentary,6.0
4287.0,74.05,97.81,4905.0,3.79,Sedentary,1.0
4457.0,65.52,100.0,6754.0,4.2,Active,9.0
1364.0,87.67,96.21,5759.0,7.42,Highly Active,5.0
3713.0,81.14,95.84,32.0,3.92,Active,5.0
1525.0,92.64,97.0,12903.0,4.65,Highly Active,3.0
3746.0,68.68,98.37,430.0,7.73,Sedentary,8.0
2335.0,73.25,98.23,3697.0,7.55,Sedentary,6.0
1882.0,80.91,96.22,824.0,6.59,Active,10.0
2030.0,70.93,96.53,7599.0,4.73,Sedentary,4.0
2026.0,79.49,97.81,2757.0,4.73,Highly Active,10.0
2646.0,94.05,96.51,517.0,4.51,Sedentary,2.0
1918.0,107.0,95.89,325.0,6.3,Active,4.0
3797.0,67.68,99.06,1895.0,7.46,Highly Active,1.0
3410.0,107.21,96.84,7703.0,5.86,Active,1.0
2774.0,67.47,97.0,8866.0,7.83,Active,8.0
2531.0,88.03,97.31,962.0,8.92,Active,4.0
4345.0,67.58,98.58,1049.0,7.09,Sedentary,9.0
4577.0,59.56,98.11,6296.0,4.62,Highly Active,6.0
3853.0,93.34,96.88,22069.0,6.63,Sedentary,10.0
3786.0,93.34,97.71,5635.0,8.53,Sedentary,4.0
2906.0,94.26,97.58,8707.0,5.55,Sedentary,9.0
4086.0,86.28,100.0,5997.0,5.51,Active,10.0
2215.0,81.17,97.96,775.0,8.21,Sedentary,1.0
2654.0,83.27,96.36,775.0,4.35,Sedentary,4.0
1484.0,91.33,96.36,523.0,6.5,Sedentary,7.0
3075.0,88.9,99.89,9986.0,5.57,Active,3.0
1713.0,68.93,97.83,27161.0,5.85,Active,10.0
2062.0,81.34,98.64,2689.0,9.06,Active,10.0
2976.0,97.51,99.56,1318.0,5.78,Active,10.0
2296.0,75.68,96.49,5846.0,6.68,Sedentary,4.0
2254.0,67.59,96.45,11095.0,8.05,Highly Active,9.0
3133.0,65.68,98.12,20897.0,4.58,Highly Active,10.0
4545.0,87.74,100.0,8282.0,7.75,Highly Active,4.0
1125.0,71.39,96.56,2865.0,5.83,Sedentary,4.0
3859.0,80.43,96.95,4773.0,4.58,Sedentary,10.0
1536.0,70.68,99.67,10025.0,5.76,Highly Active,10.0
3192.0,92.61,99.19,10856.0,6.59,Active,2.0
4596.0,77.25,97.0,541.0,6.86,Sedentary,2.0
4283.0,96.42,94.83,6659.0,5.38,Active,4.0
3072.0,95.87,94.83,23958.0,6.18,Sedentary,2.0
2603.0,73.68,100.0,10768.0,4.41,Sedentary,2.0
4465.0,73.68,97.11,51.0,6.5,Highly Active,6.0
1066.0,69.93,99.62,1784.0,4.46,Active,4.0
1232.0,78.99,95.79,4122.0,6.38,Sedentary,10.0
3156.0,63.3,99.68,8576.0,5.24,Highly Active,3.0
2169.0,83.9,99.77,5672.0,9.61,Active,4.0
3158.0,79.52,98.06,563.0,7.07,Highly Active,7.0
3275.0,82.71,100.0,9383.0,4.06,Highly Active,7.0
1110.0,54.6,97.78,12772.0,5.38,Active,3.0
2493.0,45.16,100.0,1613.0,7.55,Active,9.0
3081.0,58.01,97.76,489.0,6.87,Active,10.0
1622.0,82.49,97.33,10957.0,4.14,Highly Active,2.0
2489.0,85.1,98.66,7160.0,5.32,Active,2.0
4440.0,91.94,95.6,11390.0,7.46,Sedentary,3.0
3795.0,68.93,98.48,5853.0,7.06,Sedentary,6.0
3642.0,78.13,96.36,3917.0,7.36,Sedentary,6.0
4625.0,64.48,99.94,23093.0,6.08,Highly Active,7.0
3472.0,95.51,99.78,10598.0,5.22,Sedentary,7.0
3660.0,64.36,96.48,3716.0,4.59,Active,1.0
2541.0,92.68,97.11,16665.0,7.92,Highly Active,7.0
3739.0,71.23,99.94,35251.0,9.42,Highly Active,1.0
2305.0,98.63,100.0,2580.0,6.92,Highly Active,3.0
4391.0,98.63,98.02,15610.0,7.9,Sedentary,4.0
2761.0,77.42,98.02,325.0,5.3,Active,6.0
4514.0,63.69,99.51,1689.0,6.47,Sedentary,4.0
3910.0,107.51,99.52,1228.0,6.41,Highly Active,4.0
3362.0,89.86,99.52,3087.0,7.08,Sedentary,6.0
1876.0,82.68,96.18,5789.0,6.62,Active,4.0
2989.0,78.59,100.0,8910.0,6.5,Highly Active,6.0
4812.0,65.09,96.43,16317.0,7.7,Sedentary,10.0
4448.0,85.1,97.58,1208.0,8.45,Active,3.0
2312.0,74.0,100.0,6044.0,6.91,Active,8.0
2460.0,75.86,97.02,5663.0,3.31,Active,6.0
3709.0,88.36,98.27,4294.0,7.17,Sedentary,9.0
3324.0,88.36,98.84,8303.0,8.14,Sedentary,2.0
2733.0,75.27,100.0,5042.0,8.59,Sedentary,5.0
2605.0,75.27,99.23,5593.0,6.4,Highly Active,10.0
2526.0,62.72,96.97,16355.0,4.35,Sedentary,9.0
3671.0,50.18,98.02,13776.0,6.07,Sedentary,6.0
3563.0,63.06,97.55,6028.0,4.33,Sedentary,6.0
4421.0,77.28,99.81,1189.0,8.43,Sedentary,7.0
3890.0,85.42,97.91,22308.0,7.18,Active,7.0
4517.0,63.84,98.44,6823.0,5.73,Active,5.0
4901.0,130.31,97.04,11533.0,6.5,Sedentary,8.0
3397.0,77.73,100.0,396.0,8.7,Highly Active,6.0
2630.0,77.28,96.35,15899.0,7.68,Highly Active,4.0
4735.0,55.66,100.0,8278.0,9.5,Active,1.0
3870.0,53.36,97.64,8096.0,5.17,Sedentary,9.0
2160.0,48.25,99.83,817.0,7.96,Active,6.0
1758.0,95.57,98.24,8735.0,4.31,Sedentary,5.0
3946.0,93.19,95.62,558.0,9.34,Highly Active,3.0
1242.0,74.98,97.03,558.0,7.59,Active,6.0
3590.0,56.78,100.0,2755.0,5.94,Highly Active,8.0
2063.0,70.84,95.9,164.0,4.77,Sedentary,5.0
3595.0,67.44,95.9,9066.0,6.11,Highly Active,8.0
1919.0,61.47,98.01,12610.0,6.82,Active,4.0
2246.0,69.28,96.04,1385.0,6.47,Highly Active,8.0
1005.0,70.61,98.12,12133.0,5.55,Highly Active,6.0
4393.0,86.07,99.18,4585.0,8.24,Active,10.0
1467.0,41.89,99.26,22173.0,3.95,Sedentary,5.0
2755.0,77.54,98.75,1050.0,7.36,Sedentary,1.0
1074.0,64.55,100.0,385.0,6.78,Active,2.0
1003.0,66.97,100.0,13054.0,6.49,Active,7.0
2870.0,86.32,96.09,3146.0,7.45,Active,2.0
1645.0,86.32,99.25,4277.0,5.5,Highly Active,10.0
1117.0,77.7,99.14,5019.0,5.35,Highly Active,3.0
2629.0,83.69,96.9,553.0,5.71,Active,3.0
3551.0,85.6,94.75,5607.0,6.14,Sedentary,9.0
3021.0,83.58,96.9,3942.0,7.58,Sedentary,9.0
1946.0,85.79,99.29,2912.0,6.67,Active,7.0
3621.0,61.79,100.0,2995.0,6.54,Highly Active,5.0
2464.0,95.49,100.0,18649.0,6.85,Highly Active,2.0
1193.0,57.23,100.0,2185.0,6.5,Highly Active,5.0
1846.0,80.56,98.82,4244.0,7.86,Highly Active,5.0
3762.0,64.79,100.0,4752.0,7.35,Sedentary,2.0
2415.0,49.23,100.0,8907.0,6.51,Highly Active,9.0
4097.0,49.23,96.88,5123.0,4.8,Highly Active,5.0
2458.0,73.22,97.75,6796.0,8.46,Active,9.0
3220.0,95.8,99.39,3562.0,7.5,Sedentary,8.0
4371.0,102.3,95.3,8876.0,7.35,Sedentary,9.0
2668.0,73.06,98.78,4390.0,9.05,Sedentary,6.0
3373.0,54.16,98.88,1764.0,7.54,Sedentary,8.0
2433.0,55.41,99.47,11885.0,6.43,Sedentary,3.0
2141.0,86.58,99.75,10151.0,5.73,Active,3.0
3883.0,85.62,97.32,6912.0,5.68,Active,10.0
2810.0,65.89,98.88,5166.0,6.91,Highly Active,9.0
1723.0,57.39,97.17,1637.0,7.95,Highly Active,1.0
1224.0,89.88,99.92,14193.0,7.97,Highly Active,5.0
1531.0,56.58,98.41,716.0,4.43,Highly Active,3.0
1112.0,68.34,99.94,3382.0,7.89,Sedentary,5.0
3187.0,68.34,94.36,13400.0,6.06,Highly Active,5.0
1558.0,44.99,95.42,6337.0,5.62,Highly Active,6.0
3048.0,89.3,98.64,4042.0,7.05,Active,8.0
3137.0,110.7,95.49,10970.0,7.68,Sedentary,1.0
1653.0,76.71,100.0,31904.0,4.65,Highly Active,8.0
1319.0,74.48,100.0,1465.0,6.83,Sedentary,5.0
2573.0,75.66,98.92,364.0,4.07,Highly Active,8.0
2828.0,78.37,97.37,4352.0,7.69,Sedentary,2.0
2917.0,64.05,97.3,2372.0,4.84,Sedentary,5.0
1138.0,58.14,99.79,7692.0,6.79,Active,5.0
4582.0,69.7,99.22,4772.0,6.79,Sedentary,2.0
4939.0,77.3,96.28,4838.0,5.64,Sedentary,7.0
3892.0,60.02,98.84,3069.0,3.5,Sedentary,1.0
3026.0,54.8,100.0,1656.0,4.4,Sedentary,7.0
3306.0,68.39,99.13,1681.0,6.39,Active,9.0
4744.0,55.0,97.26,3425.0,5.1,Active,3.0
1901.0,85.08,97.55,8016.0,6.02,Active,3.0
1689.0,40.0,97.25,2878.0,5.32,Highly Active,5.0
3039.0,40.0,97.12,2762.0,5.32,Highly Active,9.0
1009.0,96.2,95.58,3874.0,4.7,Sedentary,3.0
1260.0,71.67,98.22,32867.0,5.79,Highly Active,4.0
2942.0,77.76,94.88,670.0,6.1,Highly Active,8.0
2673.0,73.07,99.56,2443.0,6.54,Highly Active,6.0
3219.0,65.59,97.34,2417.0,3.76,Sedentary,6.0
3945.0,91.43,100.0,25684.0,6.58,Highly Active,7.0
3060.0,91.43,96.01,3660.0,4.83,Highly Active,7.0
2191.0,62.57,97.73,5859.0,4.45,Highly Active,6.0
4713.0,84.85,98.22,1546.0,8.35,Highly Active,9.0
2619.0,46.04,95.69,90.0,7.59,Highly Active,3.0
1320.0,70.72,98.98,2901.0,6.5,Active,10.0
2342.0,67.22,95.7,7133.0,6.17,Sedentary,6.0
2636.0,70.44,98.86,8233.0,5.63,Sedentary,2.0
3376.0,67.67,100.0,9813.0,8.73,Sedentary,9.0
3832.0,80.63,99.19,13796.0,6.7,Active,9.0
3824.0,91.5,97.11,860.0,5.15,Active,4.0
2994.0,81.89,100.0,605.0,5.01,Sedentary,9.0
3958.0,69.95,100.0,10848.0,6.97,Active,9.0
2943.0,84.47,98.5,4006.0,5.98,Sedentary,8.0
4621.0,207.43,96.69,20578.0,8.05,Active,3.0
3038.0,80.41,98.15,20113.0,6.61,Sedentary,5.0
4490.0,90.73,95.57,1069.0,4.7,Active,4.0
4677.0,40.0,100.0,8226.0,9.29,Sedentary,6.0
2118.0,75.4,98.61,486.0,4.97,Active,3.0
4888.0,79.62,96.95,3616.0,4.67,Sedentary,3.0
2604.0,52.78,99.04,12903.0,6.37,Sedentary,1.0
3365.0,78.31,97.01,4326.0,7.2,Active,10.0
1235.0,88.72,97.61,239.0,5.15,Active,3.0
2969.0,71.64,98.0,1924.0,5.15,Active,5.0
1333.0,84.85,100.0,632.0,5.76,Active,4.0
2908.0,90.34,95.75,3673.0,10.17,Active,4.0
1375.0,95.14,99.55,8351.0,7.0,Highly Active,10.0
4530.0,92.43,96.59,7559.0,4.87,Highly Active,10.0
2160.0,95.48,100.0,8884.0,5.44,Active,7.0
3635.0,67.51,96.17,3389.0,7.24,Highly Active,7.0
2570.0,69.15,96.21,2158.0,5.28,Active,10.0
3560.0,40.0,99.54,410.0,6.39,Active,5.0
2319.0,59.02,98.0,19880.0,9.45,Highly Active,6.0
4391.0,93.28,99.63,881.0,7.46,Highly Active,1.0
3965.0,65.93,100.0,1374.0,7.39,Sedentary,6.0
4643.0,80.96,98.38,177.0,9.48,Sedentary,1.0
2855.0,78.61,100.0,2671.0,5.36,Highly Active,10.0
2372.0,93.61,94.11,11959.0,6.48,Sedentary,9.0
4911.0,44.69,94.11,2827.0,6.05,Sedentary,6.0
4850.0,80.29,97.61,7676.0,5.56,Sedentary,8.0
1872.0,80.05,100.0,23577.0,6.12,Sedentary,2.0
2252.0,62.13,93.65,15614.0,5.82,Sedentary,6.0
3317.0,89.4,96.54,1389.0,5.51,Highly Active,8.0
2851.0,54.01,95.37,3115.0,6.06,Active,4.0
3845.0,90.97,98.43,9736.0,5.52,Highly Active,5.0
2314.0,42.66,98.51,26609.0,6.99,Highly Active,5.0
1724.0,61.43,98.08,8810.0,5.07,Active,5.0
4236.0,72.9,99.61,2034.0,8.03,Active,2.0
3052.0,78.26,100.0,998.0,7.59,Active,7.0
3898.0,46.98,98.73,4785.0,7.17,Active,10.0
4450.0,90.64,95.34,1501.0,5.81,Highly Active,5.0
1077.0,86.3,96.89,1808.0,6.57,Highly Active,1.0
4481.0,103.55,99.37,7044.0,6.31,Sedentary,3.0
3621.0,103.55,98.5,5063.0,6.54,Sedentary,9.0
1131.0,63.95,96.71,900.0,4.49,Highly Active,10.0
1600.0,58.93,100.0,1168.0,6.66,Sedentary,6.0
2772.0,68.69,99.18,137.0,6.99,Highly Active,1.0
2065.0,107.71,100.0,1736.0,8.67,Active,8.0
3136.0,75.71,98.76,15282.0,4.99,Active,9.0
3449.0,76.35,96.57,11026.0,4.72,Highly Active,6.0
3343.0,95.69,100.0,3750.0,7.98,Highly Active,5.0
2863.0,57.53,99.37,9482.0,4.23,Active,6.0
2318.0,83.08,99.07,3658.0,8.68,Active,5.0
1615.0,82.75,99.81,10995.0,8.27,Sedentary,2.0
4597.0,89.36,97.48,1406.0,7.37,Active,8.0
3847.0,87.78,99.14,1158.0,4.22,Highly Active,2.0
4762.0,74.12,97.79,568.0,6.26,Active,4.0
4708.0,54.25,96.53,1938.0,6.5,Active,7.0
3469.0,66.53,95.31,1107.0,6.93,Highly Active,5.0
2888.0,87.63,93.97,11219.0,7.33,Active,7.0
2046.0,102.82,98.77,1921.0,5.38,Sedentary,7.0
1574.0,56.66,96.52,5083.0,8.09,Active,4.0
3190.0,55.67,97.0,9880.0,7.28,Active,10.0
1992.0,51.39,96.46,7912.0,7.27,Highly Active,9.0
3712.0,63.49,94.95,1602.0,6.16,Highly Active,9.0
3192.0,89.21,100.0,561.0,7.08,Sedentary,10.0
2248.0,94.74,100.0,16994.0,3.29,Sedentary,7.0
4054.0,43.82,94.41,6810.0,7.1,Active,10.0
1502.0,56.92,98.77,8583.0,8.99,Sedentary,2.0
2997.0,54.12,95.63,8583.0,6.5,Active,1.0
3665.0,61.98,99.62,1936.0,7.5,Sedentary,5.0
4687.0,61.98,100.0,5294.0,7.66,Active,3.0
3151.0,69.04,99.56,568.0,8.31,Sedentary,7.0
4110.0,82.71,96.16,11265.0,6.2,Sedentary,2.0
2970.0,46.1,96.59,7439.0,7.98,Active,9.0
1197.0,67.19,97.13,10038.0,6.5,Sedentary,7.0
2669.0,95.5,99.39,5896.0,6.6,Sedentary,10.0
3626.0,96.07,97.56,6038.0,8.53,Active,3.0
3438.0,99.97,99.38,6421.0,5.47,Sedentary,9.0
2202.0,80.9,98.02,10732.0,5.53,Highly Active,3.0
3601.0,65.17,97.87,1788.0,2.96,Sedentary,7.0
2471.0,77.62,98.24,8010.0,5.11,Active,9.0
4571.0,112.92,97.93,5632.0,5.84,Highly Active,5.0
4086.0,67.04,94.88,4784.0,6.42,Highly Active,2.0
2646.0,102.49,96.1,5450.0,7.17,Highly Active,4.0
2692.0,40.0,100.0,2224.0,7.82,Highly Active,3.0
2312.0,83.58,98.95,264.0,4.51,Active,1.0
3035.0,84.71,100.0,9965.0,6.66,Highly Active,4.0
1477.0,80.6,96.23,17353.0,5.03,Active,1.0
2254.0,81.59,97.99,4588.0,4.5,Highly Active,1.0
1922.0,82.85,97.61,12737.0,6.99,Sedentary,4.0
1419.0,83.55,95.91,5672.0,6.65,Active,7.0
3204.0,70.04,94.64,18645.0,7.24,Highly Active,5.0
3597.0,70.93,96.02,4971.0,7.37,Highly Active,8.0
4512.0,54.59,100.0,1605.0,5.78,Active,7.0
2120.0,85.99,97.04,14288.0,8.14,Active,7.0
4068.0,94.53,97.37,11276.0,5.12,Highly Active,2.0
4044.0,101.17,97.98,3553.0,4.92,Highly Active,4.0
4482.0,62.68,98.33,12912.0,7.1,Active,7.0
1950.0,49.14,97.4,64.0,6.82,Active,3.0
3336.0,80.64,97.22,11257.0,5.29,Highly Active,3.0
2277.0,57.67,98.8,8154.0,5.25,Highly Active,2.0
3243.0,83.58,100.0,3343.0,7.07,Active,7.0
3645.0,41.92,96.77,10978.0,6.88,Active,3.0
2857.0,91.31,94.94,948.0,4.94,Active,2.0
4593.0,77.3,96.75,1591.0,5.54,Highly Active,6.0
1516.0,46.18,97.8,5339.0,5.13,Active,6.0
2658.0,79.56,94.32,14902.0,3.32,Highly Active,3.0
2865.0,76.42,98.2,976.0,3.32,Sedentary,7.0
2141.0,87.03,95.93,976.0,8.24,Sedentary,7.0
3853.0,40.0,97.41,9520.0,6.04,Active,2.0
2932.0,67.93,99.35,6921.0,5.04,Active,3.0
4230.0,73.66,97.94,19802.0,5.19,Active,2.0
1814.0,70.57,98.31,4606.0,5.19,Sedentary,8.0
3275.0,69.73,97.79,14856.0,5.72,Active,6.0
2900.0,90.82,98.18,6765.0,4.18,Highly Active,5.0
3263.0,49.03,100.0,9362.0,5.92,Sedentary,10.0
3995.0,70.63,99.15,4376.0,5.64,Active,2.0
4767.0,71.82,93.93,1284.0,7.81,Active,2.0
3062.0,73.36,98.33,809.0,7.31,Highly Active,6.0
4228.0,60.34,100.0,8027.0,5.93,Highly Active,5.0
4719.0,107.13,100.0,8027.0,7.21,Sedentary,2.0
4332.0,89.68,94.39,5867.0,4.86,Sedentary,1.0
4228.0,108.17,95.96,9594.0,4.61,Sedentary,3.0
3094.0,84.6,97.8,10808.0,6.36,Highly Active,9.0
3371.0,86.43,96.41,4989.0,6.65,Sedentary,8.0
3891.0,74.93,100.0,2643.0,6.29,Active,10.0
4756.0,98.45,100.0,10469.0,8.53,Sedentary,6.0
1129.0,83.48,97.91,3757.0,7.53,Highly Active,4.0
4482.0,72.14,97.99,19322.0,8.05,Active,4.0
1094.0,102.7,100.0,12184.0,8.05,Sedentary,2.0
3674.0,102.7,97.82,9618.0,7.0,Sedentary,7.0
3802.0,64.02,100.0,1933.0,4.93,Sedentary,5.0
2955.0,117.16,97.49,3154.0,5.4,Sedentary,9.0
4363.0,85.06,97.76,13232.0,7.0,Highly Active,4.0
1793.0,40.0,97.26,164.0,5.17,Highly Active,3.0
2834.0,90.28,94.52,10646.0,5.31,Sedentary,10.0
4354.0,59.65,100.0,3624.0,7.15,Active,9.0
3116.0,66.39,99.44,11243.0,5.35,Highly Active,9.0
2683.0,113.26,97.97,5627.0,7.94,Sedentary,7.0
1010.0,99.83,97.07,5238.0,6.18,Highly Active,2.0
4325.0,104.97,95.54,8465.0,6.24,Highly Active,9.0
2865.0,65.89,96.91,11491.0,6.88,Active,5.0
3919.0,70.63,97.93,8277.0,6.3,Active,6.0
3597.0,78.28,98.63,4194.0,6.92,Active,9.0
4205.0,88.03,98.93,2708.0,5.12,Highly Active,7.0
1711.0,69.87,96.18,13079.0,2.42,Active,9.0
3070.0,103.18,96.26,5149.0,4.38,Sedentary,3.0
1814.0,82.37,97.85,10710.0,5.82,Active,9.0
1345.0,82.37,97.32,38172.0,7.24,Sedentary,7.0
3349.0,63.3,99.35,7228.0,9.74,Sedentary,6.0
1362.0,68.72,95.19,2283.0,5.61,Sedentary,7.0
3443.0,78.69,99.15,14046.0,5.52,Active,4.0
3265.0,78.69,98.12,2238.0,7.01,Highly Active,10.0
3188.0,90.72,96.76,2112.0,6.83,Active,8.0
4687.0,91.01,98.64,538.0,6.88,Sedentary,8.0
4005.0,71.41,99.18,573.0,6.12,Sedentary,4.0
4281.0,84.87,94.19,13880.0,3.53,Highly Active,8.0
1984.0,105.63,100.0,1836.0,6.8,Sedentary,2.0
4040.0,90.67,97.91,805.0,6.43,Highly Active,1.0
4694.0,84.78,98.92,3043.0,4.12,Highly Active,9.0
2639.0,94.43,98.87,8751.0,7.37,Highly Active,8.0
1827.0,100.21,98.33,2905.0,7.59,Highly Active,8.0
3730.0,97.77,96.96,2590.0,7.34,Sedentary,7.0
4531.0,73.92,98.18,4687.0,5.89,Highly Active,4.0
4249.0,88.53,98.01,150.0,6.83,Active,7.0
4055.0,74.18,100.0,32250.0,4.42,Sedentary,4.0
2347.0,82.19,97.39,11243.0,6.35,Active,4.0
4204.0,53.27,96.16,512.0,4.25,Sedentary,5.0
3935.0,80.53,98.09,7446.0,6.3,Sedentary,5.0
4876.0,64.63,96.53,4328.0,6.42,Highly Active,10.0
2863.0,57.21,95.78,12251.0,5.27,Highly Active,9.0
1126.0,86.92,96.52,726.0,9.41,Highly Active,10.0
4177.0,71.09,95.21,1854.0,5.6,Sedentary,10.0
4056.0,78.3,95.43,10963.0,6.82,Sedentary,4.0
1603.0,71.45,100.0,13243.0,6.21,Active,8.0
4870.0,65.75,100.0,5275.0,7.91,Highly Active,10.0
4449.0,76.76,97.93,139.0,6.0,Highly Active,9.0
2928.0,54.57,95.83,15691.0,4.6,Highly Active,5.0
2013.0,73.56,94.25,3378.0,7.12,Highly Active,6.0
1050.0,104.71,97.44,283.0,6.5,Active,9.0
4100.0,57.01,99.3,11958.0,5.23,Highly Active,1.0
4533.0,96.39,97.76,3790.0,5.73,Sedentary,6.0
4367.0,106.3,99.88,1475.0,5.79,Active,8.0
4368.0,63.22,97.14,11322.0,5.98,Sedentary,2.0
4797.0,79.91,97.42,4284.0,5.86,Highly Active,1.0
3826.0,55.5,99.08,6552.0,6.69,Sedentary,4.0
2430.0,53.26,95.32,12126.0,5.48,Active,3.0
2792.0,77.51,98.4,5173.0,7.15,Active,2.0
3861.0,81.14,98.31,820.0,7.15,Highly Active,8.0
2636.0,66.5,97.54,23224.0,4.6,Active,6.0
4417.0,63.24,99.38,36109.0,5.88,Highly Active,10.0
2645.0,88.37,94.83,42.0,7.96,Sedentary,9.0
3467.0,88.47,97.24,4629.0,6.46,Sedentary,4.0
2205.0,84.64,96.61,8544.0,5.81,Active,10.0
4030.0,69.22,97.77,16574.0,6.44,Sedentary,6.0
3872.0,58.87,96.02,10610.0,4.69,Active,8.0
4072.0,94.69,95.89,2066.0,3.94,Sedentary,9.0
2854.0,99.62,97.66,1952.0,5.02,Sedentary,7.0
1566.0,67.13,98.16,3087.0,4.93,Sedentary,7.0
3418.0,72.62,96.35,820.0,6.5,Sedentary,1.0
1935.0,72.62,96.12,7752.0,9.38,Highly Active,2.0
2934.0,83.01,94.83,19842.0,9.37,Active,10.0
3708.0,106.14,98.64,7193.0,4.68,Active,5.0
4502.0,89.15,97.21,5336.0,9.13,Active,7.0
4016.0,108.18,96.81,4899.0,5.43,Active,9.0
2332.0,69.14,99.67,6286.0,8.97,Sedentary,10.0
4208.0,55.39,92.89,8680.0,7.16,Highly Active,7.0
1201.0,97.56,99.05,11093.0,5.01,Highly Active,9.0
4507.0,77.58,100.0,8389.0,8.98,Highly Active,1.0
3360.0,61.6,93.82,8546.0,8.92,Highly Active,10.0
1116.0,103.08,94.09,21217.0,4.91,Highly Active,10.0
4737.0,215.19,95.1,16072.0,6.99,Active,6.0
1216.0,58.2,95.59,12158.0,3.59,Highly Active,8.0
4874.0,84.02,100.0,310.0,5.91,Active,2.0
1574.0,55.47,97.46,7737.0,5.92,Highly Active,9.0
3291.0,90.34,100.0,4249.0,5.89,Active,2.0
1536.0,57.72,97.25,6729.0,8.92,Active,1.0
4740.0,78.77,97.41,8115.0,4.5,Highly Active,6.0
3122.0,79.75,100.0,8778.0,6.16,Active,5.0
4877.0,78.97,92.89,14251.0,7.63,Highly Active,4.0
1385.0,55.68,98.22,16855.0,4.53,Highly Active,2.0
4974.0,72.08,99.09,6535.0,5.17,Sedentary,6.0
4281.0,95.6,100.0,15721.0,8.17,Sedentary,2.0
1474.0,71.97,99.79,10126.0,8.52,Sedentary,5.0
1417.0,71.97,99.79,1586.0,5.85,Sedentary,9.0
3394.0,68.32,100.0,252.0,7.79,Highly Active,1.0
4600.0,56.13,100.0,70.0,8.84,Sedentary,7.0
3687.0,42.27,99.3,6184.0,5.89,Highly Active,2.0
1938.0,72.35,95.98,5161.0,7.69,Active,3.0
1954.0,76.5,98.3,8344.0,5.87,Sedentary,1.0
1875.0,85.48,99.64,12953.0,4.47,Active,8.0
1762.0,82.01,97.44,1258.0,6.51,Highly Active,10.0
2202.0,84.22,99.4,13587.0,6.13,Highly Active,3.0
1663.0,84.22,96.86,15034.0,5.99,Highly Active,9.0
1024.0,62.38,98.3,13303.0,6.16,Highly Active,5.0
2990.0,70.24,95.26,8357.0,6.92,Active,6.0
2203.0,70.24,98.51,2497.0,8.06,Active,8.0
1709.0,69.15,96.57,686.0,8.06,Sedentary,8.0
4572.0,73.35,99.16,10538.0,6.37,Highly Active,6.0
2879.0,81.06,95.73,1720.0,5.68,Sedentary,7.0
2184.0,92.51,100.0,4070.0,8.51,Sedentary,1.0
3224.0,77.13,95.95,5298.0,6.35,Active,10.0
1284.0,61.74,95.95,8096.0,5.6,Active,4.0
1062.0,68.85,97.7,4678.0,6.76,Highly Active,6.0
2002.0,83.1,99.04,8301.0,3.76,Sedentary,8.0
1661.0,70.57,99.46,11776.0,5.8,Active,7.0
3713.0,67.99,97.6,8739.0,5.69,Active,10.0
3203.0,61.02,97.67,2492.0,5.32,Highly Active,6.0
4953.0,92.9,97.62,15729.0,7.07,Sedentary,5.0
2492.0,73.18,94.08,5598.0,8.12,Active,5.0
4120.0,73.27,99.67,4383.0,9.04,Highly Active,5.0
1966.0,85.2,98.08,5990.0,5.76,Active,5.0
1848.0,54.56,97.32,4621.0,6.08,Highly Active,6.0
2107.0,75.63,97.74,9849.0,5.48,Highly Active,5.0
4432.0,97.58,97.11,3821.0,7.31,Active,5.0
1688.0,74.04,93.92,10495.0,3.7,Active,1.0
1147.0,78.29,97.12,9994.0,5.92,Active,3.0
4701.0,77.96,97.99,2269.0,6.94,Highly Active,1.0
1341.0,90.92,96.38,706.0,5.57,Active,3.0
3523.0,78.02,98.1,13325.0,5.86,Highly Active,1.0
2086.0,112.03,99.7,1295.0,7.99,Sedentary,6.0
2724.0,78.47,96.81,222.0,6.41,Highly Active,6.0
2383.0,68.46,95.12,3603.0,8.29,Highly Active,6.0
3608.0,97.68,98.1,2053.0,8.96,Sedentary,7.0
1326.0,71.84,98.1,1742.0,7.3,Highly Active,10.0
2792.0,66.01,100.0,1324.0,6.06,Active,1.0
2759.0,57.17,97.03,9682.0,8.87,Active,10.0
4212.0,82.18,98.07,10709.0,2.71,Sedentary,10.0
1989.0,68.14,100.0,332.0,4.17,Highly Active,10.0
3262.0,63.34,96.28,5540.0,7.66,Active,4.0
3482.0,66.51,99.11,1016.0,10.21,Sedentary,9.0
4962.0,69.55,99.05,4846.0,7.52,Sedentary,2.0
1951.0,87.49,99.24,2993.0,6.78,Highly Active,2.0
1722.0,82.25,96.83,1578.0,5.8,Active,8.0
4389.0,72.83,96.83,20704.0,7.33,Sedentary,1.0
3079.0,83.41,97.49,21985.0,8.24,Highly Active,4.0
3717.0,73.4,97.97,5810.0,7.62,Highly Active,7.0
3332.0,78.1,95.32,1458.0,6.59,Highly Active,7.0
4376.0,65.0,99.04,6127.0,8.05,Active,9.0
1428.0,65.13,99.68,18466.0,8.05,Sedentary,3.0
2500.0,77.27,99.68,3321.0,7.27,Active,5.0
1285.0,77.3,99.8,1037.0,7.96,Highly Active,3.0
4215.0,90.17,95.67,8282.0,5.1,Sedentary,3.0
4495.0,82.49,96.54,7475.0,6.47,Highly Active,6.0
4090.0,67.62,98.05,10.0,6.67,Highly Active,6.0
3065.0,55.8,98.19,13450.0,4.7,Highly Active,2.0
1768.0,88.24,100.0,7567.0,4.87,Highly Active,5.0
3637.0,79.98,99.27,1524.0,5.56,Active,7.0
2394.0,89.54,98.55,23.0,8.06,Sedentary,1.0
4246.0,81.88,96.66,25104.0,6.21,Active,3.0
4057.0,102.07,97.0,9836.0,6.69,Active,3.0
1193.0,71.75,96.08,3179.0,6.96,Sedentary,7.0
3549.0,75.62,97.04,3969.0,7.45,Active,5.0
1987.0,86.86,100.0,5418.0,7.25,Highly Active,1.0
2136.0,87.95,97.78,8877.0,6.6,Active,6.0
3161.0,79.91,98.36,1329.0,6.29,Sedentary,10.0
4293.0,51.13,97.12,1525.0,8.14,Active,7.0
2701.0,48.48,96.13,346.0,5.76,Highly Active,6.0
1946.0,69.21,98.29,29779.0,8.54,Sedentary,1.0
1830.0,75.33,98.3,14588.0,5.64,Highly Active,6.0
4715.0,46.98,100.0,5636.0,6.07,Sedentary,7.0
2920.0,74.55,97.02,3938.0,7.56,Sedentary,7.0
4335.0,84.77,97.12,1898.0,10.05,Sedentary,4.0
3972.0,74.11,96.45,6327.0,3.6,Highly Active,1.0
1054.0,79.43,98.44,8210.0,7.8,Highly Active,4.0
4942.0,83.82,100.0,8180.0,7.21,Active,2.0
4714.0,50.98,100.0,45.0,5.82,Highly Active,3.0
1799.0,84.79,100.0,8476.0,5.82,Sedentary,8.0
1777.0,64.0,95.47,14089.0,6.5,Highly Active,9.0
2481.0,71.43,98.66,855.0,5.31,Highly Active,3.0
2901.0,65.08,98.9,9856.0,7.14,Sedentary,10.0
3209.0,91.11,95.05,12131.0,4.99,Highly Active,1.0
3134.0,95.72,93.42,8716.0,5.5,Highly Active,6.0
1054.0,110.88,97.52,712.0,5.82,Active,2.0
4547.0,110.88,94.7,7333.0,8.11,Highly Active,10.0
2823.0,66.21,100.0,4998.0,4.75,Highly Active,10.0
2201.0,84.19,97.77,13273.0,6.45,Sedentary,1.0
4462.0,60.1,99.9,4210.0,7.22,Active,6.0
4420.0,70.92,98.05,3911.0,6.89,Active,2.0
4079.0,70.92,98.05,19004.0,5.61,Active,2.0
1832.0,64.31,100.0,19055.0,7.05,Highly Active,3.0
1312.0,76.23,97.93,255.0,4.96,Highly Active,7.0
3806.0,89.23,95.63,4653.0,5.77,Highly Active,8.0
2858.0,73.83,96.73,1228.0,8.89,Highly Active,7.0
3007.0,59.42,95.99,2239.0,7.46,Highly Active,1.0
1786.0,92.47,97.82,7679.0,6.5,Sedentary,8.0
3490.0,95.84,97.44,969.0,7.17,Active,6.0
2790.0,80.53,97.59,79.0,5.29,Highly Active,7.0
1327.0,60.27,98.95,9091.0,6.92,Highly Active,6.0
4125.0,61.83,100.0,7178.0,5.82,Sedentary,10.0
3808.0,40.0,98.15,16307.0,5.63,Sedentary,2.0
4310.0,66.12,96.37,5471.0,6.31,Active,10.0
4300.0,90.98,100.0,20345.0,5.6,Active,9.0
3626.0,64.74,100.0,6579.0,6.71,Sedentary,9.0
4122.0,60.66,99.1,3427.0,7.12,Highly Active,5.0
4680.0,60.66,98.27,6564.0,6.09,Highly Active,6.0
4675.0,92.27,98.79,9681.0,2.22,Active,8.0
4054.0,66.96,93.32,2989.0,5.2,Highly Active,3.0
2287.0,82.64,94.81,3262.0,4.88,Active,8.0
4489.0,61.98,99.75,6959.0,7.06,Sedentary,2.0
4874.0,69.86,100.0,4256.0,5.41,Highly Active,3.0
3143.0,47.7,94.39,5240.0,5.75,Active,4.0
2111.0,80.4,96.25,28154.0,7.76,Highly Active,10.0
4149.0,73.46,96.67,313.0,5.33,Highly Active,2.0
2311.0,64.92,96.12,7307.0,6.8,Active,2.0
4191.0,73.62,98.61,17937.0,5.57,Highly Active,10.0
3861.0,71.77,99.49,1886.0,5.79,Sedentary,1.0
3538.0,62.59,95.96,1668.0,4.75,Active,1.0
4983.0,80.98,95.16,3157.0,5.72,Sedentary,9.0
1451.0,70.53,95.65,539.0,7.26,Highly Active,3.0
2523.0,72.99,97.09,5751.0,5.05,Highly Active,1.0
1164.0,53.09,100.0,7259.0,5.43,Highly Active,10.0
1181.0,73.12,98.13,11999.0,9.78,Active,8.0
3516.0,72.31,100.0,479.0,6.89,Active,9.0
1909.0,62.62,99.58,4011.0,7.01,Sedentary,2.0
3782.0,82.97,96.75,10734.0,7.01,Highly Active,4.0
1822.0,43.38,98.27,10236.0,8.06,Sedentary,9.0
1943.0,67.77,96.95,535.0,8.31,Sedentary,3.0
3001.0,79.65,95.81,80.0,5.59,Active,7.0
3054.0,106.48,97.39,10706.0,8.1,Sedentary,7.0
1329.0,54.51,99.58,1039.0,8.51,Active,5.0
1774.0,76.33,96.85,6036.0,3.4,Highly Active,5.0
4744.0,83.22,97.52,693.0,7.79,Highly Active,6.0
3198.0,75.95,96.82,2452.0,5.35,Sedentary,1.0
4156.0,56.51,100.0,1204.0,8.49,Sedentary,9.0
1146.0,67.74,97.64,9333.0,5.3,Sedentary,2.0
4695.0,40.0,97.36,7819.0,7.41,Highly Active,10.0
4452.0,75.06,97.41,1018.0,3.86,Active,4.0
1914.0,75.06,98.65,428.0,8.17,Active,4.0
2571.0,81.83,98.17,4396.0,6.61,Highly Active,2.0
2308.0,65.2,99.93,1523.0,8.44,Active,1.0
3747.0,63.79,97.23,57.0,5.43,Active,2.0
1081.0,77.5,100.0,2148.0,6.82,Active,4.0
1513.0,78.9,96.55,1697.0,8.78,Sedentary,4.0
2920.0,88.07,98.24,8085.0,6.46,Active,8.0
3862.0,71.08,98.94,13806.0,7.14,Sedentary,1.0
3756.0,73.41,97.96,1899.0,7.55,Highly Active,1.0
2939.0,54.21,98.03,1767.0,4.17,Highly Active,4.0
4594.0,96.73,96.24,3434.0,5.72,Active,3.0
1745.0,60.98,99.35,1326.0,8.21,Active,7.0
4070.0,85.87,98.32,20538.0,3.43,Highly Active,3.0
2409.0,85.98,98.06,1954.0,8.18,Sedentary,8.0
1706.0,81.0,94.2,686.0,5.62,Active,1.0
1470.0,71.44,99.13,5698.0,9.58,Highly Active,3.0
4190.0,69.56,99.25,5400.0,7.16,Sedentary,3.0
1395.0,74.04,92.48,5400.0,5.3,Sedentary,9.0
2555.0,46.44,92.48,23816.0,7.97,Active,8.0
4088.0,74.61,97.54,2736.0,8.65,Highly Active,7.0
1804.0,97.29,97.54,3119.0,7.41,Sedentary,8.0
1933.0,71.61,96.07,2877.0,5.83,Highly Active,7.0
2279.0,74.51,95.53,6934.0,8.66,Active,5.0
2757.0,59.64,96.3,6486.0,5.11,Active,1.0
1904.0,77.79,99.07,5267.0,8.11,Sedentary,7.0
4297.0,77.79,99.18,3171.0,2.89,Active,6.0
2076.0,77.79,99.16,3906.0,6.68,Active,4.0
3987.0,92.12,97.49,11009.0,5.66,Active,6.0
2890.0,95.39,100.0,6578.0,4.44,Highly Active,10.0
2523.0,53.35,93.09,8819.0,4.44,Active,8.0
4577.0,53.35,95.98,2268.0,3.28,Highly Active,4.0
3901.0,53.35,98.51,16973.0,8.58,Highly Active,8.0
2387.0,68.77,98.51,251.0,4.2,Active,8.0
2303.0,92.89,97.45,6339.0,8.08,Sedentary,9.0
1592.0,81.22,98.09,11712.0,5.33,Highly Active,4.0
3761.0,95.6,97.41,14084.0,3.57,Sedentary,3.0
4229.0,55.99,95.24,2695.0,5.82,Highly Active,2.0
3679.0,55.99,99.66,4310.0,7.35,Active,5.0
3106.0,76.41,99.67,249.0,5.15,Highly Active,1.0
4798.0,92.59,100.0,10917.0,6.89,Highly Active,8.0
1127.0,81.82,94.23,931.0,7.53,Sedentary,8.0
3768.0,101.65,96.27,32827.0,6.59,Active,6.0
4953.0,70.58,97.75,17485.0,8.25,Highly Active,4.0
4186.0,61.25,96.7,2804.0,7.77,Highly Active,4.0
4280.0,63.37,96.08,1774.0,6.36,Highly Active,4.0
3573.0,55.02,99.24,2030.0,8.22,Sedentary,3.0
1520.0,41.29,100.0,8082.0,7.84,Active,2.0
3599.0,73.25,100.0,9057.0,6.25,Highly Active,3.0
1236.0,51.68,100.0,1708.0,7.57,Sedentary,6.0
2304.0,79.71,95.77,1921.0,6.91,Highly Active,3.0
4430.0,89.76,97.74,2735.0,7.32,Sedentary,4.0
4272.0,80.65,97.89,3974.0,9.32,Sedentary,6.0
2781.0,75.66,99.07,17462.0,5.29,Sedentary,8.0
2301.0,51.89,99.47,188.0,6.88,Highly Active,10.0
4306.0,87.69,97.07,7117.0,6.55,Active,4.0
3541.0,104.2,100.0,13848.0,7.68,Sedentary,2.0
3051.0,96.12,100.0,8995.0,5.82,Active,2.0
3713.0,55.04,98.72,1710.0,5.65,Sedentary,8.0
1441.0,73.83,96.87,4534.0,6.4,Sedentary,8.0
3076.0,73.83,100.0,16877.0,7.21,Highly Active,1.0
4180.0,69.03,100.0,861.0,5.81,Active,6.0
3657.0,75.41,99.39,30680.0,2.52,Sedentary,1.0
4798.0,75.41,97.99,1085.0,5.07,Sedentary,7.0
1804.0,76.61,100.0,1075.0,8.62,Sedentary,10.0
1074.0,68.33,100.0,11731.0,8.82,Active,3.0
3885.0,79.47,97.87,12336.0,6.5,Highly Active,10.0
4217.0,55.3,100.0,271.0,9.2,Active,10.0
3175.0,64.26,97.96,1290.0,6.01,Active,8.0
4924.0,89.79,98.05,20767.0,4.2,Sedentary,8.0
3089.0,77.83,98.44,2293.0,6.04,Highly Active,2.0
2379.0,106.53,96.18,86.0,7.59,Sedentary,10.0
1040.0,79.02,95.71,2052.0,5.65,Sedentary,7.0
3981.0,56.31,96.93,2052.0,7.41,Active,10.0
3081.0,51.22,97.63,17376.0,6.9,Active,1.0
4088.0,90.02,100.0,1180.0,6.07,Sedentary,2.0
2700.0,59.38,98.53,1779.0,7.66,Active,1.0
4224.0,58.03,100.0,4078.0,8.34,Active,4.0
4045.0,67.28,99.07,9657.0,6.77,Highly Active,10.0
2401.0,89.94,99.73,7525.0,7.38,Sedentary,6.0
1587.0,69.48,99.26,2778.0,4.32,Active,1.0
2622.0,62.38,100.0,481.0,8.59,Active,1.0
4700.0,93.19,98.12,2041.0,5.7,Active,10.0
4945.0,90.63,98.19,1735.0,5.21,Active,4.0
1341.0,100.01,95.88,149.0,7.83,Active,10.0
3074.0,95.27,99.79,25833.0,5.92,Active,2.0
4896.0,90.88,97.02,2064.0,5.46,Sedentary,6.0
4358.0,90.88,99.46,12678.0,6.06,Sedentary,4.0
1645.0,84.89,98.38,4643.0,4.68,Active,2.0
1730.0,93.22,98.38,25102.0,5.44,Active,8.0
1167.0,102.84,98.19,1134.0,8.03,Sedentary,7.0
1609.0,77.57,97.14,821.0,8.25,Sedentary,3.0
3315.0,67.62,95.14,17.0,6.6,Sedentary,1.0
2772.0,61.74,98.67,8872.0,5.48,Highly Active,7.0
3040.0,89.69,100.0,2561.0,7.12,Active,5.0
3868.0,65.0,96.05,14301.0,3.66,Highly Active,7.0
1454.0,76.61,92.64,7032.0,8.26,Active,3.0
3953.0,61.8,100.0,6030.0,6.4,Sedentary,1.0
2708.0,72.62,94.78,4671.0,4.95,Highly Active,4.0
4472.0,81.58,100.0,2090.0,8.73,Highly Active,4.0
3969.0,79.04,100.0,468.0,6.56,Sedentary,9.0
4028.0,86.07,98.17,4103.0,5.86,Active,1.0
4547.0,54.39,96.72,731.0,9.57,Active,3.0
1701.0,73.25,100.0,16531.0,5.71,Active,9.0
3681.0,67.95,98.33,12376.0,7.62,Sedentary,8.0
4629.0,60.26,100.0,6769.0,7.54,Highly Active,2.0
2599.0,63.76,99.08,4216.0,5.23,Sedentary,9.0
1129.0,61.59,100.0,4238.0,6.29,Sedentary,1.0
4067.0,80.25,99.61,4372.0,6.12,Sedentary,4.0
2386.0,88.13,98.73,944.0,3.55,Sedentary,4.0
4776.0,79.92,97.89,5304.0,3.24,Active,10.0
3866.0,77.38,97.16,11724.0,5.83,Sedentary,10.0
1692.0,76.18,96.18,4995.0,5.01,Sedentary,7.0
4363.0,85.13,97.77,97.0,5.1,Active,2.0
2394.0,43.4,96.0,1964.0,5.87,Highly Active,9.0
1793.0,74.11,97.18,7731.0,6.51,Sedentary,4.0
1028.0,79.76,98.47,19048.0,6.03,Highly Active,1.0
1148.0,101.84,99.06,15694.0,5.44,Active,4.0
4850.0,58.33,100.0,12110.0,9.4,Highly Active,7.0
2319.0,57.8,98.51,20993.0,6.2,Highly Active,3.0
3058.0,40.94,98.97,2299.0,6.2,Highly Active,4.0
4583.0,54.14,97.58,87.0,4.65,Sedentary,10.0
3723.0,72.73,98.02,3063.0,8.5,Active,10.0
2136.0,64.14,98.15,6023.0,5.68,Sedentary,3.0
1186.0,63.82,100.0,2663.0,10.7,Active,9.0
3854.0,75.34,98.85,316.0,4.53,Sedentary,6.0
3791.0,83.73,95.62,4953.0,4.9,Highly Active,6.0
2250.0,75.19,98.47,1559.0,6.22,Active,8.0
2333.0,75.4,96.31,9103.0,5.97,Highly Active,4.0
1097.0,81.05,96.7,654.0,4.74,Active,9.0
1054.0,47.51,98.1,22212.0,8.71,Active,3.0
3670.0,76.93,98.89,14651.0,8.55,Active,7.0
3711.0,73.88,98.77,14492.0,5.99,Active,8.0
1405.0,66.24,94.93,7028.0,8.63,Active,7.0
3116.0,71.92,97.74,384.0,6.49,Highly Active,2.0
4383.0,81.04,97.87,7602.0,5.5,Sedentary,3.0
2312.0,99.14,97.82,9619.0,8.42,Sedentary,2.0
2785.0,49.63,98.43,981.0,8.19,Active,8.0
4619.0,83.58,97.15,6695.0,4.62,Active,5.0
1750.0,93.27,99.83,4562.0,8.62,Active,5.0
4219.0,55.94,99.34,4476.0,4.97,Sedentary,10.0
4538.0,72.31,99.65,1557.0,7.07,Active,3.0
2762.0,79.14,100.0,9414.0,5.28,Sedentary,10.0
4315.0,105.13,98.95,18144.0,6.75,Highly Active,4.0
4562.0,107.6,98.11,10852.0,6.67,Highly Active,9.0
4920.0,55.94,97.8,3224.0,9.85,Highly Active,6.0
4005.0,70.47,99.41,29024.0,4.07,Highly Active,6.0
4578.0,77.99,98.15,3170.0,5.34,Sedentary,4.0
1364.0,83.35,94.34,1870.0,5.8,Active,10.0
3026.0,78.01,96.81,24113.0,6.99,Sedentary,5.0
1481.0,60.78,100.0,10918.0,6.03,Active,10.0
3248.0,60.12,94.28,10026.0,3.2,Sedentary,9.0
1153.0,51.88,98.69,564.0,7.61,Sedentary,2.0
4521.0,44.69,99.1,1493.0,8.5,Sedentary,7.0
2524.0,51.54,97.83,131.0,7.15,Highly Active,6.0
3120.0,92.42,96.65,10493.0,5.82,Highly Active,3.0
3760.0,85.65,95.88,2282.0,6.81,Active,5.0
3343.0,83.3,98.38,993.0,6.5,Active,9.0
2040.0,71.66,97.38,1405.0,8.09,Highly Active,6.0
2664.0,74.38,100.0,7174.0,7.25,Active,7.0
2240.0,70.97,98.96,3972.0,5.7,Sedentary,1.0
1060.0,51.2,97.21,19859.0,6.62,Active,1.0
1938.0,84.72,98.6,3189.0,8.05,Active,6.0
2639.0,87.79,96.65,12565.0,8.25,Active,1.0
3089.0,57.75,97.63,5535.0,6.39,Active,2.0
1024.0,57.75,94.44,8554.0,9.72,Sedentary,1.0
2062.0,57.75,97.28,1293.0,8.55,Active,10.0
4874.0,80.14,99.09,9676.0,7.29,Active,4.0
1130.0,80.14,97.66,627.0,5.91,Sedentary,9.0
4569.0,96.2,99.79,8224.0,5.95,Highly Active,4.0
2252.0,59.13,100.0,4385.0,6.8,Active,3.0
1107.0,73.77,99.44,1816.0,6.33,Sedentary,6.0
1171.0,59.99,100.0,4583.0,9.05,Active,1.0
1876.0,61.07,100.0,13550.0,5.09,Highly Active,1.0
4549.0,68.55,98.07,1177.0,7.26,Sedentary,2.0
1101.0,96.61,97.59,1301.0,3.5,Sedentary,2.0
3913.0,91.57,97.18,5345.0,7.07,Sedentary,6.0
3571.0,73.88,96.58,6871.0,7.81,Highly Active,9.0
3322.0,42.66,98.66,3816.0,6.5,Highly Active,2.0
2636.0,80.89,97.27,2168.0,5.61,Sedentary,5.0
4115.0,80.55,95.32,487.0,5.43,Active,7.0
3864.0,61.0,99.6,358.0,8.03,Active,6.0
4004.0,61.0,96.84,292.0,8.29,Active,9.0
2040.0,60.71,94.98,16208.0,6.5,Sedentary,3.0
1329.0,87.42,100.0,986.0,3.56,Active,5.0
4640.0,78.62,100.0,2448.0,4.91,Sedentary,9.0
4894.0,53.1,95.71,29827.0,6.36,Sedentary,1.0
2520.0,69.58,96.93,18367.0,4.37,Highly Active,7.0
4886.0,77.17,96.39,307.0,7.59,Highly Active,9.0
1011.0,79.5,96.71,5609.0,5.34,Highly Active,6.0
2341.0,90.5,93.85,7026.0,6.39,Sedentary,5.0
4663.0,92.37,97.16,389.0,8.14,Sedentary,7.0
1215.0,71.42,97.24,9117.0,7.05,Sedentary,1.0
1338.0,83.39,100.0,30885.0,9.42,Active,4.0
2799.0,99.12,98.28,3927.0,8.6,Sedentary,1.0
3708.0,59.72,96.92,4177.0,4.94,Highly Active,1.0
4152.0,65.88,98.44,4177.0,7.39,Sedentary,9.0
2750.0,50.17,95.3,9337.0,6.73,Sedentary,5.0
2508.0,65.53,98.15,10917.0,8.28,Sedentary,2.0
3421.0,78.09,96.67,565.0,7.29,Sedentary,5.0
4023.0,43.26,98.25,11290.0,5.75,Active,7.0
1709.0,81.56,98.92,13970.0,7.21,Highly Active,1.0
1704.0,67.91,96.9,324.0,5.95,Active,1.0
4608.0,74.06,98.54,279.0,5.53,Highly Active,10.0
3513.0,57.47,96.62,5603.0,6.33,Active,9.0
2112.0,73.47,95.89,4807.0,6.87,Active,5.0
2291.0,100.19,99.83,27418.0,8.45,Sedentary,2.0
4726.0,69.0,100.0,2441.0,5.76,Sedentary,8.0
4642.0,41.81,98.41,6245.0,3.62,Highly Active,5.0
4993.0,93.21,99.56,4946.0,6.2,Active,5.0
1488.0,83.14,99.56,5371.0,6.88,Sedentary,5.0
4948.0,76.41,99.56,7545.0,6.77,Active,2.0
2561.0,83.52,100.0,5399.0,6.12,Highly Active,1.0
1046.0,76.24,99.21,49.0,7.92,Sedentary,8.0
4359.0,99.65,97.74,12992.0,6.97,Highly Active,7.0
1777.0,86.28,95.33,1572.0,7.4,Active,3.0
2039.0,68.15,99.09,1840.0,3.74,Active,6.0
1710.0,97.38,99.11,7308.0,6.24,Active,10.0
1400.0,102.3,100.0,4547.0,6.29,Highly Active,1.0
4990.0,88.66,97.35,5981.0,9.03,Highly Active,7.0
2817.0,81.1,96.86,4817.0,6.34,Active,5.0
4028.0,62.19,96.48,3787.0,5.51,Sedentary,3.0
4157.0,85.28,96.15,4622.0,5.42,Highly Active,10.0
1249.0,80.82,98.98,1065.0,7.97,Highly Active,7.0
1390.0,74.6,97.93,24386.0,5.63,Sedentary,2.0
4853.0,85.49,98.93,5986.0,5.22,Highly Active,5.0
1334.0,76.31,98.93,2366.0,7.88,Active,4.0
1628.0,83.23,97.17,8734.0,7.09,Sedentary,6.0
4590.0,90.54,96.25,14848.0,6.15,Highly Active,5.0
1136.0,55.03,100.0,2461.0,4.51,Highly Active,8.0
3930.0,59.63,98.45,2746.0,7.33,Sedentary,4.0
3735.0,61.32,100.0,4041.0,7.74,Active,2.0
4911.0,104.1,98.95,1715.0,5.07,Highly Active,5.0
2521.0,84.5,97.27,11617.0,7.05,Highly Active,7.0
1826.0,85.9,97.17,6142.0,6.35,Sedentary,2.0
1726.0,91.94,96.4,411.0,5.17,Sedentary,4.0
2500.0,59.3,100.0,40005.0,5.83,Active,9.0
3641.0,44.43,100.0,5989.0,6.43,Sedentary,7.0
4294.0,74.06,97.39,15447.0,4.52,Active,5.0
1989.0,88.46,99.32,4875.0,7.36,Sedentary,7.0
3419.0,72.04,97.3,6113.0,5.43,Sedentary,8.0
1934.0,54.45,95.03,4242.0,5.49,Active,2.0
4042.0,61.42,96.86,3846.0,7.26,Sedentary,10.0
1401.0,57.31,99.46,1724.0,5.82,Sedentary,4.0
2466.0,65.81,100.0,22914.0,6.18,Active,1.0
4561.0,57.61,100.0,1404.0,6.34,Active,2.0
2296.0,66.79,95.75,638.0,5.72,Sedentary,10.0
4597.0,84.5,97.37,35120.0,6.47,Sedentary,3.0
2182.0,60.35,97.51,5678.0,6.48,Active,10.0
4223.0,78.83,97.5,11796.0,7.29,Highly Active,2.0
4042.0,74.44,95.66,5794.0,7.36,Sedentary,4.0
3667.0,80.94,98.71,11443.0,8.33,Highly Active,6.0
3235.0,83.05,98.2,5351.0,4.24,Highly Active,6.0
4884.0,84.65,97.44,4121.0,7.87,Highly Active,6.0
2121.0,87.46,98.01,4260.0,5.99,Sedentary,9.0
1130.0,83.13,99.07,16.0,7.49,Highly Active,1.0
3852.0,79.47,99.11,3242.0,7.01,Highly Active,9.0
2194.0,65.0,100.0,21248.0,5.63,Active,7.0
3983.0,87.76,100.0,7880.0,8.78,Highly Active,1.0
1182.0,70.62,97.68,1564.0,7.13,Highly Active,2.0
4030.0,62.08,96.71,4729.0,9.79,Sedentary,2.0
1363.0,61.76,99.72,246.0,5.04,Highly Active,4.0
1038.0,70.24,95.63,7912.0,6.54,Active,4.0
4598.0,71.5,98.17,10728.0,7.34,Active,9.0
4959.0,62.8,96.13,9643.0,4.9,Highly Active,2.0
3544.0,75.33,99.95,635.0,5.5,Sedentary,10.0
4587.0,77.35,99.62,1991.0,8.0,Active,5.0
2372.0,66.83,98.06,7466.0,5.76,Sedentary,7.0
4029.0,109.34,100.0,9960.0,7.81,Active,1.0
1920.0,79.99,96.52,2243.0,5.56,Sedentary,5.0
4468.0,76.77,98.89,3649.0,9.53,Active,6.0
3769.0,64.86,99.11,3029.0,2.99,Sedentary,5.0
4232.0,77.07,99.11,32.0,8.01,Active,4.0
1015.0,78.61,97.44,6015.0,6.88,Highly Active,10.0
1492.0,78.61,98.22,7742.0,6.5,Highly Active,5.0
2449.0,96.28,100.0,2265.0,6.17,Sedentary,2.0
2131.0,49.48,98.09,8148.0,3.61,Sedentary,2.0
3941.0,69.29,99.31,1946.0,7.03,Active,8.0
4521.0,85.71,94.79,8800.0,5.6,Active,1.0
1310.0,61.55,97.71,4277.0,3.58,Highly Active,4.0
1738.0,51.8,100.0,14387.0,6.75,Sedentary,4.0
4241.0,67.22,97.0,5508.0,6.5,Sedentary,3.0
1545.0,90.66,96.89,1429.0,9.66,Active,1.0
3461.0,61.91,100.0,12082.0,7.74,Highly Active,2.0
1250.0,69.65,96.78,10525.0,2.92,Highly Active,2.0
1758.0,81.32,96.55,616.0,5.71,Sedentary,6.0
2804.0,66.31,99.41,345.0,8.16,Active,7.0
4212.0,68.4,100.0,1026.0,4.06,Active,8.0
2297.0,65.22,99.84,13065.0,5.34,Highly Active,4.0
4487.0,66.48,98.14,2704.0,6.5,Highly Active,3.0
2631.0,66.48,100.0,4919.0,5.71,Sedentary,5.0
4810.0,71.14,97.62,6466.0,8.89,Sedentary,9.0
2914.0,90.96,97.0,9524.0,6.77,Highly Active,1.0
4110.0,98.74,100.0,12402.0,6.55,Sedentary,1.0
1813.0,93.75,100.0,5078.0,5.12,Sedentary,7.0
1028.0,77.07,97.28,3762.0,4.85,Active,4.0
1957.0,99.88,100.0,1527.0,6.66,Active,10.0
3032.0,109.54,100.0,6547.0,6.38,Active,2.0
1476.0,77.72,97.7,5588.0,4.67,Sedentary,3.0
1317.0,60.14,98.33,2409.0,6.85,Active,3.0
1244.0,94.68,95.63,4137.0,6.59,Highly Active,4.0
1747.0,56.95,97.98,9420.0,6.04,Highly Active,8.0
1696.0,61.7,96.82,6905.0,8.29,Highly Active,8.0
1271.0,43.76,97.59,4601.0,6.48,Active,1.0
4511.0,85.91,95.37,2225.0,6.14,Highly Active,10.0
2771.0,40.27,100.0,7718.0,8.2,Sedentary,6.0
2262.0,89.89,100.0,6916.0,6.27,Sedentary,8.0
3424.0,102.14,100.0,4290.0,5.9,Sedentary,8.0
1265.0,100.92,98.08,1907.0,4.74,Highly Active,6.0
3973.0,56.01,97.38,1346.0,6.59,Highly Active,8.0
1920.0,56.01,98.61,2902.0,7.9,Highly Active,8.0
4430.0,65.36,98.74,16756.0,5.87,Sedentary,7.0
1339.0,88.19,100.0,9814.0,4.51,Active,4.0
1388.0,88.19,98.37,15519.0,8.02,Active,5.0
3624.0,84.97,98.23,12943.0,8.08,Highly Active,2.0
4760.0,82.92,99.6,4299.0,7.38,Sedentary,5.0
3050.0,82.92,94.28,5292.0,6.64,Sedentary,3.0
4500.0,67.83,100.0,1301.0,7.13,Sedentary,1.0
2165.0,63.33,99.52,8933.0,4.17,Highly Active,10.0
1375.0,57.16,98.93,3837.0,5.63,Sedentary,6.0
4741.0,81.49,99.28,1231.0,7.51,Sedentary,10.0
3033.0,72.31,99.87,701.0,7.01,Sedentary,10.0
3371.0,87.37,100.0,8338.0,7.85,Active,8.0
1145.0,68.24,97.29,4607.0,8.8,Active,10.0
2981.0,84.43,100.0,63.0,4.65,Sedentary,1.0
1292.0,69.24,98.88,12181.0,7.23,Highly Active,10.0
4736.0,72.56,96.48,6763.0,6.11,Active,10.0
1431.0,73.98,100.0,274.0,5.83,Highly Active,1.0
1704.0,49.5,98.76,2544.0,10.21,Active,1.0
3996.0,72.9,98.8,8971.0,4.14,Highly Active,9.0
2998.0,83.43,98.53,426.0,6.5,Active,8.0
3632.0,60.18,98.97,9329.0,6.15,Sedentary,7.0
1398.0,103.65,99.78,4921.0,6.57,Active,2.0
3864.0,75.07,97.21,10690.0,3.54,Active,3.0
4960.0,65.6,97.94,13529.0,5.03,Highly Active,5.0
4415.0,65.14,100.0,10220.0,6.57,Active,7.0
1963.0,95.56,96.14,569.0,4.41,Sedentary,1.0
4211.0,62.63,100.0,4318.0,7.93,Highly Active,10.0
3234.0,79.47,98.1,2687.0,7.37,Highly Active,6.0
3041.0,88.25,100.0,2687.0,4.12,Active,7.0
2828.0,83.31,99.18,23629.0,6.15,Active,3.0
3108.0,66.56,97.22,930.0,7.06,Highly Active,3.0
1938.0,87.59,97.22,14048.0,4.44,Highly Active,2.0
4451.0,77.34,96.73,32860.0,4.13,Highly Active,2.0
1709.0,49.2,95.8,32252.0,5.06,Highly Active,4.0
1806.0,93.35,98.34,11151.0,10.53,Active,9.0
2463.0,65.8,98.5,4386.0,8.14,Sedentary,9.0
4390.0,72.37,99.36,1372.0,5.59,Active,3.0
2325.0,79.64,97.56,6559.0,4.5,Sedentary,6.0
4415.0,67.02,99.31,6598.0,5.26,Sedentary,4.0
1010.0,86.35,100.0,2663.0,8.78,Active,10.0
2551.0,58.44,100.0,6715.0,9.55,Sedentary,1.0
2868.0,66.38,96.37,867.0,5.28,Active,6.0
3273.0,93.39,100.0,7036.0,5.28,Active,2.0
4224.0,75.38,98.91,15892.0,6.11,Sedentary,3.0
4782.0,59.15,98.76,4471.0,8.41,Sedentary,1.0
3611.0,76.18,97.46,10124.0,4.86,Sedentary,4.0
1771.0,81.02,100.0,7067.0,7.97,Sedentary,3.0
2594.0,51.21,98.77,21.0,4.49,Active,6.0
2607.0,99.81,95.71,911.0,7.92,Highly Active,5.0
4731.0,101.84,94.76,10436.0,5.22,Active,7.0
4932.0,76.8,98.33,289.0,6.5,Sedentary,5.0
4646.0,72.0,99.2,21904.0,5.53,Sedentary,7.0
2333.0,75.34,96.89,15715.0,9.44,Highly Active,1.0
1884.0,88.4,97.51,3150.0,7.99,Highly Active,3.0
4314.0,81.79,100.0,2601.0,5.88,Sedentary,4.0
4564.0,78.59,97.57,6644.0,6.5,Active,9.0
2389.0,95.73,97.57,6624.0,8.47,Active,9.0
4401.0,91.96,97.17,653.0,1.4,Active,1.0
4178.0,60.6,100.0,1698.0,7.22,Active,4.0
1225.0,88.31,98.87,7083.0,5.06,Active,10.0
1824.0,92.27,98.46,11293.0,9.88,Active,9.0
3265.0,79.17,100.0,1492.0,10.6,Active,1.0
1936.0,83.99,95.35,8473.0,6.55,Sedentary,7.0
3800.0,70.39,99.52,14307.0,5.95,Sedentary,8.0
3553.0,56.93,95.15,877.0,6.6,Sedentary,8.0
3306.0,56.93,98.5,4048.0,5.57,Sedentary,5.0
2911.0,54.91,98.42,13306.0,5.31,Highly Active,9.0
4845.0,100.22,99.01,3241.0,6.85,Highly Active,4.0
4588.0,74.02,94.88,2198.0,6.85,Sedentary,7.0
2796.0,93.71,98.8,9582.0,6.7,Active,2.0
1053.0,75.34,100.0,3585.0,6.94,Sedentary,4.0
4118.0,89.06,97.1,8577.0,5.55,Active,7.0
1726.0,89.06,96.98,946.0,5.1,Highly Active,7.0
3736.0,64.96,97.28,5644.0,5.08,Highly Active,2.0
2544.0,77.01,99.98,3340.0,7.66,Highly Active,8.0
4170.0,72.86,96.7,41415.0,6.62,Highly Active,8.0
2043.0,84.64,97.57,6265.0,6.8,Active,3.0
2913.0,77.12,99.92,8024.0,7.01,Active,6.0
2776.0,79.29,96.67,983.0,6.41,Active,1.0
2596.0,59.61,100.0,33771.0,6.66,Sedentary,5.0
2914.0,55.83,97.19,369.0,8.44,Sedentary,10.0
4561.0,76.06,98.01,514.0,7.67,Highly Active,1.0
3466.0,77.72,100.0,551.0,6.24,Sedentary,1.0
3737.0,59.23,99.96,14314.0,5.79,Sedentary,8.0
1849.0,83.57,97.46,9129.0,8.04,Sedentary,5.0
3109.0,84.23,96.47,25297.0,7.0,Active,4.0
4216.0,77.34,100.0,482.0,6.04,Active,8.0
3263.0,75.24,97.81,8236.0,4.56,Active,3.0
1002.0,55.99,99.11,5334.0,9.04,Sedentary,6.0
1159.0,55.74,99.64,7135.0,4.81,Highly Active,7.0
4810.0,80.92,96.79,5035.0,6.93,Highly Active,2.0
1780.0,80.92,95.6,7875.0,9.24,Highly Active,7.0
4191.0,63.63,99.42,16631.0,5.99,Active,1.0
1892.0,79.18,95.39,6198.0,6.43,Highly Active,7.0
3030.0,105.56,96.23,15872.0,7.78,Sedentary,1.0
4160.0,69.04,96.23,10668.0,4.71,Highly Active,9.0
3376.0,105.76,98.97,14013.0,4.0,Highly Active,10.0
1579.0,73.86,98.88,7536.0,5.96,Active,5.0
2933.0,83.46,97.18,5117.0,6.62,Highly Active,8.0
2380.0,89.4,100.0,505.0,6.6,Highly Active,7.0
4681.0,90.49,96.34,12609.0,8.63,Sedentary,5.0
2640.0,71.55,94.7,261.0,6.28,Active,3.0
1951.0,87.42,98.36,5124.0,8.76,Sedentary,2.0
4156.0,81.36,98.01,7008.0,6.08,Highly Active,6.0
3682.0,68.46,99.53,7589.0,9.48,Sedentary,9.0
1987.0,96.14,99.33,7755.0,6.15,Sedentary,10.0
4612.0,81.86,97.95,7424.0,5.46,Sedentary,8.0
4720.0,63.76,97.95,11559.0,6.44,Active,1.0
2218.0,62.01,96.93,10268.0,6.89,Active,1.0
1920.0,104.38,97.08,11730.0,5.88,Sedentary,2.0
3785.0,67.61,100.0,4317.0,7.1,Sedentary,6.0
2355.0,86.29,97.81,454.0,6.28,Sedentary,10.0
1169.0,80.65,100.0,7143.0,8.4,Highly Active,8.0
1520.0,85.78,98.42,1652.0,7.26,Active,5.0
2486.0,103.68,97.85,13739.0,6.52,Active,1.0
1039.0,89.96,97.07,8953.0,6.03,Highly Active,2.0
3274.0,87.54,99.04,10163.0,7.7,Active,1.0
4332.0,72.05,95.97,2362.0,6.55,Highly Active,8.0
2418.0,65.03,97.94,7018.0,5.82,Highly Active,1.0
1954.0,111.29,98.22,5257.0,5.42,Highly Active,1.0
4297.0,74.37,98.4,2188.0,7.55,Highly Active,6.0
1983.0,73.4,98.4,11708.0,5.79,Active,6.0
4195.0,79.33,97.23,5589.0,6.05,Highly Active,6.0
1974.0,77.87,98.63,1482.0,7.33,Highly Active,3.0
1037.0,98.89,98.45,2549.0,8.11,Highly Active,8.0
3375.0,83.09,100.0,1803.0,7.39,Highly Active,1.0
2274.0,55.35,97.6,2622.0,7.78,Sedentary,4.0
4972.0,65.11,95.65,1459.0,7.56,Highly Active,9.0
2199.0,75.16,97.07,3247.0,7.56,Sedentary,10.0
2625.0,90.38,95.91,8289.0,7.09,Sedentary,7.0
1913.0,52.19,100.0,22411.0,9.24,Sedentary,3.0
1453.0,82.41,99.61,1655.0,9.24,Sedentary,9.0
1036.0,85.97,99.61,2495.0,4.86,Highly Active,6.0
4387.0,88.24,98.8,15.0,2.71,Active,4.0
2711.0,209.77,97.85,1787.0,9.4,Active,5.0
4020.0,228.5,95.28,3794.0,9.47,Sedentary,2.0
1795.0,62.77,97.13,4336.0,5.01,Active,2.0
1972.0,89.18,93.2,2168.0,8.43,Active,6.0
1592.0,74.08,99.39,1140.0,8.05,Active,5.0
2137.0,75.64,98.27,5796.0,7.46,Active,2.0
4111.0,75.48,98.16,3684.0,7.25,Highly Active,5.0
2324.0,84.75,96.57,3889.0,5.38,Sedentary,8.0
3271.0,58.43,97.8,15775.0,6.69,Active,2.0
1317.0,58.43,99.21,5770.0,7.02,Active,1.0
3396.0,88.06,98.79,3441.0,6.6,Active,1.0
3162.0,70.48,95.82,2049.0,6.42,Highly Active,9.0
3745.0,75.04,96.61,3918.0,8.45,Highly Active,4.0
2346.0,62.11,99.33,13857.0,8.02,Highly Active,3.0
2591.0,62.11,97.47,23487.0,7.81,Highly Active,10.0
4111.0,77.96,100.0,3315.0,7.9,Highly Active,1.0
2889.0,78.06,96.07,1641.0,6.84,Active,2.0
3087.0,69.94,97.62,17216.0,8.25,Active,9.0
4930.0,56.25,97.25,1092.0,4.7,Sedentary,7.0
2996.0,81.86,97.57,2471.0,6.6,Sedentary,1.0
2772.0,69.58,97.57,1598.0,7.56,Sedentary,7.0
2312.0,63.76,94.31,5840.0,7.32,Sedentary,4.0
2285.0,94.14,99.14,3677.0,7.06,Sedentary,2.0
1215.0,60.37,100.0,2370.0,7.89,Active,6.0
4218.0,83.43,97.07,10225.0,8.66,Sedentary,10.0
3383.0,52.51,98.57,7637.0,4.9,Highly Active,6.0
4239.0,53.46,97.67,37844.0,6.95,Active,8.0
3139.0,82.24,97.65,2618.0,5.42,Highly Active,5.0
3400.0,69.96,96.78,13063.0,8.11,Highly Active,5.0
3618.0,57.47,99.39,2522.0,7.59,Active,5.0
4642.0,89.25,98.5,64.0,5.04,Highly Active,9.0
3863.0,80.57,96.68,1145.0,6.49,Active,10.0
2704.0,80.57,99.56,4972.0,4.25,Highly Active,10.0
1362.0,59.04,100.0,414.0,5.7,Sedentary,3.0
3604.0,49.38,97.7,12487.0,4.8,Active,9.0
2716.0,74.37,96.27,246.0,7.38,Active,9.0
2193.0,76.16,97.05,787.0,6.93,Active,6.0
1355.0,50.48,97.18,550.0,5.77,Highly Active,2.0
1190.0,53.8,99.74,7954.0,6.34,Sedentary,1.0
4738.0,63.59,94.26,5763.0,6.06,Sedentary,8.0
3469.0,64.54,97.88,3112.0,5.1,Sedentary,4.0
1699.0,86.43,96.97,647.0,6.5,Highly Active,8.0
3054.0,68.8,96.56,3494.0,6.49,Sedentary,7.0
3180.0,86.14,99.04,8024.0,7.38,Active,5.0
4818.0,91.44,96.67,686.0,6.48,Highly Active,4.0
1556.0,83.34,97.72,13594.0,9.57,Highly Active,4.0
4189.0,83.34,99.73,455.0,5.61,Sedentary,7.0
3808.0,70.44,97.43,6559.0,6.44,Sedentary,8.0
2054.0,72.51,100.0,1468.0,7.23,Sedentary,8.0
3582.0,74.18,96.4,673.0,7.16,Highly Active,7.0
1425.0,43.77,92.28,3069.0,6.12,Active,1.0
4465.0,63.54,92.28,7696.0,6.42,Highly Active,1.0
3719.0,54.57,98.62,903.0,6.38,Sedentary,1.0
3410.0,61.1,100.0,4520.0,7.52,Sedentary,3.0
4508.0,71.12,98.86,3647.0,5.46,Sedentary,3.0
4741.0,63.88,100.0,3904.0,2.85,Active,1.0
2574.0,62.2,98.62,20104.0,5.99,Active,5.0
4998.0,72.03,100.0,3005.0,9.03,Highly Active,8.0
3129.0,67.62,99.68,33481.0,7.7,Highly Active,2.0
3403.0,78.0,96.83,5411.0,4.15,Active,7.0
4329.0,68.7,97.1,12937.0,7.51,Active,3.0
4789.0,51.49,97.52,3003.0,6.81,Highly Active,10.0
1588.0,59.53,100.0,620.0,5.94,Sedentary,2.0
3012.0,70.08,96.87,617.0,4.88,Active,6.0
1519.0,68.28,98.84,5976.0,5.28,Sedentary,10.0
1294.0,53.8,98.21,18606.0,5.66,Highly Active,5.0
2985.0,85.15,98.46,517.0,9.25,Sedentary,10.0
2247.0,79.68,98.12,8178.0,7.46,Highly Active,8.0
2548.0,65.99,97.27,5799.0,5.44,Active,7.0
4117.0,72.54,95.75,7394.0,5.69,Highly Active,7.0
2690.0,58.92,96.13,1699.0,5.69,Active,1.0
2136.0,87.8,99.49,512.0,5.85,Sedentary,6.0
2256.0,106.03,98.94,544.0,6.52,Sedentary,6.0
3064.0,65.33,98.42,1983.0,6.28,Active,5.0
1359.0,93.36,100.0,1682.0,6.65,Sedentary,5.0
4294.0,62.09,100.0,946.0,3.5,Highly Active,2.0
3913.0,67.02,96.12,2152.0,7.7,Highly Active,6.0
1699.0,96.51,100.0,5345.0,5.66,Highly Active,9.0
1447.0,73.2,95.6,20902.0,7.86,Highly Active,2.0
3903.0,85.3,97.13,17881.0,9.79,Active,1.0
3412.0,70.96,98.33,2219.0,4.32,Sedentary,3.0
1674.0,47.96,99.68,2219.0,6.65,Sedentary,10.0
2007.0,110.06,95.48,38037.0,5.87,Sedentary,7.0
2349.0,71.75,98.16,4529.0,7.09,Active,9.0
3514.0,71.75,98.23,26813.0,3.34,Active,7.0
3461.0,64.01,95.08,5400.0,5.96,Sedentary,10.0
4526.0,86.7,98.88,15223.0,5.27,Highly Active,10.0
1585.0,85.6,97.75,4150.0,8.94,Sedentary,10.0
2256.0,51.64,99.14,6810.0,9.29,Sedentary,3.0
2247.0,77.57,97.06,5371.0,6.07,Sedentary,5.0
1993.0,88.16,97.25,1738.0,4.78,Active,3.0
4902.0,93.01,100.0,10101.0,5.24,Highly Active,6.0
2435.0,84.7,96.44,395.0,6.56,Active,6.0
1571.0,86.02,97.64,3150.0,4.4,Active,8.0
3382.0,66.9,96.98,14276.0,7.28,Sedentary,7.0
2245.0,56.56,98.27,4890.0,6.21,Sedentary,2.0
3084.0,70.34,98.6,566.0,7.03,Active,1.0
1988.0,56.22,100.0,1628.0,7.09,Highly Active,6.0
1277.0,63.91,96.9,813.0,8.57,Sedentary,10.0
2219.0,63.91,97.49,2277.0,7.45,Sedentary,4.0
3963.0,60.89,98.49,1265.0,6.94,Sedentary,9.0
2887.0,82.98,94.41,8712.0,6.87,Sedentary,2.0
1483.0,59.81,100.0,7540.0,3.53,Highly Active,6.0
2265.0,102.53,91.51,1016.0,6.77,Active,1.0
4395.0,89.84,99.44,4121.0,7.42,Active,10.0
1730.0,92.84,100.0,2455.0,6.32,Highly Active,8.0
3239.0,64.66,99.21,2455.0,9.0,Sedentary,1.0
2040.0,78.0,99.4,6006.0,4.27,Sedentary,9.0
3571.0,59.36,98.21,16027.0,5.39,Highly Active,10.0
1917.0,78.26,96.33,15933.0,5.55,Highly Active,5.0
3448.0,48.48,99.58,3729.0,6.51,Active,7.0
4977.0,90.93,95.19,3497.0,5.53,Active,7.0
1885.0,65.33,95.64,5108.0,4.64,Highly Active,9.0
3752.0,79.54,97.09,4499.0,5.97,Sedentary,4.0
1021.0,82.33,99.04,446.0,8.02,Sedentary,10.0
1473.0,66.69,95.53,6052.0,7.63,Active,9.0
4191.0,63.03,99.35,6152.0,5.46,Sedentary,8.0
3257.0,73.2,98.88,4189.0,5.94,Sedentary,8.0
3353.0,87.04,98.16,3741.0,5.33,Highly Active,1.0
4341.0,72.8,94.66,19572.0,4.61,Active,8.0
1703.0,84.04,99.84,6428.0,7.14,Active,9.0
1686.0,86.91,97.51,11860.0,4.58,Highly Active,1.0
1284.0,72.11,97.86,21530.0,7.49,Sedentary,3.0
1715.0,73.31,97.02,11629.0,9.23,Active,1.0
4747.0,77.08,94.88,20050.0,7.06,Active,10.0
1762.0,256.38,96.03,9969.0,7.43,Sedentary,4.0
2250.0,69.85,99.9,1305.0,7.39,Sedentary,8.0
1947.0,92.07,100.0,1802.0,5.77,Highly Active,5.0
3428.0,78.83,99.11,1509.0,7.05,Active,7.0
3507.0,63.95,99.51,2722.0,6.97,Active,7.0
2030.0,74.37,100.0,3069.0,5.56,Sedentary,2.0
1028.0,58.19,100.0,11669.0,2.73,Active,1.0
1906.0,54.81,99.18,3133.0,4.93,Highly Active,7.0
4104.0,84.1,96.8,9094.0,5.09,Highly Active,8.0
4717.0,86.97,94.04,16390.0,7.25,Highly Active,8.0
3926.0,74.5,98.13,852.0,4.28,Highly Active,5.0
3126.0,74.5,98.35,2.0,9.31,Highly Active,1.0
4999.0,66.35,100.0,15366.0,8.94,Active,4.0
3994.0,77.55,99.33,1905.0,8.08,Highly Active,7.0
1569.0,90.15,96.22,2449.0,3.38,Highly Active,4.0
3006.0,73.86,98.18,1441.0,7.75,Active,1.0
4609.0,72.55,100.0,11047.0,5.38,Active,7.0
4553.0,69.35,97.59,7046.0,7.68,Highly Active,3.0
2453.0,53.83,95.43,1282.0,7.4,Sedentary,3.0
1737.0,67.76,96.29,6132.0,5.84,Sedentary,6.0
1515.0,61.02,96.62,1541.0,6.78,Sedentary,6.0
3000.0,70.8,95.72,6335.0,4.15,Highly Active,5.0
4170.0,58.23,99.1,7649.0,6.92,Highly Active,2.0
3444.0,86.78,99.37,2975.0,7.21,Sedentary,4.0
4560.0,55.9,100.0,10090.0,5.51,Active,9.0
1038.0,83.89,97.9,12707.0,4.25,Active,1.0
4342.0,90.43,97.86,17367.0,8.94,Active,5.0
1886.0,70.15,98.69,6886.0,5.7,Active,2.0
3844.0,64.7,96.87,1739.0,6.19,Active,4.0
3204.0,82.13,95.75,9661.0,8.14,Active,4.0
2098.0,99.04,96.2,799.0,5.65,Sedentary,5.0
3931.0,95.13,99.22,1400.0,5.36,Highly Active,6.0
2823.0,73.89,99.83,12519.0,9.52,Active,6.0
4201.0,61.75,100.0,16920.0,5.4,Active,8.0
2710.0,71.52,95.95,483.0,8.33,Highly Active,2.0
1973.0,49.65,95.86,2619.0,6.73,Highly Active,3.0
4155.0,66.66,94.19,6944.0,6.7,Active,3.0
4093.0,81.76,98.31,19538.0,5.74,Active,9.0
4530.0,69.48,99.08,5920.0,6.2,Active,9.0
2562.0,65.99,96.74,12042.0,9.18,Active,10.0
4778.0,74.17,94.95,17925.0,7.78,Sedentary,10.0
3896.0,70.96,100.0,5124.0,4.46,Highly Active,1.0
4453.0,86.33,98.73,9442.0,4.46,Sedentary,7.0
3795.0,55.1,95.55,7602.0,7.07,Sedentary,3.0
4511.0,82.9,97.28,7790.0,7.46,Active,4.0
4675.0,74.31,100.0,5095.0,7.65,Active,2.0
1988.0,81.51,99.9,6832.0,6.38,Highly Active,1.0
1020.0,54.16,97.34,5658.0,5.23,Sedentary,2.0
3350.0,88.25,96.09,7108.0,5.29,Highly Active,2.0
1868.0,83.15,100.0,4925.0,3.05,Sedentary,8.0
1083.0,100.1,95.14,1762.0,8.95,Highly Active,9.0
4845.0,62.51,99.0,8280.0,2.56,Highly Active,3.0
2682.0,66.23,98.96,3392.0,6.14,Highly Active,3.0
2976.0,48.24,100.0,957.0,3.84,Sedentary,8.0
4524.0,62.65,99.12,13342.0,5.62,Active,9.0
2410.0,96.51,99.25,1401.0,7.36,Sedentary,8.0
2530.0,79.43,99.25,5446.0,3.07,Sedentary,8.0
4328.0,79.43,98.61,8939.0,7.03,Active,10.0
1569.0,77.0,100.0,7303.0,7.81,Highly Active,5.0
4963.0,74.08,98.03,1228.0,5.87,Sedentary,2.0
1933.0,46.36,99.74,1511.0,10.61,Sedentary,8.0
4598.0,49.08,97.2,1128.0,3.13,Active,7.0
4233.0,91.6,95.94,527.0,3.93,Sedentary,8.0
2980.0,86.05,97.04,527.0,6.05,Highly Active,9.0
4234.0,52.73,97.51,5198.0,6.08,Active,5.0
2855.0,73.1,95.9,1329.0,6.67,Sedentary,6.0
4056.0,64.26,95.02,24749.0,7.89,Active,4.0
1792.0,91.33,100.0,8401.0,4.62,Active,9.0
1791.0,81.71,96.8,6130.0,4.46,Active,9.0
4595.0,58.43,97.44,8007.0,5.46,Sedentary,5.0
2809.0,76.8,96.85,4008.0,8.05,Sedentary,10.0
2294.0,74.38,93.37,4443.0,7.71,Sedentary,10.0
3539.0,74.42,100.0,15366.0,6.4,Sedentary,5.0
3255.0,67.35,96.16,8959.0,5.74,Highly Active,6.0
4610.0,75.37,100.0,6210.0,6.27,Sedentary,1.0
2607.0,62.24,96.02,21000.0,7.04,Active,2.0
2083.0,57.18,98.45,7606.0,6.65,Highly Active,6.0
3477.0,56.3,99.9,3561.0,4.39,Active,7.0
1984.0,59.26,95.65,340.0,4.28,Highly Active,8.0
2680.0,81.33,97.18,3468.0,6.11,Highly Active,4.0
4676.0,81.74,96.76,18114.0,7.59,Highly Active,8.0
4380.0,96.91,97.1,320.0,7.59,Sedentary,9.0
1519.0,96.91,99.55,1428.0,7.11,Sedentary,7.0
1590.0,85.52,100.0,11579.0,3.82,Highly Active,2.0
2050.0,75.71,97.29,3178.0,6.61,Active,7.0
2709.0,79.49,98.54,1440.0,5.33,Active,5.0
4633.0,87.13,95.38,11837.0,3.37,Active,4.0
3035.0,83.73,100.0,5722.0,5.68,Active,6.0
3246.0,76.63,99.0,5566.0,4.61,Sedentary,10.0
3434.0,65.8,99.68,2435.0,6.09,Sedentary,1.0
1348.0,79.14,97.04,7870.0,7.12,Sedentary,9.0
1959.0,95.46,100.0,13855.0,7.19,Highly Active,3.0
2963.0,77.63,98.28,9710.0,3.53,Sedentary,9.0
1692.0,69.07,99.93,6635.0,7.36,Sedentary,10.0
2559.0,87.32,96.16,3021.0,7.12,Active,1.0
4899.0,54.22,98.36,13508.0,5.86,Active,1.0
1377.0,69.6,93.94,5845.0,4.6,Active,4.0
3946.0,60.29,99.25,15425.0,5.89,Highly Active,9.0
3963.0,73.18,99.11,2053.0,8.92,Highly Active,2.0
4629.0,73.18,94.3,7435.0,7.39,Highly Active,8.0
1526.0,84.61,95.73,19154.0,7.96,Active,7.0
4224.0,46.98,96.36,3280.0,5.02,Active,7.0
3781.0,65.72,96.36,21150.0,5.7,Active,2.0
3253.0,52.51,92.37,3488.0,4.55,Sedentary,1.0
3502.0,90.87,100.0,4030.0,5.5,Highly Active,4.0
4344.0,66.26,96.51,11495.0,6.5,Highly Active,4.0
4965.0,76.14,100.0,2115.0,5.83,Active,2.0
2259.0,76.86,98.02,8566.0,5.47,Sedentary,4.0
2875.0,78.09,93.29,2481.0,6.86,Highly Active,3.0
2763.0,40.0,94.84,6306.0,5.64,Sedentary,4.0
1520.0,80.42,98.04,10472.0,6.64,Sedentary,9.0
2701.0,66.77,95.27,185.0,5.65,Active,4.0
2016.0,87.69,96.0,648.0,6.79,Sedentary,1.0
4003.0,78.04,93.06,19067.0,5.93,Active,1.0
4902.0,283.59,97.09,11843.0,4.82,Sedentary,5.0
3773.0,64.08,100.0,14670.0,8.08,Sedentary,7.0
2013.0,58.07,96.56,4046.0,9.23,Highly Active,3.0
3548.0,88.36,99.07,8820.0,7.25,Active,3.0
1116.0,83.45,95.84,44539.0,4.25,Active,5.0
3433.0,78.33,100.0,3966.0,6.16,Highly Active,6.0
2367.0,78.31,96.98,13131.0,6.87,Sedentary,6.0
1583.0,81.31,98.5,578.0,3.97,Active,10.0
1394.0,55.62,98.5,5495.0,5.7,Highly Active,10.0
2087.0,91.13,98.5,2837.0,4.39,Active,9.0
4788.0,72.69,95.34,5183.0,4.96,Active,1.0
3768.0,73.12,100.0,848.0,7.01,Sedentary,5.0
1071.0,68.73,98.1,3209.0,6.5,Highly Active,6.0
4860.0,40.0,96.41,557.0,4.86,Highly Active,8.0
1273.0,83.63,97.46,4224.0,6.4,Active,5.0
3013.0,60.02,98.84,4081.0,5.96,Active,5.0
2343.0,60.02,99.35,2800.0,7.82,Active,10.0
1337.0,62.7,96.83,20738.0,6.5,Highly Active,10.0
2389.0,69.85,99.4,606.0,5.39,Sedentary,8.0
4566.0,69.85,97.97,12196.0,8.78,Sedentary,10.0
1606.0,69.85,96.35,3069.0,4.75,Sedentary,10.0
1165.0,71.61,97.22,1556.0,4.88,Active,7.0
2567.0,67.79,96.75,2228.0,5.72,Sedentary,9.0
3058.0,59.39,100.0,16252.0,8.4,Highly Active,8.0
2324.0,92.59,98.23,12197.0,7.1,Active,4.0
1728.0,62.98,99.48,111.0,4.91,Sedentary,4.0
3848.0,83.43,100.0,1116.0,6.37,Active,8.0
3043.0,85.02,98.18,7868.0,5.97,Sedentary,1.0
1101.0,88.86,98.18,2673.0,7.17,Highly Active,7.0
4496.0,66.82,98.06,17605.0,6.44,Active,2.0
2415.0,72.02,97.81,10809.0,6.79,Active,2.0
1778.0,72.48,97.37,14558.0,6.02,Highly Active,2.0
1213.0,72.48,97.09,1500.0,8.48,Highly Active,9.0
4762.0,71.36,99.05,1143.0,6.44,Sedentary,10.0
2111.0,81.88,95.87,18811.0,5.56,Active,10.0
2576.0,71.16,95.67,3625.0,8.09,Active,2.0
3448.0,91.76,99.78,3762.0,7.39,Active,5.0
3635.0,74.82,100.0,8077.0,5.14,Highly Active,5.0
3936.0,73.02,100.0,3546.0,0.59,Active,3.0
4117.0,80.09,97.19,14567.0,7.31,Highly Active,1.0
2695.0,99.53,94.55,22372.0,5.85,Highly Active,4.0
4534.0,65.92,94.22,2830.0,6.56,Sedentary,4.0
1591.0,90.59,100.0,1633.0,8.27,Highly Active,4.0
2333.0,62.74,99.74,548.0,5.07,Sedentary,4.0
2109.0,62.74,98.92,1689.0,4.81,Sedentary,2.0
3139.0,63.08,99.27,1051.0,4.41,Active,10.0
4731.0,69.43,99.37,207.0,9.81,Sedentary,7.0
3720.0,64.82,100.0,334.0,8.29,Active,3.0
1713.0,85.47,95.82,4984.0,7.51,Active,2.0
1935.0,67.54,96.25,8612.0,3.61,Highly Active,10.0
2951.0,82.95,98.97,28629.0,4.36,Sedentary,2.0
1241.0,67.1,99.54,1185.0,7.55,Sedentary,6.0
3043.0,74.92,95.58,8387.0,7.1,Sedentary,9.0
4936.0,96.86,99.66,5652.0,6.09,Highly Active,1.0
1001.0,63.82,97.11,4552.0,4.47,Highly Active,4.0
4262.0,64.1,99.04,8957.0,8.08,Highly Active,7.0
3848.0,71.31,95.41,1909.0,9.19,Active,4.0
2768.0,74.74,94.14,2611.0,7.16,Highly Active,2.0
2949.0,84.31,99.15,3399.0,5.37,Highly Active,3.0
3636.0,75.64,100.0,1410.0,8.79,Highly Active,1.0
3163.0,78.68,98.08,4559.0,6.75,Highly Active,3.0
4737.0,57.69,100.0,990.0,8.94,Sedentary,4.0
1917.0,79.52,95.25,2681.0,5.96,Sedentary,8.0
4174.0,79.92,96.23,841.0,9.59,Sedentary,2.0
3241.0,85.07,98.98,256.0,5.83,Sedentary,6.0
4237.0,70.07,99.08,3072.0,5.51,Active,7.0
3918.0,74.9,96.99,6728.0,6.5,Sedentary,5.0
1089.0,85.6,99.17,1153.0,6.39,Sedentary,9.0
2709.0,59.12,96.93,35206.0,7.08,Sedentary,4.0
3169.0,48.08,98.24,2245.0,4.97,Active,9.0
1142.0,58.37,98.7,161.0,5.0,Sedentary,9.0
4041.0,65.41,100.0,199.0,5.93,Highly Active,7.0
1105.0,91.09,96.24,7688.0,7.04,Highly Active,10.0
1886.0,91.09,99.2,7758.0,5.33,Highly Active,9.0
1427.0,61.36,99.7,16310.0,8.1,Sedentary,4.0
2328.0,73.74,100.0,667.0,6.34,Highly Active,5.0
2895.0,67.1,100.0,3305.0,9.06,Sedentary,9.0
2994.0,82.22,99.37,15405.0,6.5,Active,7.0
1316.0,79.2,99.37,11185.0,7.01,Active,2.0
2986.0,61.85,98.96,1861.0,6.5,Active,8.0
1634.0,65.68,100.0,15449.0,6.91,Highly Active,6.0
2925.0,72.85,95.82,7994.0,6.43,Highly Active,7.0
3056.0,93.45,96.27,2149.0,7.77,Sedentary,8.0
3821.0,65.19,100.0,321.0,4.65,Highly Active,5.0
4144.0,51.73,100.0,4816.0,6.92,Highly Active,2.0
4430.0,94.55,94.95,8740.0,5.02,Sedentary,4.0
3270.0,82.46,98.05,2190.0,5.02,Sedentary,8.0
1574.0,57.56,97.98,1294.0,6.9,Sedentary,9.0
1552.0,79.6,100.0,548.0,7.92,Sedentary,10.0
4441.0,79.6,100.0,12917.0,6.5,Sedentary,6.0
1715.0,76.41,98.61,394.0,8.98,Active,10.0
2287.0,95.44,95.99,6581.0,8.0,Highly Active,6.0
4911.0,83.33,97.15,10085.0,6.57,Highly Active,4.0
2713.0,79.58,94.38,10614.0,4.9,Active,8.0
2883.0,79.58,94.88,7423.0,8.79,Active,5.0
4389.0,77.04,100.0,7405.0,7.19,Active,1.0
2107.0,88.17,97.39,4498.0,7.19,Highly Active,7.0
2341.0,72.76,97.41,3773.0,5.48,Active,7.0
1110.0,89.24,97.73,1034.0,6.79,Active,4.0
1250.0,79.68,98.23,5365.0,5.56,Active,3.0
3430.0,76.58,98.84,516.0,8.32,Sedentary,2.0
3054.0,70.38,96.13,4420.0,8.36,Sedentary,3.0
1458.0,70.52,100.0,9189.0,6.27,Highly Active,1.0
2107.0,79.79,96.69,4095.0,5.62,Highly Active,2.0
1207.0,90.2,94.58,4969.0,7.69,Sedentary,5.0
1899.0,82.57,95.25,12925.0,7.48,Highly Active,10.0
4461.0,64.28,97.98,7281.0,4.75,Highly Active,10.0
4385.0,51.02,99.85,956.0,6.06,Highly Active,6.0
1021.0,86.1,99.6,5481.0,9.79,Sedentary,10.0
1409.0,86.1,100.0,3174.0,6.49,Active,3.0
1894.0,70.86,95.48,1622.0,6.85,Highly Active,2.0
1514.0,68.05,100.0,7308.0,7.32,Sedentary,9.0
4198.0,87.31,99.0,3420.0,5.66,Highly Active,7.0
1808.0,62.09,97.36,10206.0,7.65,Highly Active,3.0
4771.0,97.44,96.51,6182.0,7.07,Sedentary,7.0
1873.0,81.18,96.15,771.0,8.19,Active,6.0
1013.0,74.6,99.07,3019.0,3.97,Active,5.0
1970.0,63.39,98.14,2201.0,7.03,Sedentary,10.0
4025.0,88.23,94.37,1137.0,6.81,Highly Active,4.0
4061.0,68.34,97.4,11274.0,4.37,Highly Active,4.0
4083.0,85.64,97.15,3330.0,6.1,Active,10.0
3134.0,80.99,100.0,6650.0,7.09,Active,10.0
4595.0,94.37,98.7,14960.0,6.58,Sedentary,2.0
3956.0,77.38,98.7,5482.0,6.46,Active,10.0
2560.0,121.75,96.42,2090.0,6.48,Sedentary,8.0
2324.0,83.32,98.54,10947.0,5.8,Sedentary,5.0
2266.0,77.19,96.73,4006.0,9.51,Highly Active,8.0
3169.0,69.16,95.09,5808.0,6.99,Highly Active,4.0
4218.0,88.15,98.7,16265.0,6.96,Active,6.0
4638.0,69.5,97.85,4703.0,4.51,Active,7.0
1749.0,63.39,97.63,2853.0,6.03,Highly Active,7.0
4427.0,67.97,98.14,9098.0,5.71,Sedentary,4.0
1684.0,72.12,99.1,1003.0,6.45,Highly Active,6.0
2927.0,108.75,95.38,17151.0,6.02,Highly Active,5.0
4804.0,79.39,96.35,17301.0,5.57,Active,7.0
4702.0,65.08,100.0,6063.0,6.16,Active,8.0
3356.0,91.33,100.0,1173.0,4.88,Active,7.0
1694.0,77.83,100.0,4212.0,7.39,Active,9.0
4313.0,94.42,99.59,3853.0,7.71,Sedentary,7.0
1306.0,103.68,99.41,2480.0,7.25,Active,4.0
4883.0,52.62,97.83,1347.0,7.78,Active,8.0
4665.0,40.0,95.01,2143.0,7.68,Active,1.0
2989.0,104.87,99.36,5676.0,4.57,Sedentary,1.0
3961.0,64.69,97.84,8102.0,8.74,Active,6.0
4794.0,49.52,94.61,27244.0,7.8,Sedentary,2.0
1661.0,67.13,99.16,1701.0,3.64,Highly Active,4.0
1548.0,60.49,100.0,1597.0,5.36,Sedentary,8.0
4423.0,63.41,96.39,871.0,4.65,Highly Active,2.0
1311.0,87.84,97.25,19577.0,7.15,Active,3.0
3920.0,69.61,98.74,3367.0,5.7,Active,3.0
2082.0,50.73,98.74,18037.0,6.54,Active,3.0
4714.0,75.49,97.71,15415.0,9.1,Highly Active,8.0
3971.0,62.23,98.46,315.0,9.1,Sedentary,10.0
2737.0,71.26,99.61,2297.0,5.06,Sedentary,3.0
1754.0,72.12,99.61,2522.0,7.19,Sedentary,2.0
1034.0,87.68,99.06,2274.0,9.24,Highly Active,9.0
1444.0,67.42,97.59,3878.0,5.13,Sedentary,5.0
3140.0,85.47,98.29,4842.0,7.95,Highly Active,4.0
2982.0,51.07,98.71,9937.0,6.25,Highly Active,10.0
2230.0,88.48,93.06,2181.0,5.09,Sedentary,4.0
1352.0,94.48,96.65,2484.0,8.77,Highly Active,6.0
1902.0,71.55,100.0,6390.0,5.86,Active,8.0
2355.0,62.72,93.95,1383.0,6.28,Highly Active,9.0
4888.0,58.84,98.79,4486.0,5.97,Sedentary,7.0
3909.0,74.62,100.0,2023.0,8.08,Sedentary,1.0
2748.0,93.24,100.0,1544.0,7.98,Sedentary,8.0
1158.0,68.61,99.67,11116.0,5.39,Active,9.0
2977.0,91.67,100.0,8596.0,6.67,Active,7.0
1956.0,57.73,100.0,2012.0,7.05,Active,10.0
3071.0,69.73,97.23,3755.0,7.96,Active,7.0
1403.0,74.35,99.44,1173.0,5.59,Highly Active,5.0
3852.0,78.25,95.23,382.0,8.57,Sedentary,9.0
1515.0,70.01,99.95,6160.0,7.72,Highly Active,3.0
3779.0,93.7,97.86,3163.0,5.08,Active,8.0
2387.0,93.94,100.0,1626.0,6.5,Highly Active,10.0
4453.0,72.38,98.55,852.0,7.23,Highly Active,6.0
3579.0,67.19,99.99,7977.0,5.44,Sedentary,10.0
1955.0,65.99,98.29,2217.0,7.14,Highly Active,2.0
3199.0,90.52,97.5,16655.0,6.5,Highly Active,7.0
4633.0,65.02,98.62,1499.0,4.2,Sedentary,5.0
2712.0,53.08,94.94,1956.0,1.71,Active,2.0
2340.0,55.32,97.79,13361.0,9.57,Highly Active,1.0
1607.0,85.0,97.11,5947.0,6.31,Active,6.0
4688.0,54.52,95.24,803.0,6.66,Highly Active,1.0
3467.0,69.02,96.6,5581.0,4.96,Highly Active,7.0
2273.0,76.53,95.41,2578.0,5.6,Highly Active,1.0
4188.0,49.77,94.92,9348.0,9.75,Active,5.0
3913.0,77.73,96.85,567.0,10.13,Highly Active,1.0
2535.0,70.13,99.01,17497.0,3.72,Active,6.0
4811.0,46.39,95.01,4553.0,6.59,Active,8.0
3625.0,77.93,97.91,9277.0,9.3,Active,3.0
2441.0,77.77,97.78,1374.0,7.53,Highly Active,4.0
3979.0,82.56,99.68,14847.0,6.25,Active,8.0
2797.0,78.87,100.0,1854.0,7.27,Highly Active,2.0
1294.0,85.95,100.0,1480.0,8.67,Active,1.0
1754.0,60.81,96.72,5147.0,8.67,Sedentary,6.0
2394.0,54.05,96.07,29190.0,4.68,Sedentary,2.0
1185.0,57.58,97.07,2632.0,5.55,Active,5.0
2269.0,62.82,99.04,23358.0,7.66,Highly Active,8.0
1636.0,105.33,98.08,3998.0,6.4,Sedentary,3.0
2291.0,62.95,98.1,12599.0,5.68,Highly Active,8.0
4714.0,67.17,98.2,5285.0,4.86,Sedentary,1.0
4308.0,71.49,98.15,1608.0,5.0,Active,5.0
1529.0,69.65,98.53,14841.0,5.43,Active,1.0
4623.0,102.23,99.88,523.0,7.19,Sedentary,4.0
3068.0,49.12,98.7,8037.0,5.72,Sedentary,8.0
3958.0,107.78,95.81,12435.0,6.77,Sedentary,8.0
4808.0,77.17,99.85,12488.0,6.74,Sedentary,4.0
2884.0,89.42,100.0,7456.0,7.65,Sedentary,1.0
1793.0,75.31,97.71,2023.0,5.27,Sedentary,7.0
4591.0,87.23,98.62,5310.0,8.92,Sedentary,7.0
3147.0,60.83,97.07,6951.0,3.86,Sedentary,5.0
3799.0,54.68,96.45,15432.0,6.01,Sedentary,8.0
1477.0,113.9,96.69,1218.0,5.86,Sedentary,10.0
2622.0,113.9,96.83,4377.0,5.32,Active,5.0
4369.0,59.19,100.0,2836.0,3.19,Sedentary,9.0
1939.0,85.75,97.85,3907.0,8.32,Sedentary,2.0
1525.0,92.37,96.37,1415.0,7.74,Sedentary,7.0
3381.0,84.9,97.52,1716.0,7.25,Active,10.0
1001.0,71.88,99.33,10283.0,5.41,Active,2.0
1374.0,105.37,100.0,4556.0,5.74,Sedentary,2.0
3340.0,85.31,99.08,5053.0,6.0,Highly Active,9.0
3884.0,61.08,97.95,15944.0,6.14,Highly Active,4.0
4052.0,69.2,100.0,1921.0,7.69,Active,2.0
1552.0,58.95,97.56,2796.0,5.76,Highly Active,1.0
3365.0,73.39,97.44,2583.0,5.21,Sedentary,1.0
2525.0,72.9,95.69,7536.0,6.72,Highly Active,2.0
2851.0,86.33,95.69,5786.0,6.56,Sedentary,4.0
1380.0,86.11,95.68,4465.0,7.26,Highly Active,6.0
1013.0,80.42,97.84,4630.0,5.89,Sedentary,5.0
1503.0,90.65,97.01,11848.0,7.9,Active,10.0
3278.0,71.61,100.0,3696.0,6.71,Highly Active,7.0
3008.0,40.0,98.61,15490.0,8.04,Active,7.0
4155.0,106.66,99.38,892.0,8.35,Sedentary,6.0
1129.0,61.34,98.95,691.0,5.36,Active,9.0
4814.0,85.43,95.84,7464.0,9.47,Highly Active,9.0
1837.0,69.89,97.59,3457.0,6.77,Active,1.0
4216.0,95.97,98.84,4258.0,4.78,Active,4.0
3938.0,60.57,94.52,8336.0,4.79,Highly Active,7.0
4928.0,64.34,94.47,1690.0,4.79,Highly Active,7.0
3040.0,67.53,98.37,314.0,8.47,Active,5.0
1027.0,83.31,97.51,4045.0,8.14,Highly Active,1.0
3113.0,78.35,91.03,15758.0,5.69,Highly Active,1.0
2252.0,76.9,96.04,5940.0,4.14,Sedentary,9.0
1260.0,88.98,99.0,1636.0,6.06,Highly Active,9.0
3046.0,89.23,97.01,4366.0,6.76,Active,9.0
2472.0,97.72,100.0,4586.0,8.75,Highly Active,2.0
2447.0,80.16,96.55,1876.0,6.09,Sedentary,3.0
1459.0,80.09,96.89,1252.0,6.0,Highly Active,1.0
4747.0,101.51,100.0,3018.0,6.93,Sedentary,9.0
1300.0,101.51,99.7,277.0,7.78,Active,8.0
3966.0,82.78,100.0,1274.0,8.83,Sedentary,10.0
4374.0,54.08,96.52,9201.0,5.45,Sedentary,9.0
3334.0,49.74,97.52,7331.0,6.24,Sedentary,4.0
4466.0,84.19,98.06,2626.0,6.71,Active,9.0
4081.0,84.81,97.54,5608.0,6.1,Highly Active,8.0
4778.0,64.16,98.33,12378.0,5.57,Active,3.0
1629.0,80.31,98.31,12791.0,6.11,Active,3.0
1269.0,61.3,97.62,7437.0,4.67,Sedentary,10.0
2993.0,83.97,100.0,1245.0,4.65,Highly Active,10.0
2801.0,80.03,97.08,7776.0,5.91,Sedentary,4.0
3891.0,70.59,95.13,2089.0,5.68,Sedentary,1.0
1861.0,71.82,96.16,4371.0,6.52,Highly Active,8.0
4432.0,92.39,97.05,12222.0,2.79,Active,8.0
2280.0,81.22,98.22,15565.0,6.02,Highly Active,8.0
3180.0,82.32,99.67,12765.0,6.79,Active,7.0
4347.0,76.3,99.71,867.0,7.96,Active,2.0
2799.0,84.77,100.0,16915.0,7.41,Active,6.0
2706.0,89.38,96.01,8067.0,8.41,Sedentary,2.0
4019.0,65.58,96.29,6751.0,4.35,Sedentary,2.0
3560.0,83.89,95.82,1991.0,8.07,Sedentary,5.0
3360.0,71.61,100.0,18440.0,6.95,Highly Active,10.0
1575.0,79.71,99.12,123.0,5.69,Highly Active,8.0
3933.0,87.53,99.77,600.0,6.66,Highly Active,8.0
3003.0,53.22,95.69,600.0,11.19,Active,8.0
2307.0,58.74,97.99,8292.0,6.72,Highly Active,1.0
4192.0,65.11,99.12,6826.0,6.62,Highly Active,2.0
4178.0,64.04,95.15,20262.0,7.79,Active,6.0
2956.0,72.56,97.01,3005.0,6.5,Highly Active,5.0
3734.0,100.39,98.87,2990.0,5.31,Highly Active,6.0
3020.0,92.68,93.66,7751.0,8.61,Highly Active,9.0
4275.0,92.68,100.0,1339.0,4.34,Active,1.0
3212.0,88.03,99.33,4366.0,6.56,Sedentary,7.0
3352.0,74.35,95.71,109.0,6.4,Sedentary,3.0
4568.0,80.16,97.9,6276.0,5.25,Active,9.0
2655.0,60.29,98.95,10727.0,4.52,Sedentary,8.0
2579.0,55.19,98.26,1595.0,6.31,Active,4.0
2847.0,85.99,97.88,2569.0,7.05,Highly Active,10.0
3203.0,75.49,97.77,990.0,8.07,Active,6.0
2390.0,82.84,99.55,6694.0,5.34,Sedentary,3.0
2742.0,98.91,99.63,5811.0,5.32,Highly Active,5.0
2925.0,71.42,99.4,12257.0,8.79,Sedentary,2.0
1619.0,71.56,99.41,24627.0,5.8,Highly Active,6.0
2274.0,101.53,98.96,28792.0,6.0,Active,2.0
1956.0,101.53,99.18,794.0,6.0,Highly Active,7.0
1475.0,62.95,100.0,5639.0,4.03,Sedentary,3.0
4953.0,86.04,97.77,10913.0,4.7,Highly Active,7.0
3381.0,71.43,94.6,7531.0,8.59,Highly Active,4.0
4713.0,71.43,100.0,15910.0,5.6,Sedentary,1.0
1968.0,76.35,98.9,4080.0,5.7,Active,9.0
3558.0,87.4,99.06,3899.0,5.83,Highly Active,5.0
2316.0,57.61,96.26,185.0,6.02,Highly Active,4.0
2043.0,57.26,94.68,110.0,5.81,Highly Active,4.0
1281.0,73.8,98.57,8258.0,6.71,Sedentary,7.0
3844.0,58.5,97.48,4464.0,8.38,Active,2.0
4072.0,55.86,97.96,7556.0,5.29,Active,9.0
3166.0,75.09,96.95,1905.0,5.61,Active,6.0
2058.0,91.59,98.11,13919.0,6.5,Highly Active,6.0
1197.0,86.82,96.65,16322.0,8.86,Highly Active,2.0
3532.0,73.4,100.0,7599.0,6.06,Active,4.0
4828.0,94.24,97.61,2278.0,5.15,Highly Active,2.0
2082.0,101.02,99.72,1705.0,3.47,Active,8.0
3884.0,101.02,98.95,6875.0,5.36,Sedentary,8.0
2184.0,69.51,100.0,19785.0,5.2,Highly Active,4.0
2008.0,98.44,98.36,6041.0,4.71,Active,6.0
3738.0,97.78,99.84,12798.0,6.61,Sedentary,8.0
2229.0,78.8,99.44,5833.0,6.5,Sedentary,9.0
2035.0,93.34,100.0,7859.0,8.64,Active,5.0
1489.0,63.28,99.42,5872.0,6.82,Highly Active,5.0
1275.0,43.99,96.45,5996.0,8.01,Active,5.0
3740.0,60.43,97.63,9409.0,6.24,Highly Active,5.0
3289.0,78.1,95.57,3532.0,5.18,Active,3.0
2239.0,73.89,97.38,16404.0,7.43,Highly Active,1.0
2274.0,89.43,95.24,13940.0,4.81,Active,5.0
4882.0,52.72,99.51,9045.0,8.24,Highly Active,6.0
1125.0,53.01,94.4,9522.0,5.38,Sedentary,9.0
1216.0,86.43,95.87,3732.0,7.61,Active,7.0
4377.0,53.46,98.64,12509.0,7.06,Highly Active,10.0
4868.0,70.94,99.61,18881.0,5.04,Active,9.0
2208.0,75.37,93.98,11098.0,8.32,Sedentary,8.0
2246.0,83.67,99.29,10813.0,5.38,Highly Active,10.0
3542.0,102.48,94.42,6568.0,6.6,Active,8.0
3474.0,70.05,98.02,33099.0,7.8,Active,8.0
4249.0,72.45,98.94,3117.0,8.34,Sedentary,3.0
1918.0,115.4,97.07,3000.0,5.96,Sedentary,10.0
4499.0,54.6,97.07,2137.0,6.71,Sedentary,2.0
2317.0,59.32,98.01,952.0,5.97,Highly Active,6.0
4923.0,59.32,100.0,952.0,5.88,Sedentary,2.0
3198.0,51.65,93.52,5055.0,5.7,Highly Active,3.0
3431.0,82.43,97.06,16840.0,4.45,Active,3.0
2661.0,65.91,97.22,11621.0,7.79,Sedentary,5.0
4884.0,50.76,94.58,1410.0,6.65,Sedentary,5.0
1307.0,82.9,98.72,5774.0,8.79,Highly Active,2.0
2359.0,83.34,96.87,13138.0,7.74,Active,6.0
2969.0,75.02,96.21,5428.0,5.9,Active,5.0
3793.0,106.04,95.5,16968.0,4.79,Active,10.0
1891.0,63.43,98.2,16693.0,9.3,Sedentary,6.0
1374.0,88.0,98.97,2997.0,3.95,Active,2.0
4079.0,79.91,97.64,14496.0,5.99,Active,6.0
3033.0,89.57,99.82,6158.0,6.01,Sedentary,7.0
2364.0,67.44,98.75,4575.0,5.53,Highly Active,8.0
1128.0,54.23,100.0,10419.0,5.22,Active,8.0
2799.0,54.23,95.16,7877.0,5.41,Active,10.0
3716.0,85.21,99.21,11658.0,6.42,Sedentary,1.0
4423.0,75.26,97.45,21172.0,6.96,Active,3.0
2381.0,78.23,95.32,14450.0,5.71,Active,10.0
1516.0,100.88,96.02,540.0,5.7,Sedentary,8.0
2518.0,74.64,99.49,13281.0,4.94,Highly Active,6.0
1085.0,67.01,99.89,10648.0,6.75,Highly Active,2.0
2198.0,81.6,99.54,18296.0,6.57,Highly Active,4.0
4873.0,49.26,98.2,9418.0,7.07,Sedentary,3.0
4264.0,49.23,97.54,14718.0,5.69,Highly Active,7.0
3358.0,72.99,97.63,72.0,5.13,Sedentary,3.0
2142.0,61.01,98.51,26655.0,6.47,Sedentary,5.0
3474.0,61.01,96.04,13978.0,5.17,Highly Active,1.0
2993.0,82.89,100.0,18576.0,5.56,Sedentary,9.0
4485.0,73.85,98.09,16.0,4.66,Highly Active,3.0
3161.0,76.24,93.57,17148.0,4.74,Active,6.0
4216.0,76.24,95.5,12371.0,5.68,Highly Active,3.0
2021.0,87.74,97.17,17894.0,5.24,Active,10.0
4719.0,86.89,98.42,1363.0,7.7,Highly Active,10.0
1302.0,89.86,98.02,10518.0,6.54,Active,5.0
3791.0,89.17,96.61,4679.0,8.4,Active,6.0
4952.0,75.81,100.0,2086.0,8.41,Active,5.0
1587.0,64.53,99.5,9879.0,6.52,Active,1.0
1986.0,72.49,97.93,4487.0,3.49,Active,1.0
2863.0,76.75,94.87,16110.0,7.1,Active,1.0
1344.0,64.89,97.39,8683.0,8.22,Sedentary,3.0
1813.0,99.45,97.25,1049.0,7.45,Active,9.0
2987.0,99.52,94.64,2021.0,7.02,Highly Active,7.0
3848.0,73.2,99.04,2151.0,6.13,Highly Active,5.0
4072.0,90.46,98.38,2952.0,4.73,Active,5.0
4218.0,83.4,96.06,7686.0,7.44,Active,8.0
2310.0,67.55,98.5,15732.0,6.21,Highly Active,9.0
2999.0,81.18,99.96,6305.0,6.97,Highly Active,3.0
2677.0,63.39,99.02,9755.0,5.62,Active,4.0
4124.0,61.8,96.83,2666.0,9.5,Active,3.0
2327.0,82.15,100.0,5174.0,6.86,Highly Active,8.0
2092.0,82.33,98.87,4910.0,6.5,Active,4.0
3408.0,115.41,96.75,8453.0,4.8,Active,4.0
4673.0,72.67,100.0,5108.0,4.4,Highly Active,10.0
4291.0,67.07,94.41,2848.0,7.43,Sedentary,10.0
2009.0,88.84,95.67,1957.0,5.63,Highly Active,6.0
1703.0,74.62,97.01,2058.0,5.83,Sedentary,4.0
1574.0,65.29,99.95,27701.0,5.69,Active,5.0
2608.0,66.21,96.68,3096.0,6.5,Active,9.0
4232.0,72.31,97.75,11501.0,6.06,Sedentary,7.0
1028.0,90.82,96.16,518.0,6.58,Active,9.0
2112.0,81.47,99.4,658.0,4.99,Active,9.0
1687.0,62.5,98.95,8112.0,7.0,Highly Active,5.0
3828.0,102.52,95.1,4277.0,4.66,Sedentary,4.0
3632.0,61.39,97.91,14871.0,5.84,Active,3.0
4828.0,63.94,98.5,13875.0,5.84,Sedentary,3.0
3636.0,63.94,97.62,9864.0,6.48,Active,9.0
1044.0,97.46,97.86,11824.0,4.04,Sedentary,9.0
1488.0,80.3,96.62,14309.0,2.32,Sedentary,4.0
4018.0,55.64,99.66,10714.0,7.35,Highly Active,1.0
2347.0,76.45,99.66,5239.0,7.54,Sedentary,8.0
4681.0,54.49,99.89,2153.0,7.16,Highly Active,2.0
4452.0,112.27,98.0,10838.0,6.16,Sedentary,8.0
4173.0,79.31,97.01,2676.0,6.13,Highly Active,8.0
1493.0,87.02,97.88,1966.0,6.34,Active,3.0
2667.0,69.45,97.88,1318.0,7.38,Active,8.0
2637.0,102.09,97.31,6907.0,6.3,Highly Active,6.0
1018.0,67.46,97.24,1944.0,7.06,Highly Active,5.0
4525.0,62.12,96.0,3288.0,8.47,Sedentary,5.0
2317.0,62.12,100.0,8643.0,5.05,Active,1.0
4665.0,88.2,96.38,11053.0,6.22,Sedentary,6.0
3444.0,106.93,95.57,2646.0,5.21,Active,4.0
2000.0,99.21,98.87,12952.0,5.91,Active,7.0
4350.0,92.93,94.23,418.0,6.35,Active,4.0
1850.0,64.72,98.05,29818.0,5.18,Sedentary,5.0
2388.0,64.4,95.77,3775.0,4.06,Sedentary,5.0
2354.0,61.83,98.88,2750.0,4.54,Highly Active,5.0
4712.0,72.74,97.62,18009.0,7.17,Highly Active,1.0
2367.0,46.3,96.23,994.0,5.5,Highly Active,6.0
1821.0,95.48,97.65,3100.0,6.17,Active,6.0
1454.0,59.63,98.88,3112.0,6.57,Active,3.0
2624.0,57.78,97.1,3866.0,7.86,Active,9.0
3772.0,68.91,97.26,13203.0,6.07,Active,2.0
4726.0,54.86,99.85,13251.0,6.5,Active,2.0
4136.0,84.66,98.83,6269.0,4.8,Highly Active,3.0
4147.0,60.51,97.05,33590.0,6.26,Sedentary,9.0
1710.0,82.52,98.16,13013.0,5.03,Sedentary,1.0
1916.0,66.76,100.0,1557.0,6.69,Sedentary,3.0
4986.0,64.24,94.59,5585.0,6.15,Active,3.0
3875.0,62.97,99.1,1685.0,5.87,Highly Active,2.0
3652.0,58.77,98.96,2513.0,6.9,Sedentary,3.0
2496.0,68.69,96.53,8106.0,5.9,Highly Active,4.0
2440.0,76.01,96.19,1427.0,5.88,Highly Active,7.0
1304.0,54.25,100.0,667.0,4.92,Active,7.0
1735.0,65.37,100.0,5308.0,7.26,Highly Active,10.0
4568.0,77.37,100.0,7.0,6.44,Active,1.0
3338.0,75.52,95.97,6572.0,5.78,Active,8.0
2963.0,40.0,97.83,16213.0,4.94,Active,9.0
3149.0,84.5,96.86,1477.0,10.01,Highly Active,9.0
3009.0,93.58,97.15,3378.0,1.98,Active,2.0
4338.0,66.41,98.68,17369.0,5.36,Active,4.0
3914.0,48.98,96.5,8519.0,5.78,Active,4.0
4015.0,48.98,97.65,1018.0,6.5,Highly Active,8.0
4693.0,63.09,96.48,3369.0,6.03,Highly Active,4.0
2526.0,93.0,99.21,9874.0,6.77,Active,7.0
3889.0,58.6,100.0,7651.0,5.84,Sedentary,8.0
1961.0,69.63,100.0,1184.0,9.27,Sedentary,2.0
3989.0,100.17,96.07,452.0,6.5,Sedentary,5.0
4848.0,77.41,97.05,8013.0,5.52,Sedentary,1.0
2026.0,77.93,97.9,6574.0,7.56,Highly Active,5.0
3132.0,73.48,93.92,428.0,6.13,Sedentary,3.0
4865.0,89.67,97.89,25770.0,9.24,Sedentary,1.0
3375.0,81.06,98.95,2037.0,8.53,Sedentary,8.0
3863.0,102.8,97.97,3415.0,6.94,Active,8.0
2473.0,104.44,97.8,1369.0,6.14,Sedentary,2.0
3501.0,79.71,96.69,12343.0,5.55,Sedentary,7.0
2947.0,74.44,97.3,22997.0,7.82,Highly Active,2.0
3676.0,77.45,97.05,1679.0,7.82,Highly Active,8.0
4292.0,66.5,95.92,2330.0,6.06,Highly Active,3.0
2177.0,77.01,99.85,8582.0,7.17,Active,10.0
1664.0,53.37,100.0,5254.0,7.26,Active,1.0
1011.0,64.32,96.77,777.0,7.84,Highly Active,5.0
2156.0,86.8,95.97,18478.0,5.33,Sedentary,9.0
1303.0,83.07,96.49,6612.0,7.17,Sedentary,5.0
4364.0,73.09,96.05,2509.0,7.17,Highly Active,8.0
4022.0,81.28,97.06,4711.0,6.64,Active,5.0
4371.0,97.59,97.06,4855.0,7.18,Sedentary,5.0
2763.0,69.22,100.0,5217.0,7.07,Sedentary,10.0
3830.0,53.47,94.82,4814.0,7.33,Sedentary,7.0
1042.0,84.41,99.89,5775.0,4.76,Sedentary,3.0
1943.0,83.04,97.99,3499.0,9.57,Active,8.0
3390.0,86.4,93.74,1106.0,6.65,Highly Active,5.0
2349.0,57.04,95.48,7647.0,7.32,Active,4.0
4885.0,52.5,99.01,11008.0,6.63,Sedentary,9.0
3545.0,78.97,96.29,12873.0,7.92,Active,2.0
3411.0,77.92,97.22,155.0,6.5,Sedentary,3.0
1890.0,69.64,97.74,3630.0,4.54,Sedentary,4.0
3474.0,96.7,100.0,26858.0,6.32,Active,2.0
2004.0,74.85,95.45,452.0,7.22,Active,1.0
1020.0,93.47,99.29,10778.0,5.98,Active,10.0
1406.0,88.17,100.0,944.0,5.49,Highly Active,5.0
3666.0,58.65,96.05,12186.0,7.02,Active,8.0
2014.0,61.7,99.56,7808.0,5.11,Active,5.0
1335.0,55.77,96.95,9038.0,7.97,Sedentary,10.0
2838.0,81.47,96.62,26504.0,6.03,Highly Active,10.0
4188.0,76.47,97.34,19634.0,7.25,Active,10.0
2147.0,95.25,97.34,2541.0,4.76,Sedentary,10.0
3446.0,83.93,97.34,3292.0,8.53,Active,3.0
3840.0,55.53,99.83,3660.0,7.2,Sedentary,10.0
2827.0,68.07,97.13,1394.0,7.42,Highly Active,1.0
1714.0,43.34,93.93,3359.0,4.56,Highly Active,1.0
1050.0,79.4,97.86,27051.0,5.38,Active,9.0
4854.0,116.86,95.44,4707.0,6.8,Sedentary,10.0
1323.0,76.96,97.48,21344.0,4.88,Active,9.0
1788.0,78.02,98.74,519.0,5.56,Highly Active,5.0
1140.0,74.74,96.69,281.0,7.63,Highly Active,7.0
1469.0,80.34,96.69,5995.0,5.59,Highly Active,6.0
1786.0,72.66,95.99,9329.0,7.06,Active,9.0
2825.0,84.27,100.0,1716.0,5.26,Sedentary,5.0
2357.0,63.41,98.38,4899.0,7.4,Sedentary,3.0
2916.0,64.04,99.72,14442.0,4.82,Sedentary,1.0
1963.0,55.61,100.0,10040.0,7.39,Sedentary,2.0
4055.0,74.51,100.0,1846.0,9.75,Highly Active,10.0
1372.0,58.41,98.42,2850.0,9.75,Active,8.0
4635.0,96.79,97.43,2555.0,5.51,Active,2.0
3541.0,68.54,96.75,8898.0,8.21,Highly Active,3.0
4610.0,45.46,98.2,24134.0,6.6,Highly Active,8.0
2692.0,57.97,98.92,2300.0,4.75,Active,2.0
3798.0,77.03,99.41,6212.0,7.01,Sedentary,4.0
2179.0,84.79,95.97,31294.0,6.82,Highly Active,7.0
3338.0,80.31,96.0,1200.0,6.5,Active,5.0
2671.0,62.66,97.52,7533.0,6.5,Active,4.0
4215.0,66.43,98.0,2824.0,7.8,Highly Active,4.0
1105.0,64.67,100.0,33514.0,5.02,Active,8.0
2443.0,83.5,93.28,806.0,4.44,Highly Active,1.0
3717.0,76.74,96.79,4201.0,5.34,Highly Active,9.0
2681.0,68.29,99.69,2060.0,7.8,Active,2.0
1001.0,65.11,96.0,225.0,6.11,Sedentary,9.0
3636.0,67.16,97.96,23192.0,6.5,Active,3.0
3691.0,75.13,99.92,5878.0,6.4,Sedentary,9.0
3137.0,95.11,99.32,8446.0,7.23,Sedentary,6.0
4416.0,77.8,99.37,6778.0,8.8,Sedentary,6.0
1349.0,69.95,97.59,1125.0,7.03,Active,4.0
4530.0,68.78,98.24,1309.0,9.44,Active,1.0
2286.0,100.53,98.33,6893.0,7.6,Sedentary,8.0
4422.0,87.37,98.33,10593.0,6.05,Highly Active,6.0
4179.0,89.68,99.67,6610.0,7.84,Active,1.0
4657.0,86.21,95.39,5914.0,7.46,Active,3.0
2062.0,74.25,96.67,9592.0,8.24,Sedentary,3.0
3206.0,52.98,94.05,9208.0,6.67,Sedentary,8.0
4654.0,98.26,98.29,3708.0,5.78,Highly Active,5.0
4006.0,86.13,100.0,7847.0,6.7,Sedentary,5.0
3359.0,82.29,96.47,2248.0,4.28,Sedentary,5.0
4312.0,63.65,98.83,1035.0,6.26,Sedentary,6.0
1444.0,88.96,98.25,1035.0,4.73,Highly Active,8.0
3345.0,92.18,99.31,11389.0,6.5,Active,9.0
1951.0,64.43,98.03,1536.0,7.75,Sedentary,3.0
1035.0,64.89,100.0,3162.0,6.97,Active,5.0
2107.0,59.5,98.75,10253.0,6.26,Highly Active,1.0
2475.0,83.22,99.73,4187.0,6.07,Highly Active,7.0
4957.0,73.53,99.62,1717.0,8.3,Sedentary,6.0
2798.0,106.84,100.0,1516.0,7.98,Sedentary,6.0
2845.0,51.99,96.07,3669.0,4.91,Highly Active,3.0
2408.0,61.94,95.52,5830.0,6.88,Highly Active,1.0
2195.0,75.18,100.0,3487.0,6.99,Highly Active,10.0
2399.0,84.98,98.33,16446.0,6.19,Sedentary,2.0
2708.0,84.3,100.0,27.0,4.45,Sedentary,3.0
2385.0,76.27,93.61,3599.0,3.42,Sedentary,9.0
3606.0,80.29,97.86,9506.0,6.76,Sedentary,3.0
3938.0,76.78,97.96,15508.0,6.5,Highly Active,5.0
3188.0,90.74,99.79,3107.0,5.71,Highly Active,4.0
3934.0,66.66,99.79,7837.0,7.53,Highly Active,10.0
4989.0,68.36,98.01,6078.0,7.12,Active,5.0
4189.0,85.34,98.84,1575.0,5.61,Active,8.0
2300.0,98.59,94.43,7997.0,7.84,Highly Active,1.0
3773.0,65.49,98.57,2010.0,7.29,Highly Active,1.0
2243.0,78.62,98.59,10724.0,5.77,Highly Active,10.0
4976.0,69.32,96.86,14064.0,8.78,Highly Active,10.0
4097.0,83.32,98.6,4556.0,7.23,Sedentary,5.0
1520.0,50.38,98.5,390.0,5.33,Highly Active,6.0
2806.0,69.81,100.0,9359.0,3.42,Active,2.0
1009.0,66.39,96.48,4407.0,6.84,Sedentary,2.0
1983.0,69.86,96.23,695.0,5.74,Highly Active,1.0
3425.0,40.0,96.3,2815.0,6.53,Highly Active,10.0
2656.0,105.37,97.13,2404.0,6.14,Sedentary,6.0
2660.0,40.0,94.81,9072.0,3.2,Active,1.0
3729.0,40.0,97.48,3862.0,6.06,Active,7.0
3631.0,55.59,98.07,6191.0,4.85,Highly Active,7.0
3199.0,56.33,100.0,4867.0,5.74,Highly Active,9.0
1719.0,77.07,97.75,9018.0,5.63,Active,9.0
2072.0,85.37,100.0,8862.0,6.6,Active,5.0
4225.0,58.87,99.66,4169.0,6.95,Active,9.0
1858.0,58.38,98.28,1015.0,7.19,Sedentary,2.0
2316.0,58.38,97.72,3668.0,2.9,Active,6.0
2603.0,78.22,99.07,1222.0,8.63,Sedentary,3.0
3711.0,94.33,96.94,20990.0,6.48,Highly Active,5.0
3578.0,57.69,99.17,4270.0,5.26,Sedentary,3.0
4683.0,83.13,97.82,196.0,6.94,Active,10.0
4131.0,98.17,99.09,3286.0,3.76,Active,2.0
4238.0,76.03,100.0,15783.0,8.82,Active,3.0
4273.0,48.14,97.28,2378.0,5.96,Sedentary,5.0
3904.0,81.0,94.03,6810.0,7.25,Sedentary,9.0
1145.0,71.31,94.03,1423.0,5.3,Active,6.0
1914.0,74.38,95.85,12207.0,8.99,Active,1.0
4747.0,98.79,98.53,15573.0,6.5,Highly Active,10.0
4040.0,75.77,95.98,6684.0,2.55,Highly Active,10.0
3289.0,65.07,100.0,3330.0,4.74,Highly Active,7.0
1580.0,70.79,100.0,8595.0,6.4,Highly Active,4.0
3734.0,91.85,98.72,4557.0,8.84,Active,3.0
1482.0,79.28,99.75,24207.0,6.89,Sedentary,4.0
4179.0,90.02,97.07,12097.0,7.72,Highly Active,8.0
2249.0,99.45,95.02,5099.0,6.55,Active,1.0
1672.0,57.66,100.0,27006.0,8.45,Active,3.0
1630.0,67.63,97.98,6539.0,7.56,Highly Active,5.0
3708.0,96.87,99.1,470.0,5.16,Highly Active,1.0
1661.0,104.89,97.35,9175.0,7.6,Highly Active,1.0
4503.0,71.07,99.07,12006.0,6.45,Sedentary,8.0
3852.0,79.07,96.35,1014.0,6.46,Sedentary,9.0
4726.0,80.27,96.35,7961.0,7.0,Active,8.0
1987.0,78.71,97.64,2027.0,5.06,Active,2.0
4526.0,95.47,96.31,6156.0,8.46,Sedentary,6.0
4231.0,47.99,99.84,2247.0,8.37,Sedentary,3.0
2546.0,65.17,97.28,10423.0,5.55,Active,4.0
1649.0,84.58,97.24,6084.0,9.14,Active,4.0
1968.0,67.56,95.74,3911.0,6.24,Sedentary,6.0
3637.0,79.3,100.0,206.0,7.35,Sedentary,3.0
2100.0,91.3,100.0,206.0,5.81,Sedentary,2.0
3556.0,99.0,97.49,4820.0,6.5,Active,4.0
1440.0,79.16,96.26,11411.0,5.83,Active,6.0
4325.0,97.34,99.36,3482.0,6.74,Highly Active,5.0
1920.0,77.13,98.81,13238.0,2.57,Sedentary,8.0
1769.0,77.13,97.18,1221.0,5.79,Highly Active,7.0
2343.0,51.85,97.82,1843.0,5.79,Active,7.0
2826.0,59.95,99.18,2839.0,3.66,Sedentary,1.0
1262.0,75.07,98.46,649.0,7.65,Sedentary,4.0
4668.0,75.38,98.74,4107.0,5.92,Sedentary,3.0
4729.0,78.44,98.52,4658.0,3.77,Highly Active,7.0
4906.0,102.55,99.46,854.0,7.4,Sedentary,7.0
2577.0,86.27,96.88,3899.0,8.13,Sedentary,4.0
4445.0,87.07,98.32,1538.0,6.3,Sedentary,1.0
3684.0,102.42,96.56,14568.0,4.24,Highly Active,10.0
4238.0,69.65,96.7,4983.0,3.67,Active,7.0
4824.0,67.37,100.0,21251.0,4.66,Active,1.0
3506.0,93.34,95.15,2924.0,5.26,Sedentary,8.0
1998.0,82.29,99.34,2923.0,9.06,Sedentary,1.0
4351.0,74.33,100.0,2895.0,6.19,Highly Active,3.0
1699.0,74.09,100.0,2187.0,6.5,Active,6.0
3349.0,72.42,99.13,10735.0,5.58,Highly Active,3.0
4602.0,73.49,100.0,2326.0,8.11,Sedentary,10.0
2603.0,74.96,98.8,2378.0,7.33,Sedentary,5.0
2241.0,70.54,97.41,336.0,6.57,Sedentary,2.0
2125.0,83.33,98.04,23540.0,6.25,Highly Active,8.0
3601.0,86.2,99.8,15219.0,6.51,Highly Active,1.0
3335.0,66.53,100.0,2422.0,6.73,Active,6.0
2190.0,88.54,100.0,5149.0,6.21,Highly Active,9.0
3668.0,55.93,97.82,4615.0,6.65,Highly Active,5.0
2005.0,82.56,96.72,643.0,6.05,Sedentary,10.0
1035.0,292.92,94.12,5303.0,5.22,Active,4.0
1743.0,73.74,97.73,842.0,6.1,Highly Active,9.0
2764.0,75.86,97.73,3985.0,7.0,Active,1.0
1352.0,71.5,99.85,643.0,5.41,Active,5.0
4747.0,67.39,97.5,6223.0,7.13,Highly Active,4.0
2922.0,75.01,99.95,352.0,7.74,Active,4.0
1072.0,66.81,100.0,6930.0,7.01,Active,9.0
3695.0,92.09,97.74,8598.0,5.66,Sedentary,2.0
2376.0,43.46,98.33,5922.0,6.64,Highly Active,10.0
2914.0,72.98,98.73,4437.0,6.73,Sedentary,10.0
2093.0,46.49,97.44,439.0,6.8,Sedentary,2.0
3472.0,46.49,98.23,80.0,8.74,Highly Active,10.0
4046.0,66.35,97.3,80.0,4.76,Sedentary,10.0
1707.0,95.09,100.0,10326.0,6.81,Active,3.0
2804.0,92.31,97.57,7295.0,5.9,Highly Active,7.0
3608.0,76.09,95.5,937.0,4.63,Sedentary,8.0
3875.0,75.96,95.67,8152.0,4.61,Highly Active,7.0
4713.0,90.56,96.32,5988.0,7.82,Highly Active,1.0
1955.0,91.97,97.1,1277.0,4.39,Sedentary,4.0
3564.0,66.38,99.75,9854.0,6.95,Active,7.0
3475.0,85.09,99.62,12416.0,6.7,Active,9.0
4610.0,60.65,99.79,1853.0,5.21,Active,10.0
1159.0,69.16,98.03,7072.0,7.75,Active,2.0
3196.0,69.16,99.99,3325.0,4.73,Active,4.0
3823.0,65.13,97.51,422.0,5.68,Active,10.0
4301.0,69.68,94.33,13831.0,4.86,Highly Active,3.0
2735.0,50.12,99.9,12033.0,7.65,Sedentary,7.0
2585.0,81.76,96.63,2678.0,7.65,Highly Active,7.0
1066.0,61.76,97.57,5308.0,6.87,Sedentary,3.0
4061.0,62.68,97.27,5027.0,10.31,Sedentary,2.0
2582.0,95.33,99.04,1368.0,7.17,Highly Active,5.0
3428.0,64.69,98.32,1102.0,7.45,Sedentary,2.0
1057.0,86.29,97.54,13017.0,8.01,Sedentary,6.0
4330.0,91.49,100.0,14141.0,5.49,Sedentary,3.0
1341.0,88.76,97.82,9041.0,6.5,Highly Active,4.0
4909.0,71.26,97.53,529.0,5.05,Sedentary,4.0
2153.0,68.59,99.62,16789.0,4.52,Highly Active,5.0
3774.0,61.3,100.0,27653.0,8.14,Highly Active,1.0
2195.0,48.58,99.78,10461.0,5.23,Highly Active,2.0
3817.0,86.58,96.8,3052.0,6.78,Sedentary,7.0
2232.0,82.15,98.17,14262.0,3.78,Active,8.0
4874.0,40.0,97.61,2301.0,7.48,Highly Active,7.0
3401.0,72.34,96.13,1071.0,6.47,Sedentary,8.0
2494.0,84.44,98.44,12114.0,6.39,Highly Active,6.0
2821.0,94.3,100.0,1504.0,6.59,Active,2.0
1115.0,79.48,100.0,16649.0,6.53,Active,6.0
4335.0,77.91,100.0,6339.0,7.28,Highly Active,6.0
1661.0,64.82,100.0,5674.0,4.92,Highly Active,5.0
4883.0,80.68,96.13,10465.0,7.25,Active,4.0
2465.0,71.45,95.01,116.0,4.81,Sedentary,7.0
4619.0,64.06,100.0,8751.0,9.66,Sedentary,2.0
3500.0,57.64,99.65,6388.0,6.34,Sedentary,10.0
2868.0,60.81,96.89,5193.0,6.77,Active,10.0
4548.0,79.87,96.48,1715.0,9.16,Highly Active,3.0
3334.0,54.18,100.0,12380.0,5.34,Active,8.0
4374.0,70.59,99.95,2020.0,6.48,Active,3.0
2016.0,94.62,100.0,4710.0,6.48,Active,3.0
1310.0,53.49,99.12,1204.0,5.04,Highly Active,6.0
1207.0,81.74,99.29,25470.0,4.36,Highly Active,3.0
3665.0,83.21,93.88,1514.0,7.7,Active,1.0
3493.0,70.63,97.25,11380.0,7.35,Sedentary,4.0
3717.0,84.33,100.0,2137.0,5.84,Highly Active,10.0
1632.0,72.18,96.86,2070.0,5.74,Highly Active,3.0
3102.0,86.93,98.44,3834.0,7.96,Active,8.0
3959.0,58.98,100.0,13089.0,6.49,Active,7.0
4083.0,103.34,99.75,8143.0,5.2,Highly Active,7.0
1656.0,103.34,96.07,14370.0,8.11,Sedentary,6.0
2423.0,41.55,95.65,339.0,6.29,Sedentary,8.0
2931.0,92.59,100.0,21816.0,7.52,Highly Active,7.0
4719.0,66.34,99.48,562.0,6.61,Sedentary,5.0
4027.0,96.49,98.71,8937.0,9.62,Sedentary,2.0
3562.0,90.13,99.01,1625.0,6.19,Sedentary,1.0
2679.0,58.69,97.26,12865.0,3.49,Highly Active,1.0
4613.0,83.63,96.22,13882.0,6.16,Highly Active,7.0
1236.0,64.49,98.88,5609.0,6.9,Highly Active,5.0
4350.0,83.07,96.8,3609.0,7.19,Highly Active,2.0
1347.0,75.69,96.82,11038.0,7.71,Highly Active,8.0
3674.0,64.06,97.27,14502.0,5.63,Sedentary,6.0
4175.0,54.95,99.57,9383.0,8.85,Active,1.0
1629.0,78.45,96.6,16620.0,7.95,Highly Active,7.0
2540.0,81.96,96.42,6894.0,6.7,Highly Active,7.0
3003.0,72.63,96.1,7771.0,5.46,Highly Active,2.0
4943.0,63.39,97.69,5938.0,9.39,Active,7.0
2271.0,67.75,100.0,4688.0,6.5,Active,7.0
1363.0,58.56,97.71,7447.0,5.76,Highly Active,6.0
3368.0,86.04,98.01,5765.0,8.6,Sedentary,6.0
4704.0,42.61,98.01,9198.0,6.83,Sedentary,10.0
1285.0,89.28,97.34,19052.0,8.76,Sedentary,7.0
1148.0,73.86,96.18,3268.0,5.24,Active,6.0
2107.0,82.82,97.14,3707.0,6.2,Active,3.0
3453.0,84.3,96.87,106.0,8.57,Sedentary,1.0
4025.0,76.76,97.82,5241.0,5.5,Highly Active,3.0
1455.0,69.15,97.1,986.0,6.12,Active,6.0
2766.0,91.59,98.45,8811.0,2.39,Highly Active,2.0
1799.0,91.59,97.78,10586.0,7.12,Sedentary,3.0
2184.0,94.53,96.75,8980.0,8.23,Highly Active,3.0
2012.0,58.15,100.0,5538.0,5.12,Sedentary,7.0
3831.0,70.12,98.96,5348.0,7.17,Sedentary,7.0
3507.0,96.47,97.58,7280.0,5.69,Sedentary,1.0
4621.0,108.44,96.92,5663.0,4.24,Sedentary,5.0
2523.0,77.73,99.83,9712.0,6.01,Sedentary,6.0
3785.0,54.68,96.26,15745.0,5.64,Highly Active,5.0
3556.0,87.81,100.0,5377.0,6.69,Active,8.0
4725.0,74.41,95.13,818.0,6.04,Sedentary,5.0
4875.0,59.07,100.0,983.0,8.51,Active,6.0
1480.0,78.29,97.16,3300.0,5.66,Highly Active,4.0
2686.0,55.35,95.4,4800.0,6.31,Highly Active,3.0
3796.0,61.2,97.38,4220.0,6.42,Active,1.0
2601.0,45.48,96.87,1021.0,5.7,Active,10.0
3408.0,50.07,98.71,1929.0,6.58,Active,6.0
1340.0,65.89,98.57,9269.0,7.29,Sedentary,6.0
3817.0,82.53,100.0,29669.0,7.85,Active,8.0
3010.0,93.81,98.17,1442.0,3.32,Sedentary,5.0
3808.0,96.41,95.35,2899.0,7.26,Highly Active,10.0
4016.0,52.32,97.65,3023.0,5.49,Sedentary,5.0
3496.0,71.63,98.28,1769.0,8.24,Sedentary,2.0
2866.0,65.85,96.98,1598.0,7.9,Sedentary,10.0
1834.0,73.41,99.28,988.0,7.89,Sedentary,10.0
2203.0,96.16,99.54,16665.0,5.62,Sedentary,8.0
2725.0,77.42,96.73,7336.0,4.41,Highly Active,6.0
4478.0,282.86,97.3,2402.0,8.41,Sedentary,3.0
2689.0,108.17,94.19,2090.0,8.25,Sedentary,7.0
4267.0,51.53,96.26,6236.0,3.49,Highly Active,6.0
4537.0,67.88,97.47,8363.0,8.56,Highly Active,1.0
1310.0,83.57,98.28,2042.0,7.03,Highly Active,2.0
1261.0,79.0,97.73,2985.0,6.7,Highly Active,5.0
2442.0,90.73,96.32,2403.0,5.27,Sedentary,8.0
1405.0,69.24,96.32,643.0,8.02,Sedentary,8.0
3190.0,78.09,100.0,3420.0,5.81,Active,3.0
1341.0,63.66,100.0,5339.0,5.8,Active,2.0
2339.0,90.96,100.0,7457.0,6.5,Sedentary,5.0
4172.0,75.63,96.03,3774.0,5.38,Highly Active,2.0
1243.0,96.06,96.03,28676.0,5.01,Sedentary,3.0
1489.0,96.17,99.83,6881.0,3.38,Active,1.0
1011.0,55.78,100.0,15237.0,8.84,Active,8.0
4310.0,98.47,100.0,17338.0,6.31,Highly Active,9.0
1041.0,72.65,94.82,2203.0,5.05,Sedentary,1.0
3725.0,87.62,95.58,3951.0,5.63,Sedentary,1.0
1593.0,67.38,99.35,3951.0,5.61,Highly Active,1.0
2452.0,95.42,98.12,4203.0,7.7,Sedentary,3.0
2826.0,76.49,96.61,2435.0,6.1,Highly Active,5.0
4229.0,88.32,94.03,831.0,6.65,Active,6.0
4287.0,65.54,99.77,12767.0,6.1,Sedentary,2.0
2693.0,79.23,95.69,7834.0,8.24,Sedentary,7.0
4533.0,88.29,100.0,49119.0,8.57,Highly Active,8.0
1133.0,79.62,96.0,4830.0,6.3,Sedentary,2.0
4138.0,83.42,97.11,2811.0,5.08,Highly Active,3.0
4919.0,63.6,96.67,2144.0,5.08,Highly Active,4.0
4078.0,79.57,99.27,4001.0,1.83,Highly Active,2.0
1947.0,63.68,96.66,2596.0,6.97,Highly Active,4.0
4597.0,74.72,97.58,32788.0,4.46,Active,9.0
1072.0,67.61,97.3,1413.0,6.17,Active,10.0
1398.0,71.93,96.24,135.0,6.17,Highly Active,7.0
2428.0,48.73,98.03,975.0,5.64,Sedentary,9.0
4746.0,75.4,98.53,15549.0,5.84,Highly Active,7.0
3625.0,73.39,99.41,8287.0,6.89,Highly Active,10.0
3906.0,52.27,99.22,10726.0,6.5,Sedentary,3.0
1129.0,80.12,99.44,2704.0,7.89,Highly Active,1.0
3978.0,87.39,94.46,6823.0,7.66,Highly Active,5.0
4537.0,79.73,97.95,8615.0,7.35,Sedentary,8.0
4277.0,86.79,96.21,2766.0,5.55,Sedentary,3.0
2811.0,67.1,98.02,9025.0,7.36,Highly Active,2.0
3001.0,71.81,98.28,6953.0,6.5,Sedentary,9.0
4839.0,76.11,98.42,2459.0,6.37,Sedentary,5.0
1265.0,77.19,94.79,380.0,2.55,Sedentary,7.0
2560.0,40.0,100.0,1901.0,8.24,Highly Active,1.0
2985.0,61.19,100.0,6765.0,9.09,Sedentary,1.0
1792.0,90.04,96.75,6397.0,6.84,Active,5.0
3300.0,63.26,95.77,4960.0,4.13,Active,3.0
3869.0,71.3,100.0,2028.0,6.17,Highly Active,3.0
2312.0,74.22,100.0,4116.0,6.61,Sedentary,6.0
1163.0,54.89,99.5,1089.0,6.52,Sedentary,1.0
1094.0,98.7,95.55,7601.0,10.31,Active,8.0
2805.0,74.53,100.0,14236.0,6.13,Highly Active,7.0
3880.0,62.15,96.26,4361.0,5.63,Sedentary,7.0
2133.0,84.73,97.63,1677.0,6.74,Sedentary,5.0
3383.0,70.55,100.0,12317.0,6.29,Sedentary,6.0
1821.0,75.88,97.18,2629.0,5.38,Sedentary,8.0
1237.0,96.13,98.47,6309.0,3.86,Active,8.0
3428.0,66.88,100.0,549.0,7.6,Highly Active,7.0
4507.0,92.14,95.58,8859.0,5.2,Active,1.0
3946.0,69.87,100.0,4322.0,4.99,Active,10.0
3530.0,76.02,100.0,3854.0,5.28,Highly Active,4.0
2960.0,79.55,97.86,19116.0,4.31,Sedentary,8.0
2048.0,59.75,96.45,118.0,7.28,Highly Active,10.0
2676.0,81.8,94.93,22501.0,6.78,Sedentary,2.0
4188.0,91.82,94.04,86.0,7.56,Highly Active,6.0
3529.0,84.4,99.03,5373.0,7.15,Highly Active,3.0
4463.0,83.97,98.91,7028.0,7.38,Active,9.0
3964.0,68.14,96.83,15742.0,6.5,Highly Active,1.0
4041.0,85.33,100.0,7959.0,7.97,Sedentary,4.0
1963.0,80.37,96.71,11667.0,6.76,Active,5.0
1536.0,87.94,95.52,10285.0,5.1,Sedentary,1.0
2603.0,83.95,100.0,8439.0,3.86,Highly Active,3.0
4244.0,67.75,99.68,7105.0,7.92,Sedentary,2.0
2979.0,85.43,97.66,1958.0,5.66,Sedentary,6.0
4083.0,56.11,97.46,961.0,6.62,Highly Active,5.0
4871.0,69.98,96.87,9750.0,5.07,Highly Active,5.0
1127.0,64.54,93.13,24814.0,9.81,Sedentary,6.0
4679.0,127.59,94.8,9388.0,3.81,Highly Active,6.0
1091.0,84.78,97.72,9689.0,6.71,Sedentary,6.0
2251.0,58.74,99.18,1277.0,5.96,Active,1.0
1542.0,54.48,97.35,1986.0,6.53,Sedentary,5.0
1845.0,48.81,94.9,6169.0,6.02,Active,9.0
4603.0,57.9,100.0,224.0,5.16,Highly Active,9.0
2681.0,62.27,95.26,7717.0,4.82,Highly Active,1.0
4036.0,60.37,98.03,1095.0,9.57,Highly Active,1.0
2851.0,67.99,98.32,3734.0,6.05,Highly Active,3.0
3494.0,87.52,100.0,2702.0,7.01,Active,2.0
1389.0,72.01,96.11,788.0,4.11,Active,3.0
3719.0,85.69,98.09,6052.0,3.32,Highly Active,9.0
2884.0,85.69,98.36,3138.0,5.49,Highly Active,5.0
1042.0,69.26,95.73,3138.0,7.81,Active,5.0
3949.0,60.93,98.6,4114.0,6.54,Highly Active,6.0
4201.0,81.64,97.13,6246.0,5.69,Active,5.0
2083.0,72.28,97.38,978.0,7.14,Active,4.0
3710.0,101.6,96.55,6156.0,5.67,Active,4.0
3514.0,101.6,100.0,2517.0,8.56,Highly Active,10.0
3334.0,59.41,97.75,2104.0,8.63,Highly Active,7.0
4058.0,79.45,96.4,11110.0,5.63,Active,2.0
2540.0,72.36,93.67,4414.0,5.33,Sedentary,5.0
4538.0,72.36,100.0,3323.0,6.39,Sedentary,7.0
2953.0,74.07,98.15,11737.0,7.14,Active,2.0
3825.0,72.89,100.0,16882.0,6.09,Highly Active,10.0
3392.0,64.98,100.0,2649.0,8.07,Highly Active,1.0
1641.0,70.96,98.75,362.0,6.9,Highly Active,9.0
3429.0,52.05,99.83,5447.0,8.13,Sedentary,7.0
4850.0,92.97,100.0,8791.0,4.82,Sedentary,4.0
1689.0,94.05,95.92,6204.0,5.61,Sedentary,4.0
2276.0,89.06,99.79,8155.0,7.3,Sedentary,3.0
2950.0,89.06,98.57,7284.0,6.58,Highly Active,6.0
2079.0,65.58,96.22,21864.0,6.22,Active,9.0
2486.0,82.49,99.72,14065.0,5.72,Sedentary,8.0
1456.0,60.73,96.08,990.0,6.63,Highly Active,10.0
1982.0,92.05,99.1,4218.0,8.64,Active,1.0
3130.0,40.0,98.57,4246.0,3.49,Sedentary,4.0
4976.0,243.88,96.7,4266.0,6.27,Sedentary,4.0
2122.0,59.03,100.0,18686.0,6.34,Active,5.0
1148.0,93.7,99.74,2774.0,4.87,Highly Active,8.0
2352.0,91.1,96.39,6668.0,6.27,Sedentary,3.0
2179.0,83.47,100.0,15865.0,4.04,Sedentary,3.0
1189.0,103.73,97.3,363.0,5.62,Sedentary,1.0
4565.0,75.15,97.19,14758.0,6.1,Highly Active,10.0
1882.0,84.47,99.92,10136.0,6.49,Highly Active,4.0
3310.0,84.47,99.31,1631.0,9.31,Active,7.0
4151.0,70.2,97.5,2757.0,5.28,Sedentary,3.0
1399.0,76.65,100.0,2603.0,4.51,Highly Active,7.0
3811.0,61.25,96.44,1751.0,4.51,Sedentary,2.0
1608.0,78.83,100.0,7123.0,-0.19,Sedentary,10.0
4331.0,45.47,96.5,28451.0,5.57,Sedentary,4.0
2795.0,82.5,98.73,1276.0,6.01,Highly Active,8.0
2638.0,68.48,97.29,1849.0,5.09,Active,1.0
2575.0,63.19,99.6,2401.0,6.36,Sedentary,1.0
3832.0,86.15,93.93,19416.0,5.53,Active,1.0
3148.0,96.96,95.92,6881.0,3.89,Highly Active,10.0
2382.0,88.38,99.15,1674.0,7.43,Active,9.0
2403.0,62.83,99.77,11407.0,7.49,Active,3.0
1819.0,85.02,96.73,17936.0,5.02,Sedentary,6.0
4292.0,71.16,100.0,3616.0,5.69,Sedentary,5.0
1819.0,91.94,100.0,1328.0,9.28,Active,9.0
1419.0,78.32,99.04,2597.0,7.17,Sedentary,10.0
1123.0,52.88,97.72,1713.0,6.5,Highly Active,1.0
1421.0,71.37,94.99,1574.0,8.93,Sedentary,8.0
4302.0,71.37,100.0,1311.0,4.07,Highly Active,8.0
4761.0,71.37,96.88,14615.0,4.07,Sedentary,3.0
4134.0,70.13,96.88,629.0,6.75,Highly Active,8.0
2508.0,79.11,97.24,3733.0,7.76,Active,9.0
4699.0,88.62,97.15,104.0,3.93,Sedentary,10.0
4774.0,67.12,98.41,2431.0,6.5,Sedentary,1.0
2597.0,93.19,97.05,8592.0,7.69,Highly Active,2.0
1767.0,49.46,96.95,1587.0,6.5,Sedentary,2.0
3044.0,49.46,98.97,46679.0,6.12,Highly Active,3.0
3530.0,105.72,98.97,347.0,6.81,Active,7.0
3566.0,57.86,98.93,1027.0,7.93,Highly Active,10.0
3202.0,93.77,97.43,10821.0,6.04,Sedentary,5.0
3139.0,74.61,98.6,26107.0,7.24,Highly Active,3.0
4029.0,73.94,94.96,21556.0,7.24,Sedentary,5.0
2549.0,89.03,100.0,11205.0,7.38,Highly Active,7.0
3502.0,86.93,97.18,25280.0,5.14,Sedentary,4.0
2764.0,95.01,97.56,12863.0,4.43,Sedentary,7.0
3044.0,71.29,99.1,418.0,9.6,Sedentary,3.0
3645.0,77.14,98.49,13079.0,9.24,Active,10.0
4716.0,71.25,99.27,4629.0,6.72,Sedentary,2.0
1509.0,58.32,100.0,4271.0,8.82,Sedentary,2.0
2206.0,77.56,97.51,18.0,6.01,Highly Active,3.0
1385.0,72.53,97.51,6778.0,6.3,Active,3.0
2597.0,46.93,100.0,7795.0,6.24,Highly Active,5.0
4802.0,91.64,97.05,10948.0,5.13,Highly Active,4.0
3452.0,77.22,96.65,2761.0,2.98,Active,4.0
3293.0,64.5,96.65,960.0,6.04,Highly Active,6.0
1741.0,79.99,99.88,4057.0,8.45,Sedentary,7.0
4662.0,67.14,99.69,3149.0,6.91,Active,1.0
3708.0,78.02,96.68,9792.0,7.72,Highly Active,6.0
3697.0,95.81,97.72,1824.0,7.09,Active,6.0
4542.0,80.98,97.99,1041.0,5.23,Highly Active,3.0
4897.0,67.69,97.41,4061.0,6.87,Highly Active,4.0
2911.0,67.69,98.33,6922.0,6.0,Active,6.0
2446.0,64.28,97.38,2309.0,4.91,Sedentary,1.0
1900.0,87.18,97.38,851.0,4.91,Active,10.0
3112.0,74.15,96.02,4048.0,4.54,Active,1.0
4084.0,83.4,100.0,22869.0,5.51,Sedentary,9.0
3260.0,70.81,95.5,23946.0,9.83,Active,8.0
3009.0,61.0,100.0,8633.0,7.55,Active,10.0
1241.0,83.98,99.85,10509.0,6.87,Active,1.0
3540.0,62.87,96.61,1593.0,3.24,Active,5.0
4284.0,68.88,97.99,3286.0,6.32,Sedentary,8.0
4764.0,56.64,99.41,6498.0,4.75,Active,10.0
3385.0,60.97,99.43,9716.0,6.38,Highly Active,2.0
3020.0,88.44,97.76,1276.0,6.21,Active,4.0
1172.0,90.72,95.97,4283.0,5.22,Sedentary,6.0
1671.0,91.37,100.0,1243.0,8.26,Active,7.0
1163.0,91.42,98.56,7024.0,7.93,Active,3.0
1464.0,69.69,100.0,10354.0,7.93,Sedentary,3.0
4042.0,84.98,97.78,12541.0,8.86,Sedentary,3.0
1496.0,90.79,98.4,9227.0,4.78,Sedentary,10.0
1699.0,61.91,100.0,1213.0,9.0,Active,7.0
3442.0,77.91,98.48,12339.0,6.18,Sedentary,1.0
1702.0,73.09,95.4,2850.0,5.9,Sedentary,9.0
2940.0,46.93,95.11,2850.0,8.73,Active,9.0
3355.0,79.88,94.56,2022.0,6.25,Highly Active,9.0
2791.0,64.28,96.25,4520.0,8.15,Highly Active,3.0
1182.0,90.77,97.16,6016.0,4.55,Highly Active,1.0
1628.0,63.56,99.78,247.0,6.54,Sedentary,8.0
4865.0,79.94,100.0,16382.0,7.21,Highly Active,6.0
3557.0,76.68,93.81,5016.0,8.29,Active,10.0
2731.0,49.16,99.24,1493.0,7.57,Highly Active,1.0
1545.0,70.19,97.26,1227.0,6.57,Highly Active,3.0
2587.0,80.36,98.7,8121.0,7.21,Highly Active,5.0
1623.0,90.35,100.0,597.0,5.41,Highly Active,7.0
4835.0,90.35,96.36,4056.0,7.41,Sedentary,9.0
1593.0,88.59,96.36,5440.0,7.22,Active,2.0
1743.0,83.06,100.0,1858.0,5.33,Sedentary,3.0
4298.0,83.56,98.17,968.0,6.68,Highly Active,8.0
2768.0,284.06,96.76,4723.0,7.66,Highly Active,3.0
2459.0,60.16,97.04,1058.0,8.28,Sedentary,2.0
2948.0,98.55,98.47,1653.0,6.84,Highly Active,3.0
4493.0,86.52,96.63,4457.0,6.93,Sedentary,3.0
3601.0,73.97,99.18,999.0,6.28,Highly Active,3.0
3068.0,84.26,99.18,19255.0,6.67,Highly Active,4.0
3601.0,80.96,94.56,10456.0,7.66,Highly Active,9.0
3444.0,62.19,100.0,2757.0,7.63,Sedentary,6.0
3672.0,69.93,100.0,2092.0,6.37,Sedentary,4.0
1888.0,94.9,97.04,14517.0,4.85,Sedentary,5.0
1016.0,80.63,100.0,13900.0,5.25,Sedentary,1.0
4191.0,93.89,99.43,9496.0,4.68,Highly Active,7.0
1392.0,74.88,99.12,676.0,7.41,Highly Active,7.0
1424.0,61.03,94.61,11759.0,7.02,Active,5.0
3176.0,76.7,97.43,5434.0,5.12,Sedentary,3.0
4201.0,66.62,97.7,7924.0,6.01,Highly Active,6.0
1571.0,54.13,100.0,1730.0,6.96,Sedentary,3.0
4631.0,87.05,95.44,2.0,6.89,Highly Active,2.0
3076.0,71.16,100.0,2842.0,7.16,Active,3.0
2120.0,71.16,100.0,1480.0,5.36,Active,4.0
4081.0,78.8,96.02,3999.0,6.5,Active,9.0
1241.0,78.99,95.5,667.0,6.43,Active,8.0
4897.0,104.26,100.0,15780.0,7.66,Active,6.0
3279.0,74.94,97.42,885.0,8.11,Active,3.0
1788.0,91.01,97.51,10113.0,11.04,Sedentary,6.0
4355.0,84.7,99.96,19616.0,8.46,Highly Active,5.0
1714.0,66.16,95.65,1123.0,6.69,Sedentary,9.0
1758.0,80.22,99.94,2978.0,6.44,Active,1.0
3849.0,72.53,95.53,9193.0,5.1,Highly Active,1.0
1775.0,64.68,95.41,8774.0,5.13,Highly Active,6.0
3773.0,67.25,99.83,267.0,6.91,Sedentary,4.0
3247.0,65.22,99.38,513.0,6.95,Highly Active,3.0
3992.0,74.85,93.63,896.0,10.51,Sedentary,2.0
1078.0,74.93,99.77,5876.0,5.41,Active,9.0
4984.0,66.75,100.0,396.0,5.25,Highly Active,7.0
4003.0,71.88,98.22,6214.0,6.88,Active,10.0
4926.0,46.86,100.0,2935.0,5.74,Active,1.0
1855.0,59.87,97.56,7748.0,7.08,Highly Active,7.0
4244.0,70.61,100.0,10664.0,5.79,Active,7.0
3514.0,100.08,92.72,10971.0,6.07,Highly Active,1.0
3628.0,84.5,96.76,269.0,7.14,Active,9.0
2439.0,60.34,100.0,20588.0,5.65,Highly Active,4.0
3987.0,60.34,100.0,6184.0,5.96,Active,9.0
3496.0,74.98,97.38,15823.0,7.29,Highly Active,10.0
3134.0,57.98,97.96,15823.0,6.57,Highly Active,9.0
3148.0,73.82,97.96,4633.0,5.54,Active,1.0
2031.0,89.78,98.03,9158.0,5.78,Highly Active,2.0
1844.0,57.99,94.56,1734.0,8.06,Active,1.0
4271.0,57.99,99.08,763.0,6.97,Highly Active,9.0
4576.0,102.09,99.08,664.0,5.96,Active,6.0
1086.0,79.45,99.4,13240.0,7.8,Active,6.0
3090.0,67.93,96.86,17048.0,7.15,Highly Active,10.0
4456.0,73.41,96.74,11790.0,8.53,Highly Active,8.0
4692.0,79.28,99.83,16436.0,7.83,Sedentary,3.0
4506.0,72.1,97.13,29294.0,8.25,Sedentary,3.0
1407.0,95.25,97.26,5227.0,5.99,Active,2.0
4554.0,76.48,100.0,1170.0,5.17,Active,10.0
3711.0,84.96,100.0,6554.0,7.66,Active,10.0
4088.0,84.96,99.71,3058.0,7.67,Sedentary,5.0
2668.0,74.44,98.06,2977.0,6.34,Sedentary,1.0
1147.0,88.39,100.0,9109.0,6.5,Active,10.0
3324.0,88.71,100.0,665.0,6.96,Highly Active,7.0
1231.0,50.5,96.71,268.0,7.08,Highly Active,3.0
4897.0,74.71,99.49,8318.0,4.46,Active,8.0
2950.0,105.75,96.06,2115.0,7.06,Sedentary,3.0
1365.0,68.31,98.91,3409.0,8.23,Sedentary,7.0
4299.0,81.81,97.65,2573.0,4.53,Active,3.0
2674.0,93.71,96.93,6679.0,7.29,Active,8.0
1435.0,58.38,98.95,1175.0,8.47,Highly Active,10.0
1398.0,69.4,96.3,8925.0,8.56,Active,4.0
2234.0,51.42,97.52,18125.0,3.69,Active,4.0
2414.0,76.57,98.95,12660.0,8.13,Sedentary,10.0
3546.0,80.77,98.21,16629.0,6.03,Sedentary,6.0
3587.0,84.65,97.66,19360.0,5.86,Highly Active,1.0
1562.0,98.61,97.4,3260.0,10.27,Highly Active,6.0
4562.0,75.95,97.48,11119.0,6.83,Sedentary,7.0
3489.0,57.71,100.0,4780.0,5.93,Active,7.0
2284.0,61.79,100.0,2201.0,7.7,Active,9.0
1772.0,63.57,94.67,9617.0,7.7,Active,6.0
3397.0,78.12,95.98,1959.0,6.5,Active,1.0
3037.0,110.25,95.57,813.0,5.7,Highly Active,3.0
4423.0,73.92,97.12,8536.0,6.64,Active,3.0
3567.0,95.61,100.0,2373.0,8.14,Sedentary,3.0
2343.0,73.29,96.39,2556.0,6.03,Highly Active,3.0
3185.0,57.58,98.93,14908.0,8.14,Highly Active,9.0
2573.0,62.75,100.0,1020.0,6.29,Sedentary,4.0
4694.0,64.06,100.0,10133.0,3.72,Active,9.0
1991.0,73.17,96.92,3417.0,8.78,Sedentary,2.0
3415.0,81.08,94.8,15645.0,7.0,Sedentary,10.0
4291.0,65.12,96.74,4063.0,8.08,Active,5.0
4408.0,86.86,98.97,3682.0,6.95,Active,3.0
2246.0,90.71,94.56,3933.0,6.56,Active,1.0
4719.0,71.05,98.01,12728.0,7.61,Sedentary,7.0
4839.0,88.77,98.01,74.0,6.27,Highly Active,4.0
1359.0,45.87,95.46,8542.0,9.22,Active,5.0
1920.0,45.87,100.0,1608.0,6.45,Highly Active,8.0
4026.0,87.49,99.39,14967.0,9.23,Highly Active,8.0
4009.0,68.67,95.45,3300.0,7.41,Highly Active,9.0
3510.0,68.67,98.0,2898.0,2.93,Sedentary,9.0
3993.0,73.61,97.53,8729.0,5.02,Active,6.0
1962.0,60.0,98.55,8972.0,7.77,Sedentary,9.0
4632.0,100.3,99.76,7030.0,5.12,Highly Active,7.0
2827.0,84.84,100.0,2801.0,4.47,Active,9.0
4453.0,84.84,97.32,6598.0,8.43,Highly Active,9.0
3883.0,66.2,100.0,391.0,4.12,Sedentary,2.0
2613.0,80.47,96.25,21736.0,7.67,Sedentary,3.0
2640.0,61.87,97.76,4219.0,5.96,Sedentary,5.0
3216.0,48.81,97.03,2542.0,7.55,Sedentary,8.0
1216.0,86.14,97.13,13802.0,6.9,Sedentary,6.0
1377.0,68.15,98.48,2743.0,3.39,Sedentary,5.0
1118.0,60.06,99.54,41081.0,6.03,Highly Active,9.0
1189.0,60.06,98.72,8212.0,6.13,Active,3.0
3814.0,77.74,99.55,7340.0,7.11,Highly Active,4.0
4501.0,75.96,99.39,1153.0,6.98,Active,4.0
2801.0,67.75,98.66,6589.0,6.13,Active,7.0
3196.0,64.89,97.77,1180.0,4.8,Sedentary,1.0
4747.0,86.49,96.78,10715.0,7.22,Sedentary,4.0
2882.0,86.49,100.0,3111.0,7.0,Sedentary,7.0
2511.0,81.98,96.98,4534.0,6.17,Sedentary,7.0
1769.0,56.54,99.18,11450.0,5.94,Highly Active,6.0
3421.0,45.99,100.0,7012.0,5.12,Highly Active,2.0
1780.0,83.83,99.06,9647.0,6.87,Highly Active,1.0
2716.0,57.39,98.51,1958.0,6.79,Active,2.0
3207.0,98.6,100.0,1896.0,7.75,Active,8.0
3398.0,106.77,98.34,3353.0,5.57,Active,1.0
4983.0,81.4,97.24,132.0,6.68,Highly Active,9.0
2311.0,73.48,100.0,12433.0,4.53,Active,4.0
4359.0,71.71,97.26,3234.0,5.99,Active,5.0
3939.0,49.41,98.16,490.0,5.66,Active,10.0
2249.0,70.71,97.01,14402.0,8.09,Highly Active,10.0
1522.0,68.12,93.79,24056.0,9.06,Sedentary,2.0
1521.0,65.46,94.82,7281.0,4.74,Highly Active,1.0
1782.0,80.88,95.87,3087.0,7.86,Active,3.0
3320.0,76.97,98.1,3738.0,7.52,Sedentary,9.0
1935.0,86.79,98.33,2071.0,5.68,Highly Active,7.0
4473.0,68.35,98.71,8696.0,5.37,Sedentary,7.0
3230.0,84.04,96.66,3081.0,5.35,Highly Active,2.0
2688.0,75.12,96.51,231.0,5.93,Sedentary,2.0
1487.0,83.95,100.0,331.0,5.96,Sedentary,7.0
2850.0,83.95,96.64,6677.0,6.27,Sedentary,10.0
1845.0,101.67,98.9,2401.0,5.74,Active,10.0
3171.0,40.0,100.0,1292.0,7.71,Sedentary,2.0
4032.0,84.38,98.93,5626.0,7.26,Active,6.0
4697.0,87.85,97.5,2284.0,6.24,Active,1.0
3837.0,56.0,95.73,533.0,5.69,Active,1.0
3461.0,102.37,95.68,1506.0,5.65,Active,8.0
3003.0,75.34,97.15,10533.0,7.16,Sedentary,10.0
2748.0,75.34,97.72,13374.0,6.58,Highly Active,3.0
4243.0,80.57,97.92,14398.0,6.8,Active,2.0
4359.0,88.31,96.56,5358.0,7.79,Highly Active,3.0
4506.0,76.98,97.04,21105.0,6.42,Sedentary,5.0
1685.0,76.51,100.0,1151.0,8.56,Highly Active,1.0
3160.0,87.57,95.95,7940.0,3.5,Sedentary,1.0
3935.0,89.53,96.63,8528.0,4.53,Sedentary,4.0
4988.0,80.05,95.39,383.0,9.22,Highly Active,6.0
3169.0,51.79,100.0,2323.0,5.9,Active,7.0
2567.0,59.72,94.09,20838.0,6.94,Highly Active,4.0
2245.0,91.27,97.3,9962.0,8.38,Active,3.0
4702.0,70.83,100.0,394.0,7.01,Sedentary,1.0
1038.0,66.02,100.0,5448.0,7.87,Highly Active,5.0
3544.0,81.6,98.68,7321.0,7.42,Active,10.0
1779.0,79.74,98.98,25305.0,7.97,Sedentary,6.0
2256.0,71.73,95.84,8822.0,7.24,Active,6.0
3990.0,71.73,94.95,7125.0,7.6,Sedentary,7.0
4601.0,55.98,96.69,16742.0,5.63,Sedentary,2.0
3196.0,49.01,96.96,7571.0,7.28,Active,8.0
4468.0,97.54,99.04,18830.0,6.44,Active,1.0
4069.0,58.16,97.81,4752.0,6.37,Highly Active,5.0
3708.0,52.87,100.0,8875.0,3.98,Active,4.0
4709.0,70.11,98.52,6993.0,5.87,Highly Active,7.0
2927.0,74.56,94.75,5629.0,6.3,Sedentary,3.0
1301.0,67.82,95.13,2742.0,8.83,Active,1.0
4431.0,67.82,97.24,16388.0,6.08,Sedentary,4.0
3285.0,53.68,96.58,2203.0,6.92,Active,9.0
1646.0,85.71,97.96,1215.0,8.56,Sedentary,2.0
1662.0,52.06,99.57,8715.0,4.64,Sedentary,9.0
3283.0,75.34,99.21,5536.0,5.93,Sedentary,7.0
2759.0,75.34,95.81,2135.0,6.5,Sedentary,3.0
3250.0,84.73,100.0,14298.0,10.2,Active,5.0
1255.0,78.41,97.31,2360.0,3.52,Active,1.0
1597.0,58.68,98.1,461.0,6.32,Active,10.0
1661.0,68.83,96.2,108.0,7.44,Active,5.0
1234.0,64.44,98.82,17934.0,7.76,Sedentary,9.0
2368.0,51.4,98.7,3601.0,9.87,Highly Active,1.0
3581.0,81.53,100.0,1681.0,5.53,Sedentary,2.0
3907.0,63.65,96.73,5861.0,6.15,Active,2.0
4868.0,77.23,98.2,4684.0,4.06,Active,7.0
4852.0,73.33,98.75,61299.0,6.69,Active,7.0
4537.0,57.96,98.62,15356.0,7.27,Highly Active,10.0
1769.0,56.96,100.0,2214.0,9.64,Active,6.0
3588.0,69.97,96.44,8375.0,9.06,Sedentary,10.0
1212.0,55.3,98.96,3428.0,8.77,Active,10.0
1462.0,89.83,99.13,3173.0,5.46,Sedentary,2.0
3483.0,95.17,97.27,3202.0,7.14,Active,3.0
1282.0,86.75,98.48,7137.0,7.08,Highly Active,10.0
4633.0,80.24,98.38,5405.0,7.2,Highly Active,7.0
4678.0,75.92,98.38,9847.0,6.44,Highly Active,2.0
2486.0,59.28,97.36,1162.0,8.2,Sedentary,8.0
2430.0,87.41,97.36,3879.0,5.97,Highly Active,9.0
1087.0,95.56,98.33,13779.0,6.5,Active,6.0
2067.0,69.91,99.38,22.0,8.68,Sedentary,2.0
1460.0,74.46,96.07,6838.0,9.73,Sedentary,10.0
3325.0,62.88,99.73,10784.0,5.26,Active,4.0
4754.0,70.03,98.36,3390.0,7.33,Highly Active,2.0
3468.0,56.14,97.73,15056.0,7.18,Sedentary,3.0
2724.0,70.66,97.89,9314.0,8.33,Active,7.0
2376.0,81.49,95.71,6521.0,8.95,Highly Active,5.0
3743.0,79.88,98.41,1547.0,6.0,Highly Active,9.0
1514.0,78.76,97.58,7763.0,6.39,Active,1.0
1702.0,40.0,98.53,12561.0,6.61,Active,2.0
2653.0,40.0,97.7,9163.0,7.22,Sedentary,6.0
3066.0,40.0,96.97,5987.0,7.74,Active,6.0
1022.0,74.87,95.76,8776.0,7.74,Sedentary,7.0
3460.0,92.03,94.54,26372.0,9.29,Sedentary,9.0
2053.0,73.5,97.26,76.0,3.76,Active,7.0
2830.0,80.96,93.01,7633.0,4.71,Active,7.0
3155.0,59.96,95.14,11025.0,7.41,Active,4.0
4438.0,83.79,99.71,7130.0,6.25,Sedentary,6.0
2304.0,86.8,96.22,2233.0,5.65,Active,4.0
4199.0,64.3,99.31,12112.0,6.5,Sedentary,8.0
4300.0,53.56,99.11,17117.0,7.72,Sedentary,1.0
2134.0,68.24,96.44,8053.0,8.37,Highly Active,3.0
3183.0,60.03,99.91,5008.0,4.95,Active,6.0
1361.0,83.98,100.0,3193.0,7.72,Sedentary,3.0
4257.0,67.67,95.06,2804.0,7.7,Sedentary,8.0
4727.0,85.78,99.78,8992.0,4.99,Active,7.0
4655.0,51.54,96.71,6540.0,6.56,Active,5.0
3176.0,62.58,94.88,1194.0,7.95,Active,7.0
2899.0,63.54,98.48,1065.0,8.51,Active,9.0
2284.0,79.13,99.1,516.0,6.28,Sedentary,3.0
1514.0,43.85,97.88,8053.0,4.85,Active,9.0
1448.0,70.88,100.0,2642.0,8.8,Active,7.0
2923.0,69.53,99.49,143.0,6.56,Sedentary,7.0
4175.0,80.42,97.87,2884.0,3.67,Sedentary,2.0
2506.0,75.76,98.34,12491.0,6.14,Sedentary,10.0
2247.0,60.68,100.0,1992.0,8.2,Highly Active,3.0
2855.0,41.12,98.95,7027.0,4.67,Active,8.0
1873.0,63.44,100.0,4055.0,6.68,Sedentary,2.0
4937.0,56.0,99.92,5572.0,6.01,Sedentary,5.0
4562.0,56.87,95.7,6340.0,6.44,Highly Active,7.0
3520.0,63.98,95.89,4246.0,5.85,Highly Active,10.0
4081.0,87.26,97.94,417.0,7.25,Active,10.0
2428.0,55.96,97.94,5870.0,6.17,Sedentary,1.0
4967.0,47.18,98.6,3547.0,7.49,Active,5.0
3278.0,70.82,99.65,15878.0,8.18,Active,7.0
2754.0,69.82,95.05,9324.0,6.52,Highly Active,7.0
1922.0,65.11,96.7,2339.0,4.69,Highly Active,1.0
4137.0,71.33,100.0,5420.0,5.22,Highly Active,1.0
3984.0,78.23,99.24,23099.0,4.76,Active,10.0
3159.0,61.92,94.87,1972.0,4.85,Sedentary,6.0
2036.0,90.03,97.63,20613.0,4.53,Highly Active,5.0
2416.0,72.25,94.2,8050.0,4.87,Active,9.0
3547.0,89.69,100.0,5448.0,6.5,Sedentary,9.0
3979.0,78.95,99.07,28608.0,7.61,Active,1.0
3645.0,56.1,97.61,2842.0,4.47,Active,3.0
3281.0,45.68,97.86,2282.0,5.29,Sedentary,9.0
3649.0,90.97,99.1,2904.0,7.7,Sedentary,9.0
1313.0,61.31,100.0,9728.0,6.26,Highly Active,5.0
3613.0,73.54,98.87,2877.0,3.93,Sedentary,9.0
4083.0,65.96,99.45,759.0,6.56,Sedentary,1.0
3256.0,95.14,98.79,7236.0,7.04,Sedentary,4.0
2997.0,73.88,100.0,1766.0,6.97,Highly Active,1.0
2037.0,54.3,100.0,29.0,9.87,Active,9.0
2656.0,71.04,96.68,1555.0,5.37,Highly Active,8.0
4489.0,91.87,97.62,11970.0,8.15,Sedentary,9.0
4508.0,61.95,98.11,19723.0,6.46,Sedentary,8.0
4448.0,51.57,96.62,7592.0,7.2,Active,9.0
4091.0,85.95,97.28,2602.0,5.52,Active,10.0
3634.0,60.32,97.85,4015.0,5.49,Active,7.0
4983.0,49.5,98.04,1514.0,4.62,Active,1.0
2778.0,60.82,97.17,14887.0,4.3,Highly Active,4.0
2014.0,80.8,98.11,617.0,5.7,Sedentary,2.0
2093.0,80.16,96.39,3200.0,10.32,Active,2.0
4895.0,58.82,98.73,5406.0,5.79,Active,2.0
4282.0,87.7,95.53,11173.0,7.51,Active,6.0
1697.0,81.49,100.0,996.0,3.76,Highly Active,2.0
3179.0,58.43,100.0,12594.0,4.48,Sedentary,4.0
4694.0,65.23,99.78,476.0,4.23,Highly Active,5.0
2404.0,79.22,95.75,1926.0,8.7,Sedentary,9.0
2155.0,83.19,97.16,149.0,8.45,Active,5.0
2043.0,59.32,99.32,462.0,9.39,Sedentary,6.0
2929.0,100.76,92.97,231.0,3.17,Active,4.0
3583.0,72.46,99.24,1105.0,4.45,Active,6.0
2013.0,88.76,97.84,14642.0,7.41,Sedentary,6.0
1226.0,55.9,97.31,2337.0,5.35,Active,5.0
4225.0,77.63,100.0,4574.0,7.54,Highly Active,8.0
2828.0,55.56,100.0,4674.0,5.83,Sedentary,7.0
4813.0,76.82,98.78,37466.0,5.68,Sedentary,2.0
2492.0,81.49,99.66,3175.0,3.78,Active,6.0
1821.0,82.32,96.55,2156.0,5.63,Active,10.0
3023.0,63.48,93.9,23124.0,7.06,Sedentary,10.0
1870.0,63.48,98.6,6284.0,5.02,Sedentary,5.0
3452.0,79.39,99.66,2392.0,6.6,Active,4.0
3249.0,68.57,100.0,2373.0,4.93,Active,10.0
3085.0,68.56,94.74,632.0,5.34,Highly Active,2.0
2795.0,73.74,100.0,9004.0,7.2,Highly Active,1.0
1187.0,74.48,98.51,4507.0,7.79,Highly Active,2.0
2080.0,90.38,98.6,15106.0,9.26,Highly Active,2.0
1940.0,44.3,99.17,4631.0,7.67,Highly Active,10.0
4091.0,54.71,98.06,2976.0,7.05,Active,9.0
3320.0,81.45,97.43,2021.0,9.16,Active,8.0
4190.0,41.53,97.6,1951.0,6.91,Active,2.0
3630.0,63.71,100.0,2664.0,7.42,Sedentary,3.0
3563.0,110.17,99.51,33776.0,7.93,Sedentary,7.0
4292.0,70.38,98.74,3133.0,6.76,Active,5.0
1525.0,85.04,94.21,5205.0,6.4,Highly Active,6.0
4586.0,49.32,96.95,2248.0,6.25,Highly Active,2.0
4799.0,85.05,100.0,1085.0,5.64,Active,9.0
4812.0,68.89,96.42,7266.0,5.76,Active,6.0
1335.0,78.89,98.15,7266.0,8.09,Sedentary,8.0
3745.0,82.9,97.8,492.0,4.85,Sedentary,9.0
4505.0,66.83,95.11,15006.0,6.71,Highly Active,4.0
3547.0,81.85,96.11,4961.0,6.46,Highly Active,2.0
3947.0,57.74,96.11,2859.0,4.36,Active,8.0
4959.0,75.36,94.61,10579.0,7.76,Sedentary,1.0
3813.0,82.35,98.96,832.0,4.5,Sedentary,1.0
3583.0,66.46,96.47,4494.0,5.38,Sedentary,3.0
1161.0,60.11,100.0,4494.0,6.37,Highly Active,3.0
4741.0,67.71,99.63,10445.0,8.73,Highly Active,4.0
1593.0,90.9,97.91,3237.0,7.28,Highly Active,6.0
2938.0,88.6,99.58,13515.0,6.5,Highly Active,2.0
3206.0,85.96,93.59,8374.0,8.53,Sedentary,7.0
4259.0,97.62,97.78,10321.0,6.1,Sedentary,10.0
1059.0,75.09,100.0,24334.0,6.1,Active,5.0
3962.0,77.64,95.35,13039.0,7.26,Active,6.0
4888.0,45.11,99.39,2981.0,6.7,Active,7.0
4390.0,61.35,98.51,7265.0,3.8,Highly Active,4.0
2901.0,82.67,94.86,14207.0,7.96,Sedentary,8.0
1405.0,55.61,100.0,8038.0,6.17,Sedentary,2.0
1663.0,73.6,99.25,1323.0,5.74,Active,1.0
2132.0,107.39,95.28,11846.0,9.52,Highly Active,8.0
2099.0,73.68,96.29,9916.0,5.3,Sedentary,8.0
1541.0,96.67,97.76,15381.0,7.02,Sedentary,5.0
2337.0,80.21,100.0,8669.0,6.55,Active,8.0
1997.0,83.42,97.54,14663.0,7.53,Active,4.0
2140.0,61.36,98.37,1239.0,3.62,Sedentary,2.0
3974.0,61.36,96.54,11761.0,7.51,Sedentary,4.0
1867.0,85.84,100.0,21398.0,8.9,Active,4.0
4775.0,79.61,95.95,11831.0,3.65,Sedentary,6.0
3066.0,75.91,98.34,6686.0,5.08,Highly Active,6.0
1431.0,75.91,100.0,18273.0,7.35,Highly Active,6.0
4756.0,69.65,96.88,695.0,6.3,Highly Active,4.0
1739.0,65.75,97.47,119.0,7.52,Sedentary,10.0
2373.0,67.22,96.21,23531.0,7.62,Active,2.0
1182.0,78.43,95.2,8042.0,6.84,Active,10.0
3160.0,85.59,95.49,849.0,9.14,Active,5.0
2206.0,79.29,100.0,2909.0,7.63,Highly Active,3.0
3528.0,77.92,94.81,9671.0,6.5,Active,3.0
2169.0,76.7,96.52,9715.0,7.55,Active,4.0
1830.0,72.38,95.3,1304.0,6.45,Highly Active,1.0
2651.0,62.54,96.42,4446.0,7.32,Sedentary,6.0
2136.0,75.7,97.42,11527.0,8.25,Active,6.0
3810.0,86.21,98.32,23836.0,8.92,Sedentary,8.0
1475.0,73.27,100.0,6821.0,6.63,Highly Active,10.0
3810.0,61.19,99.86,7115.0,7.76,Highly Active,10.0
2326.0,57.07,99.42,4436.0,4.88,Highly Active,7.0
1970.0,60.69,99.42,5421.0,5.8,Active,6.0
4896.0,57.84,94.55,729.0,5.66,Highly Active,6.0
2019.0,118.37,98.12,3011.0,8.05,Sedentary,6.0
2141.0,61.83,100.0,4955.0,6.5,Sedentary,6.0
2836.0,74.42,100.0,2251.0,6.5,Highly Active,3.0
1160.0,73.7,100.0,3122.0,7.79,Highly Active,8.0
3448.0,96.2,96.99,24831.0,8.19,Sedentary,10.0
1197.0,81.44,99.44,37.0,3.9,Active,2.0
2283.0,81.37,96.31,2523.0,6.5,Highly Active,6.0
1659.0,77.62,100.0,6139.0,5.2,Sedentary,9.0
2775.0,77.62,96.16,2289.0,4.62,Sedentary,6.0
2070.0,79.83,95.95,7899.0,7.27,Highly Active,5.0
3010.0,65.59,100.0,2489.0,9.1,Active,9.0
1398.0,61.24,98.03,7117.0,6.52,Sedentary,5.0
2733.0,75.88,99.5,13273.0,6.52,Sedentary,3.0
2582.0,66.95,99.68,7524.0,6.96,Sedentary,3.0
3125.0,77.77,95.66,358.0,5.42,Active,5.0
3171.0,58.81,98.15,11101.0,5.69,Highly Active,6.0
1074.0,52.89,96.44,1675.0,6.21,Highly Active,9.0
4942.0,55.81,94.07,7051.0,7.08,Active,10.0
3184.0,73.89,97.8,7284.0,4.0,Highly Active,7.0
1601.0,50.77,96.63,11398.0,3.46,Highly Active,4.0
4471.0,104.24,99.2,4934.0,5.21,Active,9.0
1836.0,104.28,100.0,3301.0,7.28,Highly Active,6.0
2528.0,88.28,96.53,5109.0,4.6,Active,2.0
1499.0,69.46,95.76,5524.0,9.25,Active,5.0
2596.0,67.75,97.86,12064.0,7.78,Highly Active,1.0
1137.0,79.45,98.61,1607.0,7.5,Sedentary,2.0
3097.0,83.95,99.04,13134.0,7.78,Sedentary,10.0
2794.0,79.44,100.0,3187.0,7.14,Active,4.0
1972.0,55.34,100.0,9534.0,7.26,Highly Active,9.0
2642.0,72.15,100.0,2863.0,8.36,Active,4.0
4696.0,83.0,100.0,8638.0,8.0,Sedentary,8.0
2885.0,40.0,99.73,11237.0,6.95,Sedentary,7.0
3301.0,58.42,99.96,5716.0,9.39,Highly Active,10.0
4701.0,82.89,100.0,6765.0,6.62,Active,8.0
3028.0,70.32,98.91,8611.0,5.82,Active,7.0
3757.0,70.33,98.38,8163.0,4.28,Sedentary,5.0
4920.0,91.63,98.66,9099.0,5.42,Active,8.0
2900.0,74.19,97.93,13265.0,8.3,Highly Active,10.0
3610.0,74.19,97.0,1744.0,8.3,Active,1.0
3804.0,70.37,95.62,1692.0,7.22,Highly Active,5.0
4986.0,70.87,100.0,24707.0,6.62,Highly Active,1.0
2449.0,62.48,100.0,13342.0,4.7,Active,10.0
1546.0,71.66,96.98,6270.0,6.07,Highly Active,2.0
4373.0,57.9,98.11,57.0,5.25,Active,5.0
2714.0,70.0,96.77,13505.0,5.85,Active,8.0
1580.0,67.26,99.12,9749.0,5.17,Highly Active,4.0
2372.0,78.47,99.15,21925.0,7.22,Highly Active,9.0
4903.0,97.72,97.32,93.0,7.72,Active,4.0
2956.0,78.89,97.5,203.0,6.55,Highly Active,2.0
3003.0,76.55,97.57,5101.0,3.52,Active,3.0
3096.0,78.51,96.83,13568.0,4.47,Sedentary,4.0
3964.0,62.06,98.74,33224.0,7.47,Highly Active,6.0
4145.0,85.53,93.72,2700.0,5.37,Sedentary,10.0
1703.0,81.1,98.15,259.0,5.37,Highly Active,8.0
3308.0,74.33,100.0,1523.0,6.6,Highly Active,6.0
3403.0,80.32,99.35,14670.0,5.32,Active,10.0
4653.0,79.91,96.09,4397.0,3.32,Sedentary,9.0
2625.0,79.94,96.15,13436.0,5.11,Active,4.0
4331.0,89.91,96.95,4108.0,5.89,Highly Active,3.0
1637.0,63.63,96.71,384.0,5.67,Sedentary,1.0
3790.0,94.67,99.37,6729.0,7.55,Highly Active,2.0
4366.0,50.96,96.44,4005.0,6.63,Highly Active,1.0
2009.0,84.93,99.33,4732.0,6.53,Sedentary,8.0
3978.0,77.52,97.7,20827.0,8.24,Highly Active,5.0
1640.0,60.56,98.64,4275.0,4.16,Active,2.0
3839.0,90.44,99.32,11146.0,8.85,Sedentary,6.0
4384.0,47.8,98.97,425.0,8.98,Sedentary,5.0
3659.0,99.38,100.0,4565.0,6.33,Sedentary,5.0
2861.0,108.85,100.0,6185.0,5.91,Sedentary,1.0
3856.0,271.5,96.44,841.0,8.51,Sedentary,7.0
2205.0,59.58,100.0,2519.0,6.1,Active,4.0
1685.0,66.33,98.36,9419.0,7.03,Highly Active,2.0
2851.0,89.63,98.82,1423.0,6.92,Sedentary,4.0
4435.0,70.16,99.91,962.0,7.23,Sedentary,1.0
1187.0,40.0,96.08,2489.0,4.85,Sedentary,1.0
4640.0,80.75,100.0,13711.0,7.16,Sedentary,3.0
4614.0,88.41,98.68,10076.0,5.18,Highly Active,9.0
2619.0,82.71,100.0,10498.0,5.6,Sedentary,3.0
2687.0,82.71,97.95,2725.0,7.89,Active,3.0
1984.0,99.07,96.37,729.0,5.74,Sedentary,2.0
1547.0,71.83,99.41,227.0,5.54,Active,5.0
3772.0,100.77,96.26,6177.0,6.81,Sedentary,9.0
3973.0,72.68,97.32,8481.0,8.52,Active,2.0
1875.0,72.86,100.0,5268.0,8.21,Sedentary,5.0
1617.0,105.57,97.22,2290.0,8.19,Sedentary,1.0
3461.0,84.72,97.63,3171.0,6.46,Highly Active,10.0
2365.0,73.56,98.33,9161.0,10.34,Sedentary,10.0
2243.0,57.01,99.34,8866.0,6.8,Highly Active,3.0
1902.0,78.09,95.7,199.0,6.45,Highly Active,1.0
1162.0,62.71,95.36,20206.0,7.07,Active,1.0
2974.0,81.61,100.0,20206.0,6.9,Highly Active,5.0
4291.0,84.88,97.18,16670.0,4.53,Highly Active,7.0
1631.0,83.07,97.26,4841.0,7.07,Highly Active,1.0
1905.0,76.2,99.53,4193.0,5.32,Sedentary,7.0
4919.0,94.87,97.22,17896.0,7.47,Sedentary,8.0
4471.0,96.61,98.62,1633.0,6.55,Highly Active,1.0
4253.0,59.21,99.26,6621.0,7.91,Highly Active,9.0
3014.0,101.43,98.57,2677.0,6.31,Active,6.0
2641.0,93.44,98.9,17275.0,7.22,Highly Active,9.0
4800.0,62.2,97.95,1299.0,3.78,Sedentary,3.0
1581.0,62.2,94.89,3834.0,5.3,Highly Active,8.0
2579.0,78.09,95.61,7577.0,6.97,Highly Active,2.0
1840.0,68.17,95.61,1201.0,5.33,Sedentary,4.0
2836.0,79.71,99.91,3502.0,7.59,Highly Active,6.0
2251.0,92.79,93.93,794.0,7.08,Sedentary,9.0
2719.0,44.53,98.94,24266.0,5.81,Highly Active,8.0
2642.0,76.89,96.72,1686.0,6.84,Highly Active,2.0
3643.0,75.86,98.97,34963.0,5.83,Active,10.0
4921.0,97.45,98.97,3795.0,5.83,Active,9.0
3297.0,87.43,98.39,520.0,5.73,Sedentary,1.0
1874.0,87.29,99.82,124.0,7.09,Active,1.0
2464.0,68.34,96.66,6396.0,8.54,Active,7.0
4604.0,85.04,96.82,6677.0,4.65,Sedentary,2.0
3243.0,67.72,100.0,5208.0,5.46,Active,1.0
1689.0,73.37,100.0,481.0,5.46,Sedentary,7.0
3010.0,83.61,99.63,2819.0,6.97,Highly Active,1.0
4590.0,76.28,94.38,3114.0,7.76,Active,3.0
4141.0,79.74,95.85,8541.0,3.89,Sedentary,6.0
3686.0,94.7,97.27,3799.0,6.22,Highly Active,6.0
2422.0,69.53,98.87,5956.0,6.54,Highly Active,2.0
3001.0,59.44,96.8,2361.0,7.82,Sedentary,4.0
1671.0,61.4,99.19,9062.0,5.16,Sedentary,1.0
4831.0,58.13,95.86,9062.0,7.59,Sedentary,7.0
4274.0,58.13,100.0,31260.0,6.94,Active,10.0
2495.0,91.06,99.39,1128.0,9.79,Highly Active,8.0
4726.0,91.06,94.3,8848.0,7.69,Highly Active,3.0
1943.0,72.02,98.61,10811.0,6.11,Highly Active,1.0
4988.0,64.64,98.03,2210.0,7.37,Active,7.0
2449.0,64.64,97.12,22298.0,7.29,Highly Active,5.0
4737.0,76.86,97.12,125.0,7.13,Sedentary,3.0
3539.0,101.83,97.91,3344.0,7.3,Sedentary,3.0
2560.0,59.26,99.29,770.0,8.07,Highly Active,8.0
1895.0,68.53,100.0,3401.0,9.8,Highly Active,10.0
3480.0,50.96,96.99,412.0,3.79,Highly Active,5.0
2336.0,90.63,100.0,7249.0,8.45,Highly Active,10.0
1164.0,78.8,100.0,451.0,6.71,Active,1.0
3361.0,105.25,96.03,451.0,5.32,Active,2.0
3068.0,67.74,98.56,1867.0,4.47,Sedentary,2.0
2105.0,95.06,99.66,1382.0,6.96,Active,2.0
4652.0,76.2,97.55,2983.0,6.55,Sedentary,5.0
4202.0,73.59,97.84,7170.0,4.88,Highly Active,8.0
4670.0,70.66,99.07,6043.0,6.45,Highly Active,9.0
4031.0,80.61,99.07,17592.0,8.83,Active,7.0
3352.0,78.17,96.7,1591.0,8.83,Sedentary,1.0
2938.0,51.41,96.86,3733.0,6.69,Active,9.0
1370.0,40.0,96.7,2163.0,7.43,Sedentary,6.0
2880.0,70.31,97.26,6179.0,8.25,Highly Active,3.0
1852.0,92.43,97.86,2333.0,6.78,Highly Active,2.0
1383.0,78.33,96.82,5715.0,7.03,Active,7.0
2931.0,55.46,96.22,12128.0,5.9,Highly Active,2.0
3492.0,48.39,96.27,5604.0,6.26,Active,10.0
1424.0,48.39,97.96,12747.0,5.55,Sedentary,10.0
3208.0,50.2,94.94,6616.0,4.95,Highly Active,4.0
4249.0,50.2,99.69,14298.0,4.69,Sedentary,1.0
1628.0,50.2,100.0,18657.0,5.21,Active,6.0
4779.0,99.52,100.0,4962.0,5.1,Sedentary,2.0
1894.0,65.56,97.33,10946.0,6.95,Highly Active,8.0
3537.0,89.09,97.33,4429.0,7.17,Active,10.0
4064.0,96.0,96.83,8550.0,5.87,Highly Active,1.0
3374.0,54.94,96.03,268.0,5.24,Highly Active,9.0
1597.0,231.26,99.4,23860.0,9.73,Highly Active,10.0
4062.0,231.26,94.15,15732.0,5.84,Highly Active,8.0
3336.0,59.04,96.94,15663.0,5.61,Sedentary,2.0
1592.0,78.96,96.84,2312.0,4.14,Highly Active,3.0
4398.0,57.47,97.1,2330.0,7.28,Highly Active,7.0
4644.0,80.73,96.85,3606.0,9.23,Sedentary,7.0
1572.0,107.61,98.29,14853.0,6.22,Sedentary,5.0
4425.0,71.94,99.23,13695.0,5.98,Active,5.0
3075.0,73.58,98.63,2392.0,6.92,Active,3.0
4001.0,96.25,96.03,5463.0,6.96,Highly Active,5.0
3090.0,96.25,94.45,4513.0,2.76,Active,3.0
2704.0,65.74,100.0,7362.0,7.47,Sedentary,3.0
3470.0,85.32,99.89,1685.0,9.31,Highly Active,2.0
4669.0,40.0,100.0,622.0,6.58,Highly Active,5.0
1176.0,59.94,98.89,193.0,6.34,Active,10.0
1528.0,91.05,100.0,3362.0,7.69,Active,3.0
2633.0,67.35,94.42,20511.0,7.51,Active,5.0
1965.0,72.0,95.33,8082.0,6.76,Sedentary,7.0
2517.0,61.14,96.74,9680.0,7.66,Highly Active,8.0
1197.0,58.73,98.26,20324.0,7.73,Highly Active,3.0
3657.0,40.0,96.63,3838.0,4.74,Sedentary,3.0
4648.0,69.55,100.0,4502.0,4.78,Highly Active,3.0
3889.0,81.98,99.87,3119.0,4.56,Active,7.0
1852.0,78.7,99.93,1401.0,4.23,Highly Active,7.0
4588.0,62.52,99.36,10179.0,7.72,Sedentary,5.0
2537.0,53.57,98.62,16602.0,7.72,Sedentary,4.0
3069.0,69.39,100.0,11769.0,7.17,Highly Active,7.0
4183.0,55.07,100.0,342.0,8.99,Active,2.0
2080.0,63.49,97.52,2488.0,6.04,Active,4.0
4137.0,76.94,96.25,6277.0,5.47,Active,7.0
1097.0,94.29,100.0,1139.0,8.21,Sedentary,2.0
4215.0,59.31,100.0,5411.0,5.61,Sedentary,2.0
2903.0,65.93,99.27,5160.0,9.41,Sedentary,4.0
1434.0,87.75,97.65,8663.0,6.39,Active,7.0
1636.0,85.36,95.73,62487.0,7.27,Sedentary,1.0
4750.0,82.75,97.85,62487.0,6.74,Active,7.0
4157.0,65.43,96.18,2668.0,5.9,Highly Active,8.0
1587.0,83.76,95.84,21926.0,7.87,Highly Active,10.0
1343.0,86.88,99.93,5929.0,1.29,Highly Active,7.0
2317.0,81.63,97.05,7264.0,5.99,Highly Active,1.0
2979.0,74.51,97.95,3097.0,7.69,Sedentary,9.0
1570.0,83.66,100.0,3097.0,4.32,Sedentary,6.0
4721.0,73.86,93.82,3797.0,5.45,Sedentary,3.0
1610.0,73.86,96.09,19266.0,5.76,Sedentary,1.0
2727.0,76.12,99.61,11610.0,6.0,Active,1.0
3290.0,52.34,97.02,666.0,5.6,Highly Active,2.0
2854.0,66.24,96.95,2637.0,4.97,Active,7.0
3608.0,106.21,98.65,401.0,6.39,Active,6.0
1959.0,45.94,97.68,5091.0,7.71,Sedentary,9.0
3079.0,98.28,97.68,2294.0,7.07,Active,8.0
3438.0,84.38,96.76,534.0,6.5,Sedentary,4.0
3324.0,75.51,94.98,10349.0,6.2,Sedentary,4.0
1531.0,49.79,99.73,669.0,8.39,Highly Active,6.0
2177.0,74.98,95.23,2218.0,4.59,Sedentary,7.0
3430.0,63.81,95.22,10338.0,8.47,Highly Active,5.0
2091.0,92.83,95.48,5016.0,8.14,Sedentary,5.0
2901.0,65.0,99.68,11892.0,4.13,Active,10.0
1883.0,70.86,96.72,3747.0,7.2,Sedentary,2.0
3261.0,78.69,100.0,11807.0,6.31,Sedentary,4.0
2678.0,65.33,99.76,5408.0,6.34,Sedentary,8.0
3423.0,89.38,100.0,644.0,6.6,Active,2.0
3791.0,70.56,100.0,4464.0,5.57,Highly Active,1.0
3260.0,46.79,95.54,5645.0,7.91,Sedentary,9.0
3126.0,77.26,97.36,6629.0,6.51,Highly Active,8.0
2749.0,87.11,92.19,18406.0,4.81,Sedentary,7.0
3675.0,96.57,99.12,18406.0,6.44,Highly Active,10.0
1406.0,83.29,98.53,6520.0,6.44,Highly Active,10.0
1781.0,92.3,96.67,9761.0,7.42,Highly Active,6.0
4994.0,82.36,96.97,15448.0,4.53,Sedentary,6.0
4452.0,60.61,100.0,5216.0,9.5,Highly Active,7.0
4048.0,63.28,98.98,1685.0,6.68,Highly Active,4.0
3727.0,40.52,100.0,11914.0,4.65,Active,2.0
3105.0,71.75,96.25,16481.0,6.2,Active,5.0
4097.0,51.33,98.73,1827.0,6.2,Sedentary,2.0
1880.0,94.41,99.59,14361.0,7.14,Active,1.0
1446.0,73.46,98.6,4637.0,9.85,Highly Active,5.0
3113.0,61.55,97.13,1297.0,9.3,Highly Active,1.0
4992.0,51.26,100.0,7255.0,6.8,Sedentary,4.0
2783.0,99.92,100.0,4291.0,5.33,Active,1.0
2277.0,92.73,96.52,24085.0,5.33,Active,7.0
4970.0,68.95,96.8,1764.0,7.61,Active,7.0
2991.0,88.94,96.48,3148.0,6.81,Highly Active,3.0
2067.0,71.86,100.0,1272.0,7.62,Sedentary,3.0
4168.0,65.93,100.0,357.0,7.17,Active,10.0
2577.0,65.2,99.48,2240.0,6.5,Active,1.0
2011.0,71.52,97.68,11997.0,4.68,Active,10.0
3274.0,69.02,99.76,2176.0,6.3,Highly Active,1.0
1773.0,75.92,98.73,8343.0,9.37,Sedentary,4.0
3726.0,99.13,97.65,5226.0,7.23,Active,9.0
4507.0,109.18,98.76,5134.0,8.25,Active,4.0
2814.0,56.96,100.0,10648.0,9.52,Sedentary,6.0
3648.0,81.89,99.59,6732.0,4.73,Highly Active,5.0
3426.0,78.14,96.05,1219.0,10.4,Active,6.0
2164.0,82.96,96.3,1746.0,7.96,Highly Active,1.0
2450.0,68.25,99.52,5494.0,8.24,Sedentary,5.0
4986.0,83.16,99.52,13065.0,5.49,Active,6.0
3756.0,54.3,98.73,1157.0,7.59,Highly Active,9.0
1306.0,125.73,96.79,791.0,5.3,Highly Active,10.0
1778.0,125.73,99.64,5102.0,6.72,Highly Active,4.0
3551.0,85.95,95.9,1463.0,7.01,Sedentary,9.0
3315.0,58.23,98.62,36092.0,6.14,Active,2.0
4657.0,64.57,97.12,31.0,8.23,Active,9.0
1007.0,52.97,97.89,4170.0,5.72,Active,10.0
4991.0,96.84,98.25,1242.0,3.48,Highly Active,9.0
3555.0,58.35,100.0,8000.0,6.13,Active,2.0
1475.0,72.17,97.84,6962.0,8.38,Active,5.0
2320.0,72.83,99.97,11518.0,10.18,Highly Active,5.0
3211.0,82.1,96.22,5801.0,8.47,Sedentary,6.0
1484.0,55.61,94.71,1470.0,8.1,Active,5.0
4668.0,87.89,98.93,384.0,5.93,Highly Active,8.0
4143.0,93.67,97.39,8965.0,9.96,Active,8.0
3614.0,65.1,95.91,4058.0,6.5,Highly Active,6.0
1904.0,74.45,95.94,1759.0,7.58,Sedentary,7.0
1558.0,84.4,96.21,2031.0,7.44,Highly Active,3.0
4982.0,78.83,98.62,1130.0,4.76,Highly Active,1.0
3285.0,85.52,95.13,10992.0,4.76,Sedentary,2.0
2127.0,97.69,96.85,6785.0,7.74,Sedentary,5.0
2233.0,97.64,96.5,30617.0,7.0,Sedentary,1.0
3601.0,83.63,95.87,5200.0,5.55,Active,9.0
3875.0,86.49,99.94,5160.0,8.19,Highly Active,2.0
1467.0,69.16,97.81,1487.0,5.96,Highly Active,10.0
4525.0,69.16,100.0,6181.0,6.0,Highly Active,4.0
4339.0,69.16,99.52,6562.0,7.3,Highly Active,2.0
3433.0,108.97,99.63,1619.0,6.48,Highly Active,2.0
3822.0,67.04,98.3,645.0,6.85,Highly Active,1.0
1847.0,81.52,100.0,3221.0,8.05,Sedentary,3.0
3434.0,80.67,100.0,1322.0,5.39,Sedentary,1.0
3924.0,69.39,98.45,4897.0,5.27,Highly Active,10.0
1258.0,97.25,92.49,5227.0,6.15,Sedentary,8.0
1282.0,98.83,93.94,6558.0,6.41,Highly Active,3.0
2649.0,115.01,96.54,6464.0,7.46,Highly Active,3.0
2898.0,63.02,98.46,7865.0,9.41,Active,2.0
1039.0,81.11,95.15,1834.0,6.44,Active,1.0
3533.0,76.33,98.85,9187.0,6.55,Highly Active,2.0
3976.0,76.33,98.22,5208.0,5.52,Sedentary,2.0
3267.0,65.01,97.74,4025.0,5.34,Highly Active,3.0
4200.0,77.5,98.11,7307.0,7.52,Highly Active,7.0
2014.0,68.0,93.2,4870.0,6.5,Highly Active,2.0
4071.0,60.31,100.0,5221.0,8.37,Highly Active,1.0
4591.0,76.85,97.27,165.0,8.21,Active,2.0
1612.0,58.41,98.35,11338.0,7.8,Highly Active,2.0
3975.0,68.0,98.35,3864.0,4.31,Highly Active,1.0
2915.0,80.43,96.78,5110.0,7.52,Highly Active,7.0
1687.0,72.97,98.19,3459.0,5.1,Active,1.0
4690.0,71.14,95.99,5613.0,3.67,Active,6.0
1612.0,102.13,97.81,389.0,6.83,Highly Active,9.0
3307.0,96.04,97.81,3391.0,8.54,Sedentary,5.0
4037.0,76.24,97.41,7733.0,7.57,Active,9.0
4013.0,59.79,98.12,19515.0,5.18,Highly Active,8.0
3413.0,87.16,99.28,13242.0,10.69,Sedentary,2.0
3325.0,112.89,100.0,23044.0,7.73,Highly Active,5.0
2810.0,95.47,100.0,10647.0,5.24,Sedentary,5.0
3591.0,55.5,99.3,7009.0,3.43,Sedentary,4.0
3696.0,72.04,97.41,3853.0,6.19,Highly Active,1.0
2547.0,64.01,95.73,920.0,3.55,Highly Active,8.0
2930.0,61.11,96.98,2021.0,4.96,Highly Active,5.0
3861.0,92.03,95.28,2214.0,3.95,Sedentary,5.0
4958.0,91.71,97.42,3909.0,5.37,Sedentary,2.0
4087.0,101.63,98.59,6588.0,5.7,Sedentary,6.0
2152.0,85.18,98.74,6748.0,5.19,Highly Active,9.0
1574.0,276.12,98.39,4256.0,9.95,Sedentary,1.0
4180.0,77.82,98.41,2248.0,6.22,Highly Active,2.0
2910.0,61.42,98.62,407.0,8.49,Active,4.0
2012.0,95.55,100.0,31466.0,7.35,Sedentary,7.0
4604.0,63.88,96.15,19643.0,6.5,Active,2.0
1669.0,68.87,96.62,1414.0,5.78,Highly Active,10.0
1268.0,70.44,100.0,6509.0,8.53,Sedentary,4.0
4233.0,40.0,96.65,2453.0,4.95,Active,8.0
2283.0,88.01,100.0,1513.0,5.56,Active,8.0
1923.0,60.78,100.0,8073.0,5.54,Active,7.0
2125.0,85.34,96.84,10799.0,6.61,Highly Active,1.0
3241.0,68.27,98.5,3653.0,5.14,Active,2.0
2758.0,68.14,99.18,426.0,7.91,Active,10.0
2594.0,58.34,100.0,3593.0,8.11,Active,1.0
1246.0,95.83,97.9,5318.0,5.42,Sedentary,3.0
4711.0,99.17,97.82,5318.0,7.29,Active,3.0
4866.0,90.0,99.52,7486.0,5.24,Highly Active,7.0
4908.0,78.98,96.54,8677.0,6.77,Active,4.0
2560.0,77.04,98.02,1585.0,8.26,Active,10.0
3178.0,91.3,93.67,8918.0,6.65,Active,7.0
3400.0,73.11,100.0,4878.0,6.34,Highly Active,3.0
3243.0,94.76,100.0,12020.0,6.34,Active,1.0
4864.0,60.56,97.97,1707.0,7.04,Highly Active,6.0
2939.0,89.72,96.16,5063.0,5.24,Sedentary,8.0
1929.0,94.28,96.06,1645.0,5.12,Active,8.0
4737.0,58.53,99.17,2357.0,9.92,Highly Active,5.0
4453.0,62.41,96.19,12495.0,5.39,Active,3.0
4069.0,74.33,95.59,8149.0,5.45,Highly Active,4.0
3692.0,81.35,95.27,9126.0,6.54,Sedentary,3.0
1226.0,65.74,98.22,497.0,7.6,Sedentary,4.0
3748.0,76.38,98.49,9133.0,4.64,Active,8.0
4547.0,44.01,100.0,4733.0,6.08,Active,8.0
4548.0,86.47,96.69,4302.0,4.49,Highly Active,6.0
1264.0,87.18,99.12,3725.0,6.5,Highly Active,9.0
2395.0,97.81,96.61,13364.0,7.73,Active,6.0
4557.0,83.61,96.28,1368.0,6.12,Sedentary,8.0
2457.0,83.61,98.91,11778.0,9.45,Highly Active,4.0
4008.0,59.79,100.0,18449.0,5.23,Highly Active,9.0
3258.0,62.8,97.67,1289.0,6.83,Sedentary,9.0
4643.0,296.59,95.42,54699.0,8.46,Sedentary,10.0
2418.0,63.47,99.07,6797.0,10.46,Active,5.0
2473.0,74.43,99.25,2189.0,6.99,Highly Active,9.0
3990.0,50.83,100.0,3930.0,5.16,Active,2.0
2387.0,50.83,96.26,1308.0,6.63,Active,5.0
2899.0,78.28,99.51,896.0,5.24,Highly Active,8.0
3504.0,79.0,99.28,8522.0,6.68,Highly Active,4.0
3772.0,87.97,97.97,6070.0,8.35,Highly Active,10.0
4799.0,77.32,98.16,5804.0,7.54,Active,2.0
2249.0,75.46,98.88,1993.0,6.34,Active,5.0
1981.0,84.56,99.25,1993.0,5.47,Highly Active,6.0
2154.0,77.85,96.42,32053.0,6.99,Highly Active,2.0
1587.0,60.42,99.93,6937.0,7.29,Sedentary,1.0
1475.0,63.01,99.12,11982.0,4.62,Sedentary,5.0
2821.0,100.15,96.8,3329.0,4.97,Sedentary,2.0
1985.0,123.25,98.85,12991.0,6.07,Highly Active,8.0
4348.0,86.04,98.98,8971.0,4.5,Sedentary,10.0
3203.0,59.87,98.9,3017.0,4.5,Highly Active,2.0
4831.0,103.48,97.97,8853.0,4.95,Active,7.0
2241.0,68.55,96.15,18190.0,7.07,Highly Active,6.0
1189.0,81.37,96.34,1683.0,6.65,Active,6.0
2440.0,74.69,100.0,5553.0,5.83,Sedentary,5.0
1980.0,77.79,98.15,23805.0,5.1,Active,10.0
2698.0,68.4,99.98,12058.0,7.05,Highly Active,4.0
2715.0,94.47,98.17,6778.0,6.97,Active,4.0
3593.0,72.23,95.9,506.0,8.36,Active,1.0
1040.0,84.19,99.14,3650.0,2.73,Sedentary,3.0
3354.0,83.87,98.19,7364.0,3.88,Active,1.0
1942.0,73.34,99.85,3689.0,7.91,Highly Active,1.0
1337.0,52.43,97.63,40862.0,7.21,Sedentary,8.0
2337.0,62.59,96.98,9800.0,6.5,Active,5.0
2098.0,62.59,94.16,1450.0,5.16,Highly Active,10.0
4000.0,79.61,99.48,4719.0,5.92,Active,10.0
3326.0,62.77,98.67,3391.0,6.5,Sedentary,6.0
4247.0,75.66,96.88,6307.0,3.0,Active,6.0
1895.0,78.14,98.89,4141.0,6.71,Sedentary,6.0
4733.0,83.74,95.98,1902.0,8.62,Active,3.0
3320.0,102.3,100.0,9021.0,6.25,Active,4.0
3884.0,40.76,94.39,790.0,5.43,Sedentary,9.0
3667.0,93.16,94.39,5317.0,4.82,Sedentary,8.0
2674.0,78.26,97.38,2599.0,8.17,Highly Active,7.0
3909.0,59.55,97.35,23780.0,6.62,Highly Active,2.0
4854.0,77.47,97.83,2532.0,6.68,Active,6.0
4930.0,96.7,97.95,2919.0,4.33,Highly Active,5.0
1930.0,101.19,98.31,8595.0,5.12,Highly Active,1.0
1288.0,59.68,97.38,963.0,7.6,Active,7.0
1723.0,62.27,96.41,2747.0,5.71,Highly Active,10.0
3940.0,55.61,98.5,8333.0,5.52,Sedentary,6.0
3319.0,78.5,100.0,219.0,10.26,Sedentary,6.0
2953.0,79.24,95.51,2608.0,6.6,Sedentary,6.0
2089.0,89.81,97.14,58.0,6.24,Active,3.0
1482.0,81.62,99.1,1140.0,6.3,Active,4.0
1935.0,88.4,100.0,6488.0,5.48,Sedentary,2.0
3295.0,54.2,100.0,4271.0,6.39,Active,9.0
1155.0,101.29,100.0,1187.0,9.41,Sedentary,9.0
2070.0,94.46,96.5,569.0,7.12,Active,9.0
2958.0,67.06,99.76,406.0,4.11,Active,10.0
3501.0,63.19,98.77,625.0,5.84,Active,3.0
3248.0,86.19,96.07,707.0,6.66,Active,4.0
2683.0,51.58,97.13,632.0,4.24,Active,3.0
1123.0,63.97,94.36,397.0,5.8,Active,3.0
3048.0,59.58,94.56,8359.0,5.06,Highly Active,9.0
1967.0,73.55,96.62,19843.0,5.91,Highly Active,9.0
4830.0,68.34,98.27,13565.0,6.61,Active,3.0
1854.0,63.22,100.0,2163.0,7.55,Active,7.0
1639.0,61.74,97.34,1600.0,4.77,Highly Active,4.0
3238.0,65.41,96.22,344.0,6.37,Active,5.0
2602.0,57.15,100.0,1188.0,6.01,Active,4.0
3563.0,204.06,95.77,5872.0,6.17,Active,3.0
1441.0,91.89,96.08,43953.0,5.27,Sedentary,8.0
2944.0,81.02,97.1,13715.0,6.43,Sedentary,9.0
2838.0,95.74,97.1,5064.0,7.24,Sedentary,10.0
2829.0,62.39,99.44,3855.0,4.41,Highly Active,9.0
3190.0,63.77,96.83,1120.0,9.09,Highly Active,7.0
4262.0,81.63,97.63,3796.0,7.91,Highly Active,9.0
1532.0,83.58,97.8,6325.0,4.14,Highly Active,3.0
3274.0,75.23,94.52,6335.0,8.67,Sedentary,4.0
2336.0,74.63,98.76,5708.0,6.5,Active,7.0
4700.0,59.01,98.0,12162.0,5.75,Active,5.0
1948.0,40.0,97.6,4995.0,6.81,Highly Active,7.0
4373.0,83.36,98.57,4482.0,6.64,Sedentary,9.0
4725.0,89.73,99.57,2555.0,4.43,Highly Active,6.0
3019.0,68.46,97.92,1391.0,8.04,Active,6.0
1459.0,66.72,97.69,10.0,3.68,Highly Active,1.0
4472.0,65.12,99.57,2721.0,6.93,Highly Active,2.0
1550.0,69.37,95.67,7018.0,6.5,Active,3.0
1392.0,90.09,95.44,7018.0,3.97,Active,9.0
4938.0,60.98,97.66,5293.0,6.06,Active,4.0
2787.0,84.68,99.5,10360.0,8.21,Highly Active,1.0
1844.0,249.62,97.85,1855.0,7.1,Sedentary,5.0
4278.0,45.09,100.0,7944.0,7.75,Sedentary,5.0
3257.0,69.85,100.0,6541.0,5.47,Highly Active,5.0
2138.0,99.59,100.0,2898.0,5.09,Sedentary,5.0
1621.0,64.72,97.69,1726.0,6.2,Highly Active,6.0
1645.0,71.44,99.37,5790.0,6.9,Active,6.0
4322.0,75.12,99.37,20322.0,7.4,Highly Active,9.0
3266.0,77.96,98.9,556.0,7.17,Sedentary,6.0
3454.0,98.14,98.27,21401.0,7.97,Sedentary,3.0
2466.0,63.11,97.6,4375.0,6.67,Active,2.0
4674.0,75.16,98.88,8666.0,6.5,Highly Active,3.0
2377.0,86.38,100.0,11379.0,4.47,Sedentary,5.0
3935.0,64.29,100.0,1150.0,7.64,Active,10.0
3605.0,76.1,96.71,322.0,8.01,Active,1.0
3597.0,89.73,96.36,963.0,9.46,Highly Active,5.0
1141.0,67.2,95.81,2919.0,10.14,Active,5.0
3659.0,72.4,95.54,21954.0,7.96,Highly Active,9.0
1500.0,57.73,98.86,306.0,7.05,Sedentary,3.0
1839.0,89.2,99.18,17662.0,5.87,Sedentary,4.0
3749.0,77.38,100.0,5767.0,5.19,Highly Active,6.0
4618.0,68.62,98.11,756.0,6.6,Highly Active,2.0
2682.0,70.38,97.32,1160.0,6.34,Active,2.0
2565.0,74.86,100.0,8183.0,9.36,Active,3.0
3046.0,80.01,97.39,6564.0,7.38,Highly Active,9.0
4917.0,65.21,95.34,1283.0,6.16,Active,2.0
2530.0,66.39,96.67,16428.0,5.18,Active,4.0
1595.0,71.05,96.16,998.0,7.3,Sedentary,4.0
2904.0,77.27,96.16,5016.0,6.71,Sedentary,9.0
1280.0,99.09,96.41,5260.0,5.82,Sedentary,10.0
1423.0,62.96,100.0,14309.0,5.47,Active,2.0
3903.0,50.21,98.08,157.0,5.47,Sedentary,3.0
1269.0,96.0,98.08,1027.0,5.89,Active,4.0
1153.0,61.83,99.88,1310.0,6.01,Highly Active,1.0
3661.0,97.01,100.0,455.0,5.77,Highly Active,1.0
2750.0,93.65,97.44,6988.0,10.75,Sedentary,9.0
1661.0,83.16,100.0,1826.0,6.74,Highly Active,2.0
2967.0,93.23,98.42,6017.0,5.27,Sedentary,1.0
1082.0,47.53,98.92,10683.0,2.64,Highly Active,10.0
4693.0,54.71,94.73,3676.0,4.04,Sedentary,5.0
3994.0,79.26,99.35,10253.0,6.06,Sedentary,1.0
3946.0,69.2,96.03,10531.0,9.04,Sedentary,1.0
2449.0,63.22,100.0,2140.0,9.93,Sedentary,2.0
2678.0,87.12,100.0,111.0,6.14,Active,6.0
4784.0,78.86,95.35,763.0,7.05,Highly Active,5.0
3331.0,90.74,100.0,12142.0,6.25,Highly Active,8.0
1979.0,69.42,99.06,3638.0,7.18,Highly Active,7.0
3220.0,74.75,96.94,12789.0,6.14,Sedentary,4.0
4398.0,74.75,94.7,5551.0,5.66,Sedentary,4.0
4789.0,55.75,91.72,1539.0,5.51,Sedentary,5.0
4134.0,73.71,100.0,8719.0,7.57,Highly Active,6.0
4144.0,61.88,100.0,5718.0,8.45,Active,2.0
3810.0,100.43,96.86,3035.0,5.83,Highly Active,2.0
2659.0,111.09,96.4,643.0,7.59,Active,8.0
2398.0,78.15,98.05,755.0,6.74,Active,3.0
1632.0,82.39,97.84,1462.0,5.93,Sedentary,1.0
2531.0,73.44,99.95,7823.0,7.52,Sedentary,5.0
1786.0,72.86,97.99,9113.0,8.52,Highly Active,5.0
3990.0,76.25,99.97,6977.0,5.26,Sedentary,7.0
4059.0,54.77,96.64,2880.0,6.02,Sedentary,5.0
1397.0,84.9,98.41,4065.0,8.7,Sedentary,2.0
2143.0,60.22,99.37,8654.0,6.44,Highly Active,2.0
1933.0,69.69,97.35,7549.0,5.31,Highly Active,2.0
2460.0,75.5,97.83,10380.0,6.75,Highly Active,2.0
2852.0,63.57,100.0,1932.0,6.51,Sedentary,7.0
3723.0,63.57,100.0,31.0,8.08,Highly Active,3.0
3983.0,67.87,95.63,2169.0,6.43,Sedentary,10.0
3512.0,67.87,98.6,2993.0,6.48,Active,3.0
1285.0,61.93,94.08,22623.0,6.42,Active,3.0
1264.0,72.5,98.92,1719.0,6.75,Highly Active,3.0
3367.0,58.92,96.3,12257.0,8.77,Highly Active,6.0
3720.0,89.74,97.59,6820.0,7.59,Active,9.0
4447.0,70.34,99.16,1284.0,4.94,Highly Active,8.0
3867.0,66.64,98.55,3617.0,6.92,Active,8.0
3136.0,72.15,96.37,4996.0,7.02,Sedentary,9.0
2677.0,73.36,95.34,4996.0,6.5,Sedentary,1.0
2226.0,81.08,98.84,1795.0,4.28,Active,3.0
1820.0,83.09,96.57,2040.0,6.72,Active,10.0
2762.0,72.73,97.5,6160.0,5.65,Active,6.0
4048.0,74.41,95.55,8156.0,4.25,Active,5.0
3381.0,40.0,93.41,4431.0,8.31,Active,2.0
3269.0,68.22,99.24,19899.0,6.08,Highly Active,8.0
1040.0,96.46,97.07,9128.0,6.1,Sedentary,5.0
2731.0,81.73,96.46,15564.0,7.82,Active,4.0
1067.0,58.9,100.0,4519.0,8.04,Active,1.0
1987.0,69.19,99.62,105.0,6.13,Active,2.0
2799.0,66.05,98.79,6277.0,6.13,Active,2.0
3561.0,91.05,98.19,11936.0,4.98,Active,7.0
4944.0,89.53,95.33,5383.0,5.09,Active,6.0
4708.0,63.28,99.1,5874.0,8.45,Highly Active,6.0
4693.0,75.15,100.0,25814.0,6.57,Highly Active,10.0
2621.0,57.99,97.93,3192.0,7.95,Active,4.0
2655.0,269.15,100.0,11332.0,6.25,Active,8.0
4198.0,66.15,96.27,4923.0,7.13,Highly Active,10.0
2278.0,64.47,95.01,4362.0,3.88,Sedentary,6.0
1694.0,80.49,95.01,1101.0,7.79,Active,2.0
4087.0,95.24,98.45,9659.0,6.46,Highly Active,4.0
3524.0,74.1,98.01,12133.0,5.8,Sedentary,9.0
2085.0,59.18,97.43,3946.0,7.44,Highly Active,2.0
3928.0,78.12,99.06,10094.0,7.99,Sedentary,2.0
3479.0,78.14,97.79,6091.0,5.89,Sedentary,5.0
2693.0,72.17,95.19,2085.0,4.71,Highly Active,8.0
3315.0,102.89,99.0,18013.0,4.71,Active,9.0
2058.0,78.66,96.7,8353.0,6.18,Active,6.0
1778.0,83.61,98.29,14745.0,3.62,Sedentary,1.0
4647.0,41.37,97.25,2314.0,5.87,Highly Active,4.0
1493.0,60.56,95.17,17369.0,7.17,Sedentary,5.0
2585.0,82.71,98.69,3175.0,6.38,Active,6.0
2492.0,79.26,96.68,67.0,6.31,Highly Active,1.0
2790.0,69.32,96.14,546.0,5.97,Highly Active,7.0
1660.0,81.8,97.11,655.0,5.87,Active,6.0
2348.0,88.91,98.76,1625.0,4.58,Sedentary,5.0
2327.0,67.91,98.04,1445.0,4.55,Highly Active,4.0
2299.0,65.65,95.89,417.0,7.05,Active,7.0
4940.0,71.16,97.28,15803.0,8.35,Active,8.0
2986.0,82.47,98.95,12334.0,6.09,Active,2.0
4755.0,66.41,97.96,10073.0,8.58,Sedentary,5.0
4060.0,87.79,96.05,4566.0,8.58,Highly Active,5.0
3044.0,67.77,99.47,3876.0,6.3,Highly Active,7.0
4516.0,110.2,96.97,2124.0,6.5,Sedentary,6.0
2928.0,56.48,97.82,6560.0,5.74,Active,8.0
2347.0,86.73,98.98,426.0,3.26,Highly Active,8.0
2058.0,47.9,97.53,7527.0,6.71,Active,8.0
1976.0,84.87,97.53,5049.0,7.55,Highly Active,5.0
1481.0,115.38,95.35,11870.0,5.67,Sedentary,6.0
1727.0,90.86,97.95,25217.0,9.51,Highly Active,7.0
3527.0,95.07,99.81,14647.0,8.05,Highly Active,3.0
4136.0,73.56,95.76,8909.0,4.29,Active,4.0
2031.0,89.13,97.66,3969.0,6.21,Highly Active,5.0
4372.0,78.73,95.42,1690.0,5.24,Sedentary,5.0
1342.0,105.39,97.85,7653.0,5.95,Sedentary,3.0
4502.0,58.4,99.63,1576.0,7.48,Highly Active,3.0
2447.0,92.81,97.36,143.0,6.12,Active,10.0
3379.0,81.42,99.54,5961.0,5.64,Active,2.0
3485.0,61.31,99.54,3508.0,6.64,Highly Active,1.0
4659.0,70.88,94.47,14613.0,7.64,Sedentary,8.0
3221.0,50.99,96.53,7265.0,7.62,Highly Active,2.0
3606.0,40.0,95.36,7294.0,7.42,Active,8.0
1526.0,57.01,98.21,10855.0,8.56,Active,1.0
2896.0,69.18,100.0,2863.0,6.36,Highly Active,2.0
1658.0,76.22,98.6,22219.0,5.96,Active,1.0
3073.0,55.35,98.8,1751.0,6.27,Sedentary,8.0
1819.0,70.25,97.2,14373.0,5.29,Active,2.0
3652.0,78.55,99.31,16921.0,5.25,Highly Active,5.0
1405.0,66.35,98.39,279.0,7.61,Highly Active,3.0
3279.0,58.79,100.0,6994.0,7.75,Active,3.0
3580.0,64.03,98.35,9688.0,2.53,Sedentary,1.0
4890.0,95.05,95.06,21528.0,7.91,Highly Active,5.0
2573.0,49.1,95.55,2027.0,5.88,Highly Active,3.0
2811.0,92.32,95.76,5776.0,5.55,Sedentary,6.0
1504.0,95.48,96.87,10383.0,6.01,Sedentary,10.0
4740.0,69.66,100.0,1124.0,4.61,Sedentary,7.0
1178.0,81.9,100.0,13420.0,6.25,Highly Active,8.0
1131.0,63.29,98.85,3618.0,9.37,Highly Active,9.0
2846.0,79.02,99.58,7147.0,4.18,Highly Active,5.0
2478.0,108.4,99.4,301.0,7.43,Highly Active,6.0
3395.0,94.07,100.0,1766.0,7.96,Highly Active,2.0
3587.0,94.07,95.93,4553.0,7.37,Active,2.0
1771.0,55.21,100.0,2390.0,8.8,Active,2.0
2429.0,70.59,98.19,22165.0,7.97,Highly Active,8.0
3123.0,79.1,98.64,11091.0,7.51,Highly Active,10.0
1578.0,85.82,100.0,14011.0,8.06,Active,7.0
3901.0,73.36,98.56,4396.0,7.99,Sedentary,1.0
2515.0,101.79,96.27,4492.0,5.98,Highly Active,2.0
1193.0,75.49,97.66,11450.0,7.45,Active,6.0
2185.0,82.87,96.8,4589.0,6.5,Sedentary,7.0
3394.0,85.5,96.86,5264.0,9.26,Active,10.0
3998.0,85.5,98.69,6540.0,5.67,Highly Active,3.0
2384.0,60.92,98.36,7348.0,8.14,Highly Active,8.0
2792.0,50.37,96.72,7992.0,7.3,Highly Active,10.0
4655.0,70.67,100.0,4109.0,5.16,Highly Active,4.0
2110.0,93.25,98.42,2448.0,5.34,Sedentary,6.0
4333.0,84.99,93.71,17694.0,7.1,Active,2.0
4736.0,65.18,93.71,24.0,5.94,Sedentary,1.0
4793.0,72.55,99.4,5035.0,6.5,Active,1.0
2936.0,46.41,97.15,2247.0,7.7,Active,5.0
3620.0,90.12,96.13,7205.0,2.11,Active,5.0
1779.0,95.14,98.08,4889.0,7.02,Highly Active,3.0
1261.0,59.0,98.39,150.0,8.2,Highly Active,1.0
1729.0,99.39,99.53,9108.0,3.73,Active,3.0
1282.0,71.48,98.68,2255.0,6.74,Active,2.0
4719.0,58.75,100.0,2110.0,6.5,Sedentary,9.0
2490.0,70.26,100.0,227.0,6.79,Active,6.0
4451.0,84.43,98.03,12336.0,7.97,Sedentary,6.0
1361.0,74.19,96.06,6053.0,4.48,Sedentary,5.0
4520.0,66.33,100.0,4643.0,6.5,Sedentary,3.0
1440.0,83.88,99.16,7885.0,6.25,Sedentary,10.0
3140.0,85.27,96.02,2966.0,3.58,Active,7.0
2644.0,72.39,97.54,5899.0,7.36,Highly Active,9.0
2473.0,69.65,95.97,2007.0,8.94,Active,8.0
1866.0,66.82,94.13,455.0,7.51,Sedentary,5.0
2447.0,82.18,96.05,5768.0,6.69,Highly Active,4.0
1141.0,50.94,93.72,1750.0,7.83,Sedentary,4.0
2314.0,63.56,98.94,9705.0,5.61,Sedentary,1.0
2455.0,72.57,98.1,4208.0,5.18,Sedentary,2.0
3796.0,63.18,96.32,2017.0,7.27,Sedentary,4.0
2875.0,78.81,99.45,2017.0,6.84,Highly Active,4.0
2847.0,77.45,95.14,868.0,6.5,Highly Active,10.0
2712.0,112.21,100.0,10031.0,5.21,Sedentary,1.0
3700.0,63.58,97.09,4213.0,4.24,Sedentary,4.0
1700.0,74.83,98.86,11723.0,4.94,Sedentary,4.0
1997.0,60.65,95.91,1040.0,5.22,Sedentary,8.0
3096.0,104.1,98.24,3375.0,3.44,Highly Active,1.0
2325.0,100.52,97.79,1389.0,7.21,Active,1.0
1880.0,51.48,97.41,442.0,4.57,Highly Active,3.0
2213.0,72.53,97.07,21762.0,4.48,Highly Active,5.0
2159.0,75.54,98.8,9079.0,6.11,Sedentary,1.0
1554.0,69.9,96.22,2758.0,5.14,Highly Active,8.0
1403.0,67.74,94.07,1978.0,4.13,Highly Active,8.0
1891.0,86.56,97.87,1600.0,4.3,Sedentary,5.0
3912.0,101.82,100.0,308.0,7.3,Active,3.0
1601.0,87.11,94.63,758.0,6.0,Highly Active,5.0
2830.0,87.11,98.16,760.0,4.23,Sedentary,7.0
1340.0,69.68,98.0,7682.0,8.68,Sedentary,2.0
4828.0,69.68,99.09,6322.0,5.43,Active,3.0
2968.0,90.21,98.19,5878.0,7.29,Active,2.0
1703.0,67.88,96.61,5878.0,6.34,Highly Active,10.0
1317.0,71.5,96.61,2025.0,6.65,Sedentary,10.0
3665.0,51.37,98.17,2935.0,6.53,Active,7.0
2386.0,54.71,96.65,948.0,4.43,Sedentary,5.0
4893.0,68.49,96.28,6202.0,9.87,Active,2.0
3429.0,58.95,98.18,18912.0,5.36,Highly Active,2.0
2800.0,72.62,98.18,5668.0,6.5,Sedentary,6.0
2367.0,82.99,99.07,7242.0,4.84,Sedentary,9.0
2572.0,56.69,94.99,34074.0,8.55,Highly Active,1.0
1816.0,94.48,99.93,5099.0,8.84,Active,6.0
1552.0,94.48,97.94,14313.0,7.18,Active,6.0
4600.0,81.07,100.0,4861.0,7.71,Active,1.0
1855.0,89.2,97.37,343.0,4.62,Sedentary,4.0
2812.0,79.78,100.0,19097.0,7.49,Sedentary,1.0
3866.0,59.8,100.0,831.0,7.47,Highly Active,8.0
4642.0,250.62,97.98,8526.0,7.16,Highly Active,1.0
1182.0,63.19,97.68,1902.0,8.97,Active,6.0
4112.0,78.16,93.17,16191.0,3.08,Highly Active,6.0
2574.0,63.41,97.59,1566.0,6.23,Active,9.0
1396.0,99.93,98.55,1056.0,8.72,Active,7.0
2727.0,85.04,97.97,4043.0,4.83,Active,4.0
3826.0,90.11,98.37,4806.0,7.47,Sedentary,8.0
2517.0,63.61,98.97,11962.0,5.77,Sedentary,10.0
4730.0,79.48,97.4,10060.0,6.63,Sedentary,1.0
1906.0,77.85,97.4,2785.0,4.91,Active,5.0
2356.0,76.65,96.73,3402.0,9.89,Highly Active,10.0
3174.0,45.94,95.57,6017.0,4.78,Active,7.0
4629.0,246.09,100.0,5614.0,6.3,Active,2.0
4628.0,74.42,95.61,13866.0,6.11,Highly Active,8.0
4239.0,55.28,99.5,15678.0,6.6,Active,2.0
4691.0,96.96,97.48,1607.0,4.14,Active,10.0
1018.0,95.69,99.14,14155.0,5.53,Sedentary,6.0
4403.0,87.82,100.0,2540.0,3.26,Sedentary,2.0
1583.0,79.09,98.14,10900.0,6.61,Sedentary,6.0
1455.0,110.03,98.92,5833.0,9.17,Sedentary,10.0
4004.0,89.75,99.11,14588.0,6.2,Sedentary,3.0
2132.0,78.37,95.22,8463.0,8.15,Active,5.0
4339.0,83.76,100.0,13231.0,5.46,Sedentary,1.0
3492.0,76.58,98.87,10494.0,8.15,Active,7.0
4311.0,83.6,96.27,5843.0,9.37,Highly Active,7.0
2952.0,96.62,100.0,7876.0,3.84,Highly Active,1.0
4372.0,72.17,95.03,1532.0,8.21,Active,3.0
3649.0,69.3,96.25,1708.0,4.28,Sedentary,9.0
3150.0,58.72,97.06,2177.0,5.34,Active,4.0
1987.0,47.01,99.96,12322.0,6.5,Sedentary,10.0
4321.0,70.32,97.22,12322.0,6.98,Active,4.0
4524.0,64.84,97.79,2486.0,6.98,Sedentary,6.0
1519.0,71.9,95.54,17718.0,9.85,Active,3.0
4224.0,66.22,97.66,9852.0,6.01,Sedentary,1.0
1858.0,58.88,97.45,9247.0,8.14,Sedentary,10.0
1173.0,66.74,94.81,4251.0,6.04,Highly Active,8.0
2366.0,82.7,97.36,8483.0,7.19,Active,6.0
4741.0,66.97,97.36,5839.0,7.24,Sedentary,4.0
1194.0,72.17,100.0,519.0,6.62,Active,4.0
3478.0,106.42,98.54,6015.0,4.37,Highly Active,9.0
1726.0,91.13,100.0,4214.0,6.92,Highly Active,9.0
4760.0,78.42,94.18,847.0,5.63,Active,7.0
2710.0,78.91,95.93,2954.0,5.81,Sedentary,3.0
2875.0,64.35,96.55,15763.0,7.39,Sedentary,10.0
3897.0,68.7,96.38,11397.0,7.29,Sedentary,10.0
2681.0,70.84,98.62,17166.0,5.37,Highly Active,8.0
2347.0,76.58,97.43,8838.0,6.83,Active,10.0
1989.0,74.34,97.43,7008.0,6.53,Active,5.0
4744.0,58.07,100.0,1050.0,6.53,Sedentary,10.0
3686.0,83.94,98.38,794.0,5.3,Sedentary,5.0
1419.0,66.4,93.96,1984.0,5.32,Active,4.0
1593.0,103.84,99.45,2640.0,6.48,Highly Active,2.0
3532.0,93.74,100.0,6538.0,6.04,Active,2.0
2774.0,71.2,95.93,15498.0,5.18,Sedentary,8.0
3459.0,99.12,97.11,8028.0,6.24,Active,6.0
1935.0,84.94,99.63,5972.0,6.35,Highly Active,7.0
2107.0,76.34,96.12,1962.0,6.99,Sedentary,2.0
1042.0,40.12,97.69,19458.0,8.7,Sedentary,1.0
4808.0,71.74,96.19,7784.0,8.11,Highly Active,4.0
1331.0,78.16,99.18,5337.0,6.39,Sedentary,4.0
4449.0,44.16,99.62,768.0,4.11,Sedentary,8.0
4826.0,84.2,100.0,12236.0,5.73,Active,2.0
3702.0,64.47,100.0,3005.0,7.88,Active,9.0
3088.0,79.52,100.0,16159.0,6.42,Highly Active,6.0
2793.0,76.98,100.0,1291.0,4.61,Active,9.0
1958.0,71.17,95.21,349.0,6.19,Highly Active,10.0
4868.0,86.87,96.44,3993.0,5.79,Sedentary,2.0
1104.0,79.22,96.17,571.0,8.39,Active,1.0
3497.0,101.67,96.73,8756.0,7.12,Highly Active,2.0
2842.0,59.81,97.24,2083.0,7.53,Highly Active,4.0
2866.0,92.8,100.0,7129.0,4.64,Active,4.0
2996.0,63.95,99.1,5921.0,5.38,Highly Active,1.0
2289.0,57.39,97.01,1062.0,5.86,Highly Active,9.0
1909.0,52.86,99.58,3412.0,6.71,Highly Active,1.0
1209.0,69.63,98.58,478.0,5.61,Sedentary,10.0
1562.0,90.09,98.59,3833.0,4.44,Active,6.0
4189.0,90.09,99.34,1409.0,4.99,Sedentary,3.0
3760.0,82.63,93.09,709.0,7.91,Highly Active,10.0
4622.0,71.56,95.96,24.0,6.96,Sedentary,8.0
2563.0,59.21,98.07,24.0,8.12,Sedentary,1.0
1770.0,51.3,99.54,1205.0,7.03,Highly Active,8.0
4155.0,56.94,96.97,6881.0,7.55,Active,4.0
3501.0,76.06,96.13,12511.0,6.5,Active,7.0
3714.0,84.87,93.66,17443.0,7.52,Active,10.0
1628.0,61.34,98.74,5708.0,7.03,Highly Active,10.0
4585.0,83.84,95.64,10868.0,6.71,Sedentary,10.0
2628.0,87.25,98.61,4246.0,5.89,Active,4.0
2701.0,79.94,96.23,4716.0,7.29,Active,7.0
1386.0,62.13,99.11,5540.0,7.29,Highly Active,8.0
2935.0,67.54,98.73,7764.0,5.14,Active,4.0
4421.0,67.54,94.44,7759.0,8.28,Sedentary,2.0
3343.0,64.26,99.75,10772.0,7.99,Highly Active,2.0
3305.0,84.7,98.6,6717.0,6.79,Sedentary,6.0
2104.0,84.7,100.0,14997.0,8.27,Active,1.0
1267.0,80.71,95.23,8647.0,7.59,Highly Active,3.0
3466.0,88.6,95.78,18511.0,5.84,Active,4.0
3282.0,77.87,97.22,9716.0,3.78,Active,5.0
2856.0,60.14,97.69,9395.0,3.73,Highly Active,10.0
4382.0,50.54,97.46,13783.0,8.39,Active,1.0
4884.0,58.39,94.1,7466.0,6.46,Highly Active,1.0
2998.0,82.31,98.53,1386.0,5.94,Highly Active,6.0
4033.0,71.91,97.43,606.0,5.51,Highly Active,1.0
2380.0,65.99,97.24,2657.0,6.6,Active,5.0
2236.0,80.97,98.03,11789.0,7.87,Highly Active,1.0
1573.0,45.21,98.49,154.0,5.28,Active,1.0
1048.0,71.07,97.76,1138.0,6.64,Active,7.0
2150.0,58.4,96.06,785.0,10.49,Active,8.0
1222.0,54.74,95.23,265.0,9.22,Sedentary,3.0
3968.0,67.28,99.76,11636.0,3.15,Active,6.0
4350.0,112.08,96.03,2296.0,3.78,Active,7.0
2431.0,84.48,95.51,9138.0,9.21,Sedentary,5.0
2528.0,58.04,98.04,1071.0,7.84,Sedentary,2.0
4365.0,93.16,98.96,3681.0,6.58,Highly Active,2.0
2819.0,55.4,100.0,867.0,7.29,Active,5.0
3324.0,55.4,96.25,17.0,6.03,Sedentary,8.0
2461.0,61.78,96.53,6648.0,5.5,Highly Active,10.0
2130.0,76.64,98.41,4591.0,7.6,Sedentary,8.0
2681.0,106.28,99.28,3773.0,6.35,Highly Active,7.0
3467.0,69.74,96.83,573.0,7.8,Highly Active,3.0
3658.0,102.57,99.31,6211.0,5.68,Highly Active,1.0
4500.0,73.92,96.8,10599.0,7.57,Active,9.0
1374.0,73.69,98.24,487.0,6.97,Sedentary,2.0
3120.0,61.71,95.38,3735.0,4.5,Active,8.0
3021.0,96.19,98.84,2613.0,8.71,Highly Active,10.0
4705.0,67.57,99.02,15571.0,4.39,Sedentary,9.0
2053.0,103.58,98.4,2133.0,8.5,Highly Active,10.0
4259.0,65.58,94.24,20212.0,7.18,Active,9.0
4435.0,68.17,97.2,12338.0,7.46,Active,7.0
2889.0,90.06,98.72,739.0,5.76,Active,4.0
2823.0,73.37,96.41,4586.0,5.95,Active,10.0
2474.0,79.33,100.0,7329.0,6.51,Sedentary,2.0
3242.0,55.36,100.0,6294.0,4.57,Highly Active,2.0
2179.0,76.65,96.24,7959.0,7.36,Sedentary,2.0
4243.0,80.57,99.26,3890.0,5.96,Sedentary,2.0
3894.0,100.86,97.69,16458.0,3.32,Sedentary,6.0
2064.0,67.82,98.89,2206.0,9.33,Active,1.0
4134.0,80.06,97.77,692.0,6.9,Active,7.0
3070.0,93.15,97.63,26709.0,6.5,Highly Active,4.0
1359.0,75.64,97.08,7388.0,5.46,Active,7.0
4146.0,91.29,99.03,7535.0,7.0,Highly Active,8.0
3607.0,112.47,94.98,11908.0,7.6,Active,7.0
3719.0,75.44,96.6,3831.0,4.32,Highly Active,10.0
3041.0,94.85,98.16,3417.0,7.41,Sedentary,8.0
4896.0,82.72,96.8,20851.0,4.91,Sedentary,8.0
2141.0,87.86,100.0,3423.0,4.57,Active,6.0
2635.0,85.58,99.09,572.0,5.18,Active,6.0
2403.0,91.0,95.85,2575.0,9.65,Active,4.0
2943.0,90.0,95.85,14475.0,7.68,Active,5.0
1678.0,73.95,99.57,698.0,6.47,Sedentary,3.0
4361.0,66.66,98.61,8829.0,9.05,Active,9.0
3487.0,81.38,97.75,2169.0,5.12,Highly Active,5.0
4739.0,53.2,97.7,9587.0,4.96,Highly Active,6.0
3980.0,84.28,100.0,5059.0,5.13,Highly Active,8.0
1006.0,86.19,95.34,7085.0,9.32,Highly Active,7.0
4267.0,72.32,100.0,1951.0,7.8,Highly Active,10.0
3468.0,75.66,98.41,1288.0,5.28,Highly Active,7.0
2591.0,88.68,100.0,458.0,5.46,Active,8.0
1832.0,86.21,97.93,12224.0,6.92,Active,2.0
4264.0,86.21,100.0,8677.0,4.8,Highly Active,3.0
3606.0,86.66,96.73,2431.0,6.23,Active,3.0
4219.0,76.59,98.15,12694.0,5.01,Sedentary,10.0
4627.0,74.78,99.63,12558.0,6.4,Highly Active,9.0
4740.0,81.33,99.57,1038.0,6.4,Active,7.0
4273.0,96.8,96.27,8755.0,9.11,Highly Active,3.0
4515.0,78.96,95.11,2420.0,4.15,Highly Active,2.0
1913.0,78.96,96.32,4407.0,7.4,Active,8.0
3011.0,44.51,97.52,3937.0,7.52,Active,7.0
2442.0,79.82,97.71,6417.0,6.15,Sedentary,9.0
2450.0,76.24,98.21,2985.0,5.61,Active,3.0
4054.0,50.01,99.45,533.0,5.61,Sedentary,8.0
2502.0,52.27,99.45,7817.0,3.72,Sedentary,4.0
4546.0,52.27,94.02,22633.0,7.67,Active,3.0
1125.0,76.61,99.94,7716.0,5.35,Sedentary,5.0
3442.0,86.86,100.0,5430.0,4.0,Highly Active,6.0
1816.0,40.0,98.65,1251.0,6.98,Highly Active,5.0
3928.0,91.04,97.43,6869.0,6.97,Highly Active,7.0
2829.0,91.04,97.43,6611.0,7.77,Highly Active,9.0
4498.0,54.25,100.0,6750.0,9.23,Highly Active,3.0
3372.0,96.12,95.77,15600.0,6.56,Highly Active,1.0
2415.0,101.86,96.76,8819.0,6.05,Highly Active,2.0
1929.0,55.0,96.73,10708.0,5.91,Sedentary,5.0
4759.0,76.61,95.76,2631.0,6.06,Sedentary,10.0
4699.0,77.97,100.0,2207.0,5.39,Sedentary,7.0
2463.0,48.04,98.25,1622.0,5.85,Highly Active,2.0
4275.0,70.05,95.74,10547.0,5.42,Sedentary,10.0
4557.0,96.06,95.74,8395.0,4.94,Highly Active,4.0
1832.0,96.06,99.68,2931.0,9.11,Active,1.0
2054.0,102.43,100.0,1065.0,8.58,Highly Active,1.0
4459.0,80.53,99.91,13126.0,3.71,Highly Active,1.0
2648.0,63.13,100.0,3395.0,6.98,Sedentary,8.0
2900.0,75.68,97.12,1473.0,6.4,Active,3.0
2457.0,53.05,95.43,1092.0,6.72,Active,2.0
3884.0,81.42,100.0,17652.0,4.32,Active,7.0
3973.0,72.12,96.63,976.0,3.73,Highly Active,2.0
2399.0,68.61,99.28,3120.0,6.5,Sedentary,5.0
4415.0,53.31,96.32,7001.0,5.95,Highly Active,7.0
1442.0,73.79,96.32,3671.0,5.68,Highly Active,9.0
4650.0,73.79,95.44,4543.0,6.19,Active,10.0
3122.0,54.44,100.0,11358.0,7.4,Sedentary,9.0
1556.0,91.22,98.78,50225.0,7.82,Highly Active,9.0
4843.0,79.17,95.31,4408.0,5.03,Active,4.0
4737.0,62.28,93.75,3333.0,5.17,Sedentary,4.0
2178.0,73.57,97.86,3655.0,6.73,Active,8.0
4501.0,87.55,100.0,3224.0,8.33,Highly Active,6.0
3037.0,95.54,97.08,4494.0,6.18,Sedentary,3.0
1362.0,98.8,100.0,2836.0,6.72,Highly Active,5.0
3495.0,102.0,95.97,4347.0,4.45,Highly Active,2.0
2257.0,55.04,99.53,20361.0,3.21,Highly Active,2.0
4634.0,64.35,97.44,2360.0,9.97,Active,4.0
2841.0,53.98,99.45,7386.0,6.92,Highly Active,10.0
2850.0,72.41,96.84,9228.0,3.29,Sedentary,4.0
3172.0,93.94,95.24,4474.0,8.67,Sedentary,5.0
1910.0,53.74,100.0,1225.0,5.08,Sedentary,10.0
1244.0,64.66,97.02,14413.0,5.08,Sedentary,9.0
1541.0,63.03,97.03,7884.0,5.42,Highly Active,3.0
3169.0,85.51,99.09,12448.0,7.46,Active,3.0
3172.0,44.56,93.51,26162.0,6.5,Sedentary,3.0
2572.0,44.56,95.44,3686.0,4.93,Active,4.0
3217.0,89.39,100.0,3049.0,6.5,Sedentary,6.0
1123.0,89.39,98.46,9805.0,5.76,Sedentary,5.0
4940.0,81.2,96.79,4244.0,6.52,Active,5.0
4106.0,77.71,99.77,628.0,4.25,Sedentary,7.0
4158.0,61.04,98.41,3063.0,7.37,Sedentary,10.0
3693.0,91.05,100.0,11575.0,8.14,Active,5.0
2731.0,57.05,96.78,8586.0,5.21,Highly Active,7.0
1785.0,50.83,96.4,13906.0,3.74,Active,8.0
3043.0,78.11,95.23,1110.0,5.93,Highly Active,3.0
3248.0,68.35,100.0,1957.0,9.34,Highly Active,5.0
3416.0,85.85,100.0,1692.0,5.54,Sedentary,7.0
1796.0,82.27,99.4,24864.0,10.3,Sedentary,9.0
1076.0,100.62,96.03,1295.0,5.66,Highly Active,3.0
1058.0,81.07,95.14,6378.0,3.76,Active,9.0
3478.0,90.9,99.8,6378.0,5.74,Active,10.0
3685.0,62.23,98.49,6753.0,3.69,Active,7.0
2523.0,85.67,96.16,8236.0,5.42,Highly Active,1.0
2936.0,70.85,99.25,4630.0,7.07,Active,1.0
3156.0,67.59,100.0,612.0,5.8,Active,6.0
4807.0,61.46,97.3,8457.0,8.15,Active,2.0
4055.0,98.14,97.83,2310.0,5.7,Active,5.0
2301.0,74.9,99.89,552.0,4.26,Sedentary,7.0
1067.0,63.17,100.0,1302.0,6.72,Active,5.0
4140.0,63.17,98.11,2370.0,6.28,Active,1.0
4236.0,68.4,98.11,3965.0,6.46,Highly Active,8.0
4560.0,68.4,100.0,13829.0,4.59,Active,3.0
3352.0,118.53,96.69,5383.0,6.9,Active,1.0
2932.0,56.87,98.84,4470.0,8.58,Sedentary,7.0
3721.0,102.98,100.0,1486.0,4.53,Active,4.0
1364.0,62.84,99.38,22404.0,3.63,Active,1.0
4925.0,84.39,98.21,16741.0,4.18,Sedentary,5.0
1820.0,73.48,97.93,11853.0,6.46,Sedentary,10.0
2402.0,86.05,96.51,2732.0,4.09,Sedentary,7.0
3390.0,54.27,98.52,5773.0,6.99,Active,4.0
1946.0,52.44,95.87,3447.0,7.03,Active,4.0
3946.0,86.5,99.69,3610.0,7.05,Highly Active,2.0
2577.0,86.5,99.86,524.0,10.38,Sedentary,7.0
2377.0,57.47,97.88,1056.0,3.7,Active,8.0
2439.0,57.47,96.6,22740.0,3.94,Active,7.0
4180.0,55.59,94.51,6593.0,8.42,Active,5.0
4634.0,57.5,96.36,44.0,7.3,Highly Active,1.0
1761.0,68.83,96.6,11595.0,8.22,Active,4.0
1340.0,53.99,96.23,8621.0,4.46,Sedentary,1.0
3989.0,95.1,99.78,6789.0,7.97,Active,2.0
1382.0,89.35,100.0,455.0,6.25,Highly Active,2.0
2003.0,264.64,98.24,5299.0,8.47,Active,1.0
2556.0,83.92,95.29,340.0,5.87,Sedentary,2.0
1299.0,94.52,93.51,466.0,6.18,Active,5.0
1138.0,68.68,98.11,368.0,9.94,Active,1.0
1358.0,72.19,97.2,2065.0,4.94,Sedentary,6.0
1835.0,81.19,95.94,11328.0,7.61,Sedentary,2.0
2522.0,46.59,97.43,3151.0,4.15,Active,9.0
4456.0,83.19,100.0,7143.0,5.2,Active,6.0
2627.0,83.19,100.0,934.0,7.61,Highly Active,1.0
2982.0,68.16,100.0,18907.0,4.38,Highly Active,3.0
2303.0,89.96,97.1,4912.0,7.81,Highly Active,2.0
4708.0,51.72,97.41,174.0,6.17,Active,7.0
3530.0,231.04,99.96,5396.0,5.04,Active,4.0
1908.0,81.72,98.11,5396.0,6.34,Active,3.0
2134.0,67.04,99.18,1525.0,6.34,Highly Active,2.0
3913.0,75.56,95.48,6421.0,5.43,Active,5.0
3186.0,76.28,98.88,1797.0,5.76,Highly Active,4.0
1995.0,88.46,95.01,1685.0,4.41,Highly Active,6.0
3482.0,72.26,93.28,5450.0,3.86,Sedentary,9.0
3556.0,56.22,97.23,1879.0,3.31,Sedentary,9.0
3320.0,66.33,99.9,820.0,7.26,Highly Active,9.0
4170.0,69.77,98.75,3673.0,7.15,Sedentary,6.0
4835.0,69.77,97.64,374.0,5.31,Active,3.0
4921.0,77.84,93.78,16501.0,6.31,Sedentary,1.0
3151.0,77.12,94.76,4204.0,8.58,Highly Active,8.0
2237.0,76.35,97.43,92.0,5.56,Sedentary,10.0
2784.0,61.54,97.31,1781.0,6.1,Highly Active,7.0
4735.0,76.95,97.89,22160.0,9.41,Sedentary,5.0
3809.0,94.32,100.0,4802.0,7.08,Active,7.0
3834.0,79.42,98.28,3112.0,7.86,Sedentary,6.0
1164.0,91.08,100.0,2649.0,7.57,Sedentary,8.0
1998.0,76.63,96.56,3777.0,7.26,Highly Active,9.0
4924.0,76.63,96.56,1666.0,5.41,Active,7.0
3567.0,87.91,100.0,9680.0,5.04,Active,2.0
2307.0,53.89,100.0,4969.0,7.51,Highly Active,7.0
3564.0,66.63,100.0,9744.0,7.29,Highly Active,10.0
1656.0,72.88,96.11,2055.0,6.85,Active,5.0
3660.0,84.79,96.83,10.0,6.94,Active,2.0
3211.0,94.12,96.89,23717.0,5.34,Sedentary,6.0
2909.0,87.7,99.02,5023.0,6.5,Active,2.0
4730.0,86.19,96.11,582.0,5.4,Active,7.0
3046.0,87.97,98.66,767.0,6.12,Sedentary,7.0
3111.0,90.06,99.83,3993.0,5.61,Active,1.0
4162.0,57.94,99.42,8318.0,8.85,Active,7.0
2140.0,108.07,96.0,3537.0,8.71,Highly Active,2.0
2889.0,91.65,99.93,12010.0,7.78,Highly Active,6.0
1266.0,72.29,98.14,2794.0,8.33,Highly Active,8.0
2845.0,80.57,96.85,327.0,4.56,Active,6.0
3069.0,55.3,100.0,58.0,7.58,Sedentary,8.0
4630.0,71.1,98.13,13735.0,6.45,Highly Active,9.0
4211.0,69.87,100.0,29151.0,5.81,Sedentary,2.0
3293.0,68.63,100.0,997.0,6.08,Highly Active,1.0
4732.0,87.22,99.38,448.0,6.09,Sedentary,2.0
4829.0,234.84,97.92,17207.0,5.93,Highly Active,3.0
3442.0,57.08,95.15,743.0,5.58,Highly Active,9.0
2510.0,57.37,95.04,1815.0,4.49,Sedentary,3.0
1475.0,45.53,100.0,11324.0,4.14,Sedentary,9.0
4588.0,88.2,99.07,43448.0,7.1,Sedentary,3.0
1976.0,71.63,100.0,4659.0,2.29,Highly Active,7.0
2207.0,86.32,98.31,1657.0,9.42,Highly Active,5.0
2043.0,122.1,97.79,13174.0,5.57,Active,5.0
2960.0,61.52,98.19,3510.0,3.8,Highly Active,8.0
1557.0,79.9,98.45,2228.0,7.28,Highly Active,4.0
2017.0,96.65,98.09,4719.0,6.3,Sedentary,4.0
1855.0,67.67,100.0,13556.0,5.08,Sedentary,7.0
2605.0,69.91,99.73,1857.0,5.64,Highly Active,5.0
4600.0,82.95,98.79,3860.0,6.37,Sedentary,1.0
1882.0,113.14,99.72,4112.0,8.13,Highly Active,3.0
3194.0,84.55,99.94,12518.0,2.53,Highly Active,7.0
4375.0,64.17,99.22,10614.0,8.97,Sedentary,7.0
3667.0,67.67,99.49,8275.0,5.28,Sedentary,4.0
2771.0,47.71,99.4,6287.0,7.62,Highly Active,7.0
3867.0,72.61,97.97,994.0,7.51,Sedentary,4.0
1863.0,75.11,99.63,12526.0,9.32,Highly Active,1.0
1581.0,75.69,95.88,6543.0,6.85,Highly Active,3.0
4070.0,75.69,98.32,8455.0,7.56,Highly Active,10.0
1694.0,80.18,98.32,10559.0,8.1,Active,6.0
4833.0,60.24,99.51,2615.0,7.43,Active,7.0
2251.0,71.42,96.62,2615.0,5.16,Active,9.0
4173.0,63.86,96.93,5455.0,5.41,Sedentary,10.0
2610.0,92.32,96.34,2939.0,6.9,Sedentary,6.0
4488.0,64.72,99.29,2094.0,7.8,Sedentary,5.0
2239.0,95.18,94.6,10499.0,7.01,Highly Active,7.0
3454.0,77.04,96.18,9809.0,4.95,Sedentary,3.0
1398.0,77.04,93.98,12478.0,6.13,Highly Active,5.0
2946.0,76.25,93.98,8351.0,4.42,Sedentary,3.0
1714.0,62.22,98.07,2615.0,7.38,Active,3.0
1703.0,81.09,100.0,2772.0,7.38,Sedentary,2.0
3808.0,68.55,100.0,5252.0,7.29,Highly Active,3.0
4536.0,103.61,98.84,10165.0,6.48,Active,10.0
2714.0,82.06,97.35,2554.0,5.7,Sedentary,3.0
2972.0,89.35,96.34,2893.0,3.43,Highly Active,9.0
1992.0,84.91,94.49,9771.0,7.22,Active,4.0
4802.0,71.63,95.78,7945.0,7.92,Highly Active,8.0
1081.0,85.19,100.0,1634.0,5.17,Highly Active,9.0
1603.0,73.14,100.0,12282.0,5.16,Active,4.0
2970.0,68.81,100.0,10747.0,6.02,Highly Active,2.0
2710.0,58.65,100.0,11176.0,9.11,Sedentary,4.0
3046.0,84.79,96.04,4449.0,6.07,Sedentary,2.0
4822.0,66.48,98.94,2789.0,5.35,Active,7.0
3819.0,84.43,99.11,13270.0,5.9,Active,7.0
1902.0,75.07,99.32,6211.0,7.37,Active,3.0
1364.0,70.74,97.68,18713.0,3.47,Sedentary,4.0
1162.0,62.05,97.43,2050.0,6.15,Active,7.0
4119.0,94.51,98.97,26000.0,5.98,Sedentary,7.0
3558.0,69.11,96.31,3337.0,6.34,Highly Active,10.0
4400.0,98.8,100.0,3397.0,5.46,Active,7.0
2863.0,62.73,95.85,1910.0,4.5,Sedentary,3.0
1115.0,97.62,95.64,23472.0,7.9,Highly Active,3.0
3988.0,76.26,97.2,284.0,3.74,Sedentary,5.0
4920.0,87.91,99.11,4489.0,8.85,Highly Active,10.0
3384.0,55.49,100.0,3184.0,7.02,Highly Active,1.0
1880.0,55.42,98.92,1214.0,7.52,Active,3.0
3784.0,78.87,96.78,8744.0,6.59,Highly Active,9.0
4935.0,59.79,97.69,16002.0,8.27,Active,8.0
1839.0,94.93,97.11,1954.0,7.3,Sedentary,4.0
3194.0,80.46,100.0,4819.0,8.46,Active,4.0
4646.0,65.34,98.42,6043.0,7.77,Active,3.0
4877.0,61.2,100.0,3466.0,8.18,Sedentary,7.0
2346.0,70.67,99.54,3466.0,5.43,Active,10.0
3490.0,66.48,97.46,4333.0,5.93,Highly Active,8.0
3884.0,82.43,97.74,28432.0,6.52,Highly Active,8.0
2036.0,73.85,98.16,2449.0,6.51,Sedentary,5.0
1942.0,92.53,97.88,532.0,7.36,Active,1.0
4565.0,84.48,99.53,5989.0,5.38,Sedentary,9.0
2724.0,62.0,98.85,12135.0,6.49,Highly Active,6.0
3334.0,68.62,96.9,3442.0,7.44,Sedentary,9.0
3767.0,62.03,96.9,1433.0,3.63,Highly Active,3.0
2137.0,62.05,98.42,9382.0,8.09,Highly Active,10.0
3527.0,48.07,96.07,2211.0,9.57,Sedentary,5.0
1021.0,89.12,99.24,10280.0,5.13,Active,10.0
4420.0,94.38,95.89,2130.0,8.72,Sedentary,9.0
2749.0,60.19,95.89,5704.0,6.84,Highly Active,7.0
1682.0,58.68,97.89,15305.0,5.17,Sedentary,3.0
4906.0,83.41,98.13,1603.0,7.74,Sedentary,8.0
4637.0,62.71,96.32,12031.0,9.41,Sedentary,7.0
3953.0,94.11,97.76,2159.0,5.9,Sedentary,5.0
2833.0,64.25,97.79,7565.0,4.9,Highly Active,5.0
3367.0,42.92,97.98,1955.0,3.15,Active,9.0
1404.0,73.05,100.0,852.0,6.28,Sedentary,7.0
1276.0,66.12,96.89,7635.0,6.74,Highly Active,9.0
2999.0,77.21,98.44,6325.0,9.22,Sedentary,7.0
2227.0,69.77,95.38,3593.0,9.29,Highly Active,5.0
3241.0,83.65,95.38,262.0,5.51,Highly Active,8.0
4752.0,81.35,97.36,4514.0,7.71,Highly Active,6.0
4735.0,81.35,100.0,1127.0,4.77,Active,3.0
4618.0,77.86,95.48,3118.0,6.61,Highly Active,5.0
1695.0,74.99,99.44,6177.0,6.31,Sedentary,2.0
2309.0,54.04,100.0,19619.0,5.19,Active,10.0
1056.0,80.84,100.0,5012.0,6.32,Sedentary,9.0
4805.0,85.98,99.34,1516.0,7.76,Sedentary,2.0
4374.0,80.23,96.4,20461.0,8.14,Active,6.0
4234.0,71.98,95.56,184.0,6.28,Highly Active,5.0
1018.0,83.86,94.23,7207.0,6.37,Sedentary,5.0
4441.0,78.55,100.0,2130.0,3.74,Highly Active,2.0
3311.0,85.65,99.74,9918.0,6.91,Active,2.0
3841.0,73.69,99.28,2816.0,6.1,Active,5.0
1112.0,53.59,93.24,3919.0,6.36,Highly Active,1.0
4559.0,72.32,99.26,10300.0,5.78,Active,3.0
4398.0,60.77,98.4,15967.0,5.08,Highly Active,3.0
1541.0,68.05,98.66,1411.0,5.19,Highly Active,2.0
3694.0,76.3,97.16,2460.0,5.48,Sedentary,8.0
1578.0,89.85,98.33,30.0,4.51,Sedentary,7.0
2088.0,84.99,95.91,13593.0,6.94,Active,4.0
4363.0,78.13,98.15,20579.0,7.34,Active,6.0
1024.0,93.72,95.45,2294.0,6.29,Sedentary,4.0
2572.0,75.71,95.45,3398.0,6.77,Highly Active,4.0
3048.0,78.04,99.69,3922.0,6.16,Highly Active,6.0
3958.0,69.31,99.45,3690.0,8.21,Active,7.0
2572.0,58.96,94.98,3493.0,6.58,Highly Active,9.0
1140.0,83.35,98.18,4522.0,6.92,Sedentary,10.0
2767.0,51.48,99.45,1169.0,7.71,Sedentary,1.0
1647.0,61.03,99.53,416.0,6.46,Sedentary,8.0
4972.0,77.66,100.0,8999.0,8.59,Sedentary,9.0
3235.0,62.27,96.07,13121.0,5.5,Sedentary,5.0
4199.0,75.27,97.39,11632.0,9.09,Highly Active,6.0
1200.0,77.21,98.87,6896.0,6.2,Sedentary,3.0
2455.0,66.6,98.34,24274.0,5.52,Highly Active,3.0
1256.0,75.83,99.71,11.0,4.15,Highly Active,8.0
4747.0,75.63,94.3,2695.0,7.81,Highly Active,4.0
3241.0,83.2,97.36,3012.0,6.72,Active,8.0
3750.0,44.54,99.57,11266.0,6.89,Highly Active,2.0
4175.0,103.18,100.0,3032.0,5.77,Sedentary,3.0
4606.0,83.01,98.65,5242.0,8.11,Active,8.0
4336.0,90.32,100.0,6662.0,7.18,Highly Active,10.0
1801.0,84.93,97.87,13068.0,5.22,Highly Active,10.0
1941.0,74.36,96.77,6697.0,4.48,Sedentary,4.0
4455.0,74.36,100.0,3361.0,7.67,Active,8.0
4331.0,74.63,97.66,8306.0,6.14,Sedentary,7.0
1413.0,87.54,96.51,5073.0,7.55,Highly Active,2.0
3014.0,62.66,100.0,5261.0,6.13,Active,10.0
2381.0,62.66,96.56,2857.0,6.82,Sedentary,9.0
2098.0,47.85,99.11,11.0,7.71,Active,7.0
4426.0,47.85,100.0,3079.0,4.25,Highly Active,5.0
4842.0,100.21,100.0,740.0,7.06,Active,7.0
1909.0,54.94,98.84,1550.0,3.43,Highly Active,2.0
1187.0,80.98,94.93,27703.0,6.5,Sedentary,3.0
4756.0,98.92,99.9,2298.0,7.98,Sedentary,6.0
3015.0,98.92,100.0,5111.0,6.5,Highly Active,2.0
2313.0,97.82,99.03,5579.0,8.59,Highly Active,9.0
3092.0,100.05,97.35,5747.0,5.54,Highly Active,4.0
4644.0,75.84,98.62,339.0,6.3,Highly Active,8.0
3130.0,82.13,96.98,10332.0,10.02,Active,9.0
2146.0,77.92,100.0,9174.0,7.28,Highly Active,3.0
1357.0,82.21,98.56,26465.0,8.13,Sedentary,3.0
2551.0,81.33,98.76,1429.0,7.73,Highly Active,1.0
2089.0,100.76,97.75,5649.0,4.42,Sedentary,8.0
3983.0,79.38,100.0,11401.0,6.95,Sedentary,10.0
2680.0,60.69,96.25,929.0,6.81,Sedentary,9.0
3422.0,83.94,100.0,10910.0,8.28,Highly Active,5.0
1161.0,83.94,98.16,2203.0,8.75,Sedentary,8.0
4817.0,62.67,98.52,2308.0,8.43,Highly Active,10.0
4451.0,62.06,96.18,20379.0,5.79,Active,1.0
4727.0,62.06,100.0,2637.0,4.34,Sedentary,7.0
4429.0,67.0,98.99,6143.0,7.25,Highly Active,4.0
4259.0,68.8,99.64,4060.0,6.37,Active,4.0
3369.0,68.08,96.95,570.0,4.92,Active,7.0
2903.0,78.68,100.0,21038.0,5.46,Highly Active,1.0
2497.0,91.55,96.85,1683.0,6.41,Active,2.0
2036.0,85.03,99.89,2181.0,6.89,Sedentary,4.0
3231.0,68.07,97.3,3315.0,5.67,Sedentary,2.0
3158.0,95.07,95.67,4832.0,6.48,Active,8.0
2950.0,88.04,95.67,1091.0,6.39,Highly Active,8.0
3555.0,89.89,95.76,6959.0,6.91,Highly Active,10.0
2313.0,89.4,97.93,5061.0,5.04,Sedentary,10.0
3342.0,67.28,100.0,2527.0,5.45,Sedentary,1.0
4522.0,61.2,100.0,8258.0,8.52,Highly Active,7.0
2238.0,89.86,97.56,12858.0,7.21,Highly Active,9.0
1631.0,55.27,98.57,27422.0,8.28,Highly Active,3.0
4965.0,55.27,94.75,488.0,8.23,Highly Active,1.0
2590.0,56.16,96.89,3636.0,6.95,Sedentary,9.0
4701.0,76.87,96.25,1864.0,4.35,Highly Active,7.0
3780.0,57.73,97.34,17860.0,9.91,Sedentary,4.0
4302.0,84.93,95.17,646.0,5.89,Sedentary,10.0
2588.0,75.68,98.21,3917.0,4.35,Sedentary,3.0
4878.0,44.36,94.84,1434.0,5.6,Sedentary,8.0
3368.0,74.72,96.82,8023.0,7.1,Active,4.0
3960.0,77.12,94.64,8545.0,4.63,Highly Active,6.0
4304.0,103.75,100.0,14418.0,5.61,Highly Active,10.0
2693.0,78.63,100.0,3681.0,4.34,Sedentary,5.0
1436.0,48.46,96.93,10445.0,8.66,Sedentary,1.0
3828.0,78.44,96.29,5583.0,8.66,Sedentary,4.0
2556.0,77.62,99.32,11709.0,4.32,Highly Active,7.0
4474.0,77.62,96.76,625.0,5.15,Active,2.0
2076.0,114.55,95.59,4358.0,5.53,Sedentary,4.0
4858.0,66.95,94.54,1142.0,6.53,Sedentary,1.0
4384.0,65.21,95.51,10936.0,5.13,Sedentary,1.0
2304.0,65.21,100.0,1160.0,5.95,Highly Active,1.0
3773.0,102.38,100.0,57.0,5.54,Highly Active,2.0
3078.0,85.07,96.99,18567.0,4.35,Active,4.0
3384.0,69.86,98.92,4640.0,5.13,Highly Active,5.0
1182.0,89.77,100.0,29488.0,5.34,Active,8.0
4094.0,101.91,95.41,4223.0,4.67,Sedentary,6.0
3591.0,63.47,98.48,6255.0,4.33,Sedentary,6.0
2469.0,59.99,94.47,9543.0,5.61,Active,2.0
4145.0,75.84,97.58,2307.0,7.8,Active,5.0
4081.0,79.52,99.56,998.0,6.28,Highly Active,7.0
4555.0,95.76,100.0,7575.0,1.73,Active,8.0
2479.0,67.97,99.29,5003.0,8.02,Sedentary,1.0
2589.0,81.03,93.5,12273.0,5.46,Highly Active,2.0
2587.0,98.35,95.78,323.0,8.66,Highly Active,7.0
1659.0,78.36,97.51,5509.0,7.71,Active,4.0
1159.0,69.07,98.52,1438.0,6.04,Highly Active,3.0
4953.0,83.55,98.37,6724.0,6.21,Highly Active,3.0
4085.0,70.04,96.6,10003.0,4.79,Active,9.0
4249.0,80.06,100.0,2136.0,7.48,Sedentary,3.0
3459.0,72.2,98.14,4602.0,7.48,Active,7.0
4949.0,72.83,95.74,3816.0,5.41,Active,6.0
2011.0,68.96,96.83,9842.0,5.6,Sedentary,10.0
1052.0,66.39,100.0,6412.0,9.46,Active,5.0
3455.0,89.91,100.0,900.0,6.63,Active,8.0
3894.0,77.85,99.86,26330.0,4.21,Sedentary,3.0
2045.0,94.11,98.64,17040.0,4.45,Highly Active,4.0
2053.0,41.24,96.02,6051.0,9.06,Highly Active,6.0
3750.0,67.2,97.85,10519.0,9.06,Highly Active,7.0
3307.0,63.89,96.69,141.0,4.92,Sedentary,6.0
2228.0,71.19,97.77,1575.0,7.01,Highly Active,9.0
4130.0,59.52,96.16,10223.0,5.25,Active,3.0
2494.0,50.89,99.1,786.0,3.62,Highly Active,2.0
3823.0,85.08,96.47,306.0,5.98,Sedentary,8.0
2489.0,66.1,96.67,6695.0,6.49,Highly Active,6.0
2035.0,83.33,98.89,244.0,4.15,Sedentary,4.0
4702.0,57.33,100.0,1416.0,4.61,Sedentary,3.0
2950.0,50.46,95.9,584.0,5.0,Sedentary,2.0
4361.0,78.62,96.63,5349.0,6.19,Sedentary,6.0
1849.0,84.49,98.12,7909.0,6.69,Highly Active,2.0
4831.0,65.77,97.04,1417.0,4.34,Highly Active,5.0
1353.0,65.77,93.6,4428.0,5.63,Highly Active,8.0
4710.0,93.74,100.0,143.0,5.79,Active,5.0
2098.0,74.14,95.89,2152.0,3.89,Highly Active,1.0
3920.0,60.03,98.65,1386.0,6.84,Sedentary,3.0
2739.0,52.54,99.5,1270.0,7.4,Sedentary,2.0
4632.0,64.67,95.8,1784.0,6.97,Highly Active,3.0
4662.0,69.09,98.56,11456.0,4.52,Sedentary,5.0
2464.0,86.44,99.3,20935.0,7.4,Highly Active,3.0
1990.0,74.75,93.92,8570.0,6.35,Sedentary,6.0
2264.0,72.97,97.64,525.0,7.97,Sedentary,8.0
4065.0,61.27,98.81,6925.0,7.22,Sedentary,3.0
2884.0,61.27,99.93,9273.0,6.97,Sedentary,2.0
4225.0,89.65,94.51,825.0,6.08,Sedentary,4.0
2809.0,88.45,98.2,2440.0,7.93,Sedentary,9.0
4797.0,274.3,98.65,2605.0,4.6,Highly Active,1.0
3341.0,40.0,99.48,5113.0,10.61,Sedentary,4.0
3256.0,78.04,99.44,982.0,3.59,Sedentary,4.0
4414.0,103.84,96.2,4118.0,4.71,Active,2.0
2111.0,66.29,99.86,9251.0,4.71,Active,5.0
1817.0,60.22,99.5,4325.0,4.06,Highly Active,5.0
2799.0,72.86,97.02,4325.0,7.6,Active,3.0
2960.0,62.08,97.86,11340.0,8.34,Sedentary,3.0
3437.0,61.14,99.65,3511.0,8.52,Highly Active,6.0
3372.0,78.98,100.0,3875.0,6.5,Sedentary,10.0
3987.0,87.37,97.64,3098.0,4.74,Highly Active,10.0
1888.0,79.11,98.78,2395.0,5.13,Highly Active,2.0
2855.0,57.81,100.0,6448.0,8.4,Sedentary,6.0
2180.0,64.96,96.98,1456.0,3.7,Active,3.0
1667.0,79.82,100.0,10264.0,6.5,Active,4.0
4722.0,84.86,96.26,4600.0,4.09,Sedentary,4.0
1632.0,71.88,97.66,15054.0,6.36,Active,8.0
3624.0,61.6,99.53,19566.0,5.57,Active,7.0
2642.0,86.62,100.0,3380.0,5.84,Highly Active,10.0
4730.0,102.19,98.42,1211.0,8.51,Active,6.0
1136.0,91.86,94.32,4926.0,5.69,Active,1.0
2946.0,91.86,97.61,2207.0,8.06,Active,6.0
2697.0,65.68,97.55,3892.0,5.42,Active,5.0
1427.0,90.47,97.75,3317.0,6.89,Active,9.0
2475.0,94.33,100.0,4191.0,6.31,Active,9.0
3659.0,67.69,95.77,4832.0,4.44,Sedentary,10.0
3958.0,60.58,97.66,27.0,6.11,Sedentary,9.0
1818.0,73.63,97.55,2074.0,5.91,Highly Active,2.0
3188.0,52.41,96.16,1306.0,7.51,Highly Active,8.0
2106.0,100.34,96.16,8676.0,3.72,Sedentary,6.0
3224.0,55.74,97.23,12500.0,5.26,Sedentary,7.0
1197.0,81.33,96.67,9056.0,7.15,Active,6.0
3671.0,41.05,97.02,25729.0,6.13,Sedentary,6.0
4639.0,105.68,96.84,563.0,4.32,Active,9.0
2995.0,93.74,96.08,4375.0,7.04,Highly Active,9.0
3738.0,51.09,96.44,16074.0,7.77,Sedentary,2.0
4492.0,79.58,96.44,2690.0,5.0,Highly Active,6.0
3448.0,71.38,100.0,11348.0,7.95,Active,2.0
4769.0,77.33,98.39,5775.0,5.61,Sedentary,1.0
1470.0,84.53,97.79,26896.0,5.97,Highly Active,1.0
3265.0,62.99,100.0,3246.0,5.7,Highly Active,7.0
2948.0,74.2,98.54,3779.0,8.02,Active,2.0
1928.0,47.86,99.23,1252.0,6.26,Active,8.0
4899.0,76.25,98.34,1217.0,7.66,Sedentary,6.0
3010.0,44.11,100.0,13813.0,5.77,Highly Active,4.0
4800.0,94.59,100.0,3661.0,7.04,Sedentary,7.0
3679.0,53.03,100.0,6782.0,4.87,Sedentary,8.0
3998.0,79.41,91.82,9767.0,8.0,Active,5.0
3222.0,102.96,96.91,21521.0,8.37,Highly Active,6.0
1022.0,101.6,100.0,19484.0,6.42,Active,9.0
4796.0,95.91,97.2,7979.0,6.64,Highly Active,7.0
4988.0,74.76,97.35,37385.0,9.93,Active,1.0
1234.0,91.73,97.04,19.0,9.93,Active,6.0
4084.0,79.14,97.36,65.0,6.79,Active,8.0
2124.0,80.42,97.96,489.0,4.67,Highly Active,6.0
1928.0,65.7,99.14,20117.0,5.37,Highly Active,9.0
4607.0,101.12,97.8,6499.0,7.68,Highly Active,6.0
4947.0,62.96,97.72,18391.0,6.0,Sedentary,3.0
1522.0,58.94,97.04,952.0,6.19,Sedentary,8.0
2808.0,81.11,98.47,228.0,4.88,Active,3.0
4523.0,48.12,94.26,5486.0,7.11,Highly Active,4.0
1430.0,76.76,94.54,1348.0,6.66,Active,5.0
1792.0,99.52,94.54,13754.0,7.57,Active,9.0
2629.0,81.23,99.24,3818.0,8.36,Highly Active,4.0
2736.0,75.47,94.66,10302.0,7.17,Highly Active,8.0
1532.0,62.4,99.91,5086.0,4.74,Highly Active,6.0
4923.0,52.47,98.23,5265.0,4.23,Sedentary,6.0
4026.0,87.95,95.81,8017.0,7.6,Highly Active,7.0
2746.0,75.42,99.02,2861.0,6.68,Active,5.0
2675.0,84.37,96.13,20811.0,9.13,Highly Active,10.0
2316.0,42.12,98.02,3581.0,6.54,Active,4.0
3857.0,85.98,96.97,3553.0,3.91,Active,8.0
1912.0,104.79,99.98,8603.0,3.91,Sedentary,10.0
2124.0,95.12,99.64,7079.0,5.37,Highly Active,2.0
2525.0,79.45,100.0,38278.0,9.11,Active,10.0
2327.0,59.33,100.0,13291.0,8.25,Highly Active,4.0
3918.0,76.83,99.47,2344.0,5.7,Highly Active,1.0
3587.0,77.31,98.58,750.0,6.21,Sedentary,9.0
2023.0,257.83,94.32,789.0,4.46,Sedentary,6.0
2576.0,68.71,98.07,3142.0,4.4,Sedentary,6.0
2378.0,106.48,98.07,4540.0,8.18,Sedentary,1.0
4374.0,60.51,95.47,4540.0,7.91,Highly Active,1.0
2519.0,60.51,99.54,13650.0,6.09,Active,10.0
2681.0,83.42,95.62,31922.0,9.26,Active,9.0
4839.0,107.71,98.94,3678.0,7.15,Sedentary,2.0
2997.0,70.48,97.62,3678.0,7.15,Active,1.0
1226.0,48.02,97.62,6427.0,6.83,Active,6.0
2259.0,42.95,97.29,5724.0,4.91,Active,1.0
1872.0,112.8,98.99,663.0,7.92,Sedentary,5.0
1891.0,46.36,97.36,856.0,7.93,Sedentary,6.0
2478.0,76.14,97.13,15372.0,6.86,Active,5.0
2036.0,52.31,98.78,7880.0,4.82,Active,4.0
3257.0,63.17,97.83,7949.0,8.13,Sedentary,9.0
3788.0,65.28,95.71,11804.0,6.5,Highly Active,1.0
1396.0,45.67,97.81,615.0,5.34,Active,2.0
2123.0,93.29,95.41,3759.0,7.37,Highly Active,5.0
3078.0,81.46,98.0,1983.0,5.89,Highly Active,2.0
3945.0,68.59,100.0,7568.0,5.02,Sedentary,2.0
4599.0,66.38,96.12,1694.0,8.58,Active,8.0
1648.0,91.33,99.69,8246.0,8.2,Highly Active,7.0
1328.0,76.35,99.23,3436.0,8.1,Sedentary,8.0
4237.0,106.29,94.93,4051.0,7.0,Sedentary,1.0
2482.0,68.29,98.21,11927.0,6.55,Active,1.0
4893.0,81.38,100.0,2996.0,9.11,Highly Active,6.0
1951.0,56.53,96.81,2076.0,8.65,Active,1.0
3005.0,68.5,96.72,13292.0,6.37,Active,5.0
3016.0,90.56,96.33,8095.0,10.57,Sedentary,6.0
4171.0,92.68,98.49,3621.0,6.31,Sedentary,5.0
3668.0,92.68,94.76,4832.0,7.08,Highly Active,10.0
2878.0,81.68,95.6,2992.0,8.59,Sedentary,2.0
2196.0,93.54,96.26,5608.0,7.06,Active,4.0
2772.0,84.36,94.2,1045.0,6.1,Sedentary,4.0
4976.0,52.29,96.2,5653.0,6.49,Sedentary,10.0
2751.0,71.53,97.31,3406.0,3.3,Sedentary,9.0
1775.0,57.82,100.0,5934.0,8.01,Sedentary,2.0
4334.0,90.82,100.0,1230.0,5.57,Sedentary,4.0
2827.0,91.67,98.9,572.0,4.77,Active,1.0
3321.0,59.77,100.0,5560.0,8.31,Highly Active,1.0
4074.0,91.68,97.86,512.0,7.07,Highly Active,7.0
2051.0,57.3,99.62,7570.0,6.5,Highly Active,3.0
3373.0,96.67,97.17,11275.0,6.31,Active,3.0
1939.0,72.58,99.29,31178.0,6.84,Active,10.0
4220.0,81.88,96.71,10265.0,6.05,Active,6.0
1539.0,96.74,94.25,25581.0,5.21,Active,10.0
3535.0,83.95,97.44,157.0,7.53,Active,3.0
1821.0,73.0,100.0,5729.0,6.86,Sedentary,6.0
2461.0,88.12,94.45,1260.0,9.08,Highly Active,8.0
2088.0,60.49,95.96,1969.0,3.15,Sedentary,7.0
1355.0,46.07,98.48,9284.0,8.27,Highly Active,1.0
4604.0,92.19,99.16,2040.0,5.92,Highly Active,2.0
4323.0,55.31,99.91,2040.0,5.78,Active,3.0
1234.0,88.83,100.0,3255.0,7.38,Sedentary,8.0
3274.0,77.12,97.99,608.0,5.17,Highly Active,7.0
2548.0,74.78,95.51,1109.0,5.83,Active,4.0
4384.0,60.82,99.94,1108.0,7.39,Sedentary,2.0
3096.0,68.25,96.27,1794.0,5.7,Highly Active,9.0
1117.0,75.2,96.07,14319.0,5.44,Highly Active,3.0
3101.0,77.98,100.0,2449.0,5.44,Sedentary,8.0
2673.0,61.45,97.35,2240.0,7.03,Sedentary,3.0
3612.0,86.15,98.51,943.0,4.69,Sedentary,1.0
2067.0,87.11,99.86,114.0,7.63,Sedentary,3.0
4886.0,82.26,98.19,1224.0,9.67,Sedentary,9.0
3100.0,68.42,98.19,8985.0,6.51,Highly Active,6.0
4657.0,87.89,100.0,24510.0,7.15,Highly Active,4.0
1557.0,84.32,96.06,9533.0,6.9,Sedentary,8.0
4596.0,45.69,98.3,13432.0,5.1,Sedentary,6.0
4748.0,78.17,98.78,10817.0,6.97,Highly Active,9.0
4173.0,104.0,93.65,2457.0,6.83,Sedentary,2.0
2815.0,89.58,96.58,9197.0,9.16,Highly Active,6.0
4841.0,92.3,95.46,9721.0,6.87,Highly Active,7.0
3005.0,64.48,99.79,2094.0,8.36,Highly Active,1.0
4920.0,76.88,98.19,17738.0,7.14,Sedentary,4.0
3915.0,72.25,97.68,43320.0,7.14,Sedentary,9.0
1397.0,74.97,97.68,5768.0,4.72,Sedentary,9.0
4209.0,67.29,100.0,2665.0,6.96,Highly Active,5.0
1674.0,56.47,97.77,3098.0,7.64,Sedentary,8.0
4992.0,75.97,98.6,6113.0,6.37,Sedentary,10.0
1386.0,63.29,96.37,55.0,5.55,Active,10.0
3158.0,83.79,99.76,2581.0,8.61,Active,5.0
3661.0,74.54,100.0,352.0,5.84,Sedentary,3.0
3064.0,46.09,94.73,6851.0,4.77,Highly Active,3.0
4851.0,95.73,96.95,6851.0,6.4,Active,1.0
4253.0,81.53,96.03,6259.0,6.62,Active,10.0
4607.0,69.95,98.27,20247.0,6.36,Active,10.0
1540.0,56.58,99.23,5348.0,3.96,Sedentary,3.0
1170.0,74.06,96.63,5681.0,7.14,Active,1.0
3456.0,85.22,97.82,5501.0,4.93,Active,4.0
1739.0,101.17,97.16,5202.0,5.93,Sedentary,8.0
2401.0,73.67,95.22,19513.0,5.48,Active,7.0
4259.0,75.73,95.7,6450.0,8.6,Highly Active,6.0
3905.0,92.89,94.09,4647.0,6.04,Active,1.0
3277.0,263.38,100.0,10180.0,5.23,Sedentary,1.0
4904.0,77.18,95.5,2027.0,9.64,Highly Active,2.0
4923.0,77.18,97.22,1492.0,9.19,Sedentary,9.0
1118.0,76.97,100.0,4049.0,9.19,Highly Active,9.0
4227.0,89.05,96.91,111.0,7.34,Active,9.0
3831.0,50.22,99.71,2432.0,5.2,Active,3.0
4758.0,91.67,97.15,3814.0,8.13,Highly Active,8.0
3512.0,80.4,98.56,6051.0,7.05,Active,9.0
3151.0,77.1,97.46,5485.0,5.54,Sedentary,10.0
3745.0,63.14,100.0,2943.0,5.8,Sedentary,4.0
2995.0,54.9,99.97,9.0,4.22,Highly Active,10.0
4866.0,59.63,97.55,14907.0,8.55,Active,1.0
4573.0,82.99,96.12,1841.0,3.78,Active,8.0
4764.0,67.58,96.26,3102.0,9.73,Sedentary,6.0
2705.0,61.9,97.36,143.0,6.18,Active,4.0
2722.0,60.34,96.08,22000.0,7.18,Sedentary,1.0
3222.0,77.62,97.94,4776.0,7.3,Highly Active,1.0
4805.0,74.59,100.0,165.0,5.02,Active,7.0
3792.0,53.72,96.94,2025.0,6.18,Active,2.0
2697.0,54.22,100.0,14799.0,6.35,Sedentary,9.0
2444.0,67.1,95.79,3298.0,5.59,Sedentary,3.0
4205.0,88.77,100.0,8185.0,8.06,Highly Active,6.0
4462.0,68.61,100.0,6661.0,4.69,Active,5.0
2759.0,52.85,100.0,4470.0,6.8,Highly Active,3.0
2524.0,73.7,98.87,12538.0,3.93,Active,4.0
1664.0,75.57,97.85,288.0,6.86,Highly Active,8.0
1032.0,52.72,99.85,17047.0,6.75,Active,1.0
3102.0,52.72,98.3,8862.0,9.36,Sedentary,9.0
3566.0,86.16,98.21,13951.0,5.58,Sedentary,4.0
3803.0,56.54,96.06,120.0,6.25,Sedentary,4.0
4896.0,86.79,96.13,620.0,6.14,Sedentary,2.0
4709.0,51.8,99.01,1614.0,9.02,Highly Active,5.0
3059.0,52.36,97.29,6302.0,5.64,Active,8.0
2551.0,75.35,99.47,679.0,6.84,Sedentary,1.0
1719.0,63.68,99.91,18771.0,6.06,Active,3.0
3602.0,66.98,95.28,9665.0,6.27,Active,7.0
3420.0,77.27,96.56,11537.0,6.52,Highly Active,6.0
1483.0,66.54,96.43,6137.0,8.15,Highly Active,9.0
1972.0,60.78,100.0,6978.0,8.68,Active,10.0
4718.0,82.36,97.72,1749.0,4.42,Active,9.0
4299.0,77.71,98.7,16859.0,7.67,Sedentary,5.0
3670.0,75.65,96.42,7327.0,8.38,Active,7.0
1306.0,74.73,98.11,3786.0,7.01,Highly Active,3.0
1456.0,62.97,96.86,14940.0,8.28,Active,4.0
3207.0,59.84,94.4,13957.0,4.63,Sedentary,10.0
1330.0,69.83,96.8,13957.0,7.26,Active,2.0
3823.0,63.22,98.46,18117.0,8.37,Sedentary,9.0
1224.0,74.81,100.0,3162.0,5.55,Highly Active,6.0
4030.0,69.13,95.42,3839.0,4.57,Sedentary,9.0
3776.0,75.27,97.79,624.0,8.21,Active,3.0
4575.0,73.61,98.5,14702.0,5.87,Active,9.0
2479.0,101.48,99.66,5424.0,5.63,Active,3.0
4116.0,54.21,97.26,16529.0,3.68,Active,9.0
4285.0,72.19,96.87,10625.0,5.73,Highly Active,8.0
2082.0,58.38,99.49,15978.0,5.45,Active,6.0
1643.0,67.75,99.43,20730.0,3.8,Sedentary,7.0
1615.0,62.74,99.75,15195.0,5.62,Sedentary,7.0
1194.0,84.58,99.36,1649.0,8.28,Highly Active,6.0
4996.0,52.89,94.83,509.0,7.01,Active,10.0
1488.0,86.71,99.47,6778.0,4.04,Sedentary,9.0
3204.0,82.95,98.3,1179.0,7.08,Active,9.0
3657.0,105.83,93.53,13920.0,7.59,Sedentary,1.0
2249.0,102.05,99.21,20623.0,6.66,Highly Active,4.0
3459.0,63.03,97.13,905.0,6.45,Active,2.0
4276.0,93.55,100.0,1883.0,5.31,Sedentary,10.0
2102.0,70.13,97.53,6870.0,7.13,Active,10.0
2147.0,79.57,99.15,6870.0,7.38,Sedentary,6.0
3518.0,100.8,98.97,5027.0,6.92,Sedentary,7.0
1515.0,75.84,100.0,2557.0,6.19,Sedentary,10.0
2625.0,45.79,96.37,7676.0,4.54,Highly Active,9.0
2127.0,88.32,96.16,9553.0,6.5,Active,9.0
1392.0,106.54,100.0,2386.0,3.67,Sedentary,4.0
1630.0,83.6,100.0,2762.0,5.9,Active,1.0
4716.0,95.52,100.0,4314.0,5.12,Sedentary,1.0
2847.0,92.13,95.75,4188.0,6.35,Highly Active,1.0
3655.0,64.4,99.34,12945.0,6.3,Sedentary,3.0
1979.0,79.86,98.88,4020.0,5.07,Sedentary,2.0
1433.0,82.41,100.0,26848.0,8.1,Highly Active,9.0
4402.0,82.41,100.0,2607.0,6.3,Active,5.0
4214.0,96.67,99.49,8262.0,8.33,Highly Active,9.0
4871.0,67.43,99.05,9959.0,4.75,Sedentary,10.0
3587.0,71.75,98.0,6967.0,4.88,Active,5.0
1277.0,71.05,98.05,3202.0,4.84,Sedentary,7.0
1232.0,75.56,99.8,2083.0,7.28,Active,3.0
2552.0,118.95,99.18,6489.0,9.12,Sedentary,5.0
2594.0,65.9,99.17,7524.0,6.04,Active,9.0
2113.0,51.81,97.86,2085.0,3.03,Active,8.0
4563.0,77.45,95.25,2871.0,7.21,Highly Active,5.0
4270.0,62.05,96.74,13867.0,7.5,Active,2.0
3409.0,62.05,96.87,11644.0,4.95,Active,8.0
4512.0,84.3,98.48,1422.0,7.35,Sedentary,7.0
1025.0,58.69,100.0,18959.0,7.72,Active,9.0
4096.0,69.54,97.85,6923.0,3.43,Active,9.0
2417.0,79.39,96.26,4807.0,8.17,Highly Active,5.0
3554.0,63.32,94.41,1570.0,8.27,Highly Active,9.0
4372.0,74.41,97.13,9170.0,6.5,Active,6.0
4410.0,79.39,96.05,17750.0,7.47,Highly Active,7.0
3314.0,73.26,99.66,470.0,9.46,Highly Active,2.0
1460.0,77.35,99.39,5149.0,5.51,Sedentary,5.0
4764.0,80.35,96.45,14677.0,8.24,Active,6.0
3503.0,64.9,98.69,21333.0,6.87,Sedentary,3.0
4431.0,52.98,98.2,524.0,4.79,Active,2.0
2091.0,59.47,95.96,10960.0,3.77,Highly Active,10.0
2006.0,57.03,98.76,2313.0,7.58,Sedentary,10.0
3910.0,93.49,98.15,5459.0,4.54,Highly Active,9.0
4483.0,48.96,99.66,10719.0,7.95,Active,2.0
2994.0,84.42,97.81,5514.0,3.22,Sedentary,2.0
1490.0,64.73,100.0,816.0,6.72,Sedentary,2.0
4904.0,90.53,96.85,6250.0,6.02,Active,7.0
2072.0,68.67,95.22,877.0,9.02,Sedentary,2.0
4758.0,75.46,98.42,2988.0,6.84,Highly Active,8.0
3611.0,82.76,100.0,5719.0,7.42,Active,6.0
4173.0,82.76,95.79,33304.0,5.85,Sedentary,5.0
1215.0,66.45,97.49,9086.0,6.23,Highly Active,7.0
4509.0,65.75,99.18,2530.0,8.08,Active,9.0
2723.0,82.67,93.58,14644.0,6.52,Active,9.0
2592.0,51.19,100.0,1795.0,5.12,Active,4.0
3606.0,49.24,98.55,3391.0,8.21,Sedentary,8.0
1158.0,80.5,97.17,7289.0,9.03,Active,1.0
3536.0,85.04,99.69,3700.0,8.75,Active,3.0
1685.0,80.01,98.08,9154.0,8.44,Highly Active,2.0
2038.0,73.53,96.97,7361.0,6.08,Active,2.0
3841.0,66.92,99.56,7703.0,5.03,Sedentary,7.0
2776.0,98.81,98.76,3816.0,4.72,Sedentary,4.0
4953.0,100.77,94.15,397.0,4.54,Sedentary,3.0
3052.0,76.61,97.28,14429.0,6.36,Active,7.0
4667.0,64.74,96.92,538.0,9.16,Active,9.0
2843.0,59.86,97.31,4366.0,4.02,Sedentary,10.0
3408.0,59.86,98.64,2516.0,6.53,Active,5.0
3506.0,56.57,98.64,2460.0,6.02,Highly Active,7.0
3295.0,56.92,99.93,1799.0,4.74,Sedentary,1.0
2589.0,67.74,96.9,2219.0,6.12,Sedentary,9.0
2696.0,82.61,99.53,21761.0,8.43,Sedentary,5.0
3993.0,97.03,96.88,25042.0,6.84,Sedentary,10.0
3469.0,78.76,97.36,5923.0,7.44,Highly Active,3.0
2946.0,82.45,100.0,5206.0,8.1,Highly Active,7.0
4809.0,89.74,95.93,347.0,7.08,Active,6.0
3062.0,88.34,96.96,11398.0,5.95,Highly Active,9.0
3783.0,66.72,96.69,1309.0,6.65,Active,8.0
4644.0,88.07,100.0,1077.0,4.89,Sedentary,8.0
2145.0,90.48,95.36,3862.0,6.59,Active,6.0
3324.0,79.66,99.74,2989.0,6.68,Highly Active,5.0
2581.0,77.05,94.76,711.0,8.48,Sedentary,6.0
3500.0,83.99,95.46,1121.0,6.01,Highly Active,1.0
4461.0,82.43,96.42,34100.0,6.01,Highly Active,10.0
4365.0,47.05,97.32,9292.0,6.01,Highly Active,2.0
3645.0,92.69,97.52,2533.0,4.3,Active,5.0
3493.0,89.83,99.03,3916.0,5.75,Active,1.0
3257.0,80.66,96.69,6922.0,5.43,Sedentary,6.0
4661.0,77.22,98.13,10736.0,7.84,Active,2.0
3761.0,69.05,100.0,20485.0,7.23,Active,4.0
3349.0,73.28,99.26,916.0,7.56,Sedentary,9.0
2932.0,85.91,99.12,1489.0,7.92,Sedentary,6.0
4294.0,80.77,94.29,5868.0,5.54,Active,6.0
2757.0,88.56,96.76,19520.0,5.2,Active,9.0
3050.0,88.56,98.26,4217.0,3.97,Active,1.0
1989.0,91.25,97.57,7035.0,6.69,Active,3.0
2541.0,65.72,96.95,2434.0,5.33,Highly Active,5.0
2116.0,78.04,96.27,11689.0,7.18,Active,3.0
4978.0,66.57,99.97,6507.0,8.24,Sedentary,6.0
4499.0,73.52,98.68,3367.0,7.9,Active,5.0
1492.0,105.51,99.75,5476.0,6.68,Sedentary,10.0
4306.0,82.64,100.0,8307.0,6.62,Active,2.0
1619.0,78.38,94.28,1681.0,6.49,Highly Active,8.0
4232.0,96.18,98.53,2924.0,9.69,Active,2.0
4792.0,40.0,97.53,2019.0,5.63,Highly Active,10.0
4823.0,72.62,100.0,22560.0,5.63,Sedentary,10.0
3378.0,67.5,99.98,307.0,6.23,Sedentary,2.0
3380.0,62.14,97.71,407.0,5.33,Sedentary,6.0
3097.0,52.07,98.27,3078.0,5.93,Sedentary,3.0
2546.0,71.71,100.0,5406.0,6.54,Active,2.0
1862.0,85.4,99.44,2792.0,4.72,Sedentary,2.0
2691.0,72.8,100.0,13611.0,6.5,Highly Active,9.0
4563.0,86.98,98.54,1299.0,7.59,Sedentary,9.0
2605.0,76.07,97.34,3175.0,8.14,Highly Active,7.0
4752.0,92.49,96.26,4685.0,6.26,Highly Active,9.0
3319.0,67.46,98.41,1581.0,6.03,Highly Active,2.0
1579.0,46.91,96.13,2398.0,6.18,Sedentary,2.0
2890.0,51.29,98.24,20617.0,5.46,Highly Active,3.0
2275.0,67.53,100.0,5141.0,8.45,Sedentary,10.0
3607.0,61.8,99.95,14264.0,8.45,Active,8.0
3743.0,66.14,95.26,2197.0,7.32,Highly Active,5.0
2855.0,92.08,94.34,6634.0,9.05,Active,1.0
4770.0,52.48,94.59,10085.0,10.09,Highly Active,1.0
4161.0,52.48,94.59,3832.0,9.27,Active,7.0
3493.0,62.91,97.34,6860.0,5.8,Sedentary,6.0
4064.0,56.34,100.0,13926.0,2.87,Sedentary,6.0
2355.0,72.92,99.61,1062.0,7.61,Sedentary,10.0
2162.0,97.49,99.14,3067.0,7.14,Sedentary,5.0
1356.0,64.32,96.79,12157.0,6.66,Sedentary,2.0
2624.0,65.99,96.87,1838.0,6.15,Active,9.0
3321.0,66.99,96.65,5685.0,8.53,Highly Active,4.0
4090.0,92.25,100.0,4034.0,4.18,Sedentary,2.0
3006.0,68.31,96.76,7653.0,8.8,Highly Active,3.0
3358.0,81.69,95.06,7718.0,9.1,Sedentary,8.0
1869.0,76.81,97.66,6047.0,6.5,Highly Active,10.0
1885.0,73.35,97.66,20533.0,6.93,Sedentary,4.0
3001.0,67.52,97.86,1349.0,4.72,Active,3.0
3201.0,104.53,97.86,12616.0,8.01,Active,3.0
2413.0,116.88,95.35,4705.0,8.41,Sedentary,10.0
2283.0,61.75,95.35,7589.0,7.65,Highly Active,10.0
1619.0,58.93,99.99,2239.0,4.64,Highly Active,6.0
1882.0,58.93,97.64,696.0,4.09,Active,10.0
1796.0,40.9,99.49,10526.0,6.14,Active,10.0
3172.0,105.11,100.0,3463.0,8.02,Active,7.0
4425.0,66.02,98.22,341.0,6.14,Sedentary,5.0
2296.0,66.02,96.61,7353.0,8.09,Sedentary,10.0
1618.0,97.04,97.19,8141.0,8.19,Highly Active,3.0
2834.0,62.08,100.0,16235.0,7.21,Active,10.0
1244.0,77.67,98.44,15516.0,7.8,Highly Active,1.0
3895.0,80.31,98.75,8549.0,5.88,Sedentary,9.0
3497.0,85.93,98.1,2722.0,4.79,Sedentary,3.0
1929.0,87.03,96.9,3286.0,5.65,Sedentary,3.0
2270.0,91.84,95.08,3365.0,5.25,Highly Active,8.0
1519.0,63.27,99.51,972.0,8.32,Active,2.0
4212.0,77.61,97.3,20600.0,7.79,Active,9.0
1007.0,98.86,100.0,1099.0,6.77,Sedentary,8.0
3525.0,78.38,99.51,20492.0,3.82,Highly Active,10.0
4423.0,67.03,97.12,12971.0,4.87,Highly Active,8.0
3019.0,90.53,99.01,17580.0,7.75,Highly Active,7.0
1494.0,83.04,99.48,2355.0,3.91,Sedentary,8.0
2629.0,82.72,99.48,2862.0,4.45,Active,9.0
3880.0,86.64,97.17,4443.0,4.96,Highly Active,3.0
4498.0,60.74,98.61,1777.0,4.12,Highly Active,5.0
2062.0,87.71,99.52,4384.0,4.37,Highly Active,3.0
3640.0,77.32,98.81,65.0,6.42,Highly Active,1.0
1186.0,92.12,98.81,14700.0,3.97,Sedentary,6.0
4667.0,75.31,97.16,1240.0,6.13,Active,9.0
4671.0,83.75,96.18,4864.0,6.51,Active,1.0
3801.0,81.86,99.01,18498.0,7.63,Sedentary,8.0
2877.0,66.81,96.63,12042.0,7.89,Active,10.0
3140.0,61.47,97.09,10477.0,4.44,Sedentary,3.0
2040.0,62.15,96.83,4012.0,4.43,Active,9.0
1136.0,69.96,97.16,4135.0,7.69,Sedentary,9.0
3468.0,69.51,96.04,637.0,7.02,Active,2.0
3121.0,80.51,96.21,469.0,5.97,Active,4.0
4619.0,85.14,96.21,12980.0,4.71,Active,2.0
2636.0,51.65,99.07,3677.0,6.73,Sedentary,5.0
4583.0,64.12,99.1,389.0,8.55,Active,1.0
4227.0,63.42,99.26,7615.0,8.46,Active,2.0
4326.0,71.58,100.0,8049.0,8.46,Highly Active,2.0
3218.0,45.12,100.0,1806.0,8.11,Highly Active,2.0
2751.0,92.01,97.67,3702.0,4.27,Sedentary,3.0
3217.0,75.91,97.08,5964.0,5.9,Active,6.0
2787.0,72.99,99.5,6349.0,5.72,Active,10.0
1871.0,86.32,99.5,5009.0,6.9,Active,6.0
3369.0,82.76,97.82,3170.0,5.0,Active,2.0
3503.0,74.77,96.42,158.0,4.88,Sedentary,4.0
1943.0,76.57,96.93,4307.0,6.76,Active,8.0
2626.0,87.66,99.41,1588.0,4.52,Highly Active,9.0
3837.0,82.98,100.0,19520.0,5.9,Sedentary,6.0
3660.0,100.92,99.55,7160.0,6.51,Sedentary,7.0
4226.0,77.1,94.29,6165.0,6.12,Active,9.0
3936.0,84.76,97.57,3653.0,7.77,Highly Active,7.0
1348.0,73.16,96.71,2798.0,3.11,Highly Active,10.0
4522.0,79.86,95.95,1388.0,6.76,Sedentary,5.0
4947.0,80.64,97.64,434.0,5.25,Active,8.0
2676.0,68.34,96.55,7045.0,7.39,Active,8.0
2196.0,65.3,96.38,10574.0,6.55,Active,9.0
1009.0,84.62,99.37,13652.0,8.13,Sedentary,2.0
3787.0,81.82,98.37,9019.0,6.15,Active,4.0
4336.0,97.01,100.0,15908.0,8.35,Highly Active,6.0
2461.0,75.07,95.55,28443.0,6.73,Active,10.0
4831.0,60.08,95.1,22830.0,4.56,Sedentary,6.0
4318.0,75.17,97.35,6279.0,5.28,Sedentary,1.0
1666.0,86.54,97.01,1777.0,5.62,Sedentary,3.0
3593.0,43.18,99.31,787.0,6.67,Sedentary,7.0
2522.0,74.91,98.83,35725.0,7.85,Sedentary,5.0
4743.0,78.52,94.89,242.0,7.5,Active,7.0
1600.0,69.62,97.48,3472.0,5.38,Sedentary,9.0
3652.0,56.96,94.21,9651.0,7.82,Sedentary,4.0
1326.0,74.82,100.0,15502.0,6.66,Highly Active,2.0
4824.0,56.64,96.33,4545.0,7.69,Sedentary,4.0
4906.0,85.1,97.94,2437.0,4.28,Highly Active,3.0
1979.0,75.92,95.04,10548.0,7.18,Sedentary,3.0
3451.0,97.42,96.37,4905.0,5.58,Active,10.0
1628.0,45.7,97.38,630.0,4.6,Sedentary,9.0
2629.0,69.9,97.77,15309.0,7.47,Highly Active,9.0
4746.0,86.0,98.18,7466.0,5.86,Highly Active,4.0
4682.0,92.14,99.41,263.0,7.3,Active,9.0
4696.0,86.61,100.0,64.0,5.03,Sedentary,3.0
4430.0,60.7,99.33,643.0,9.55,Highly Active,1.0
4674.0,67.78,98.23,12080.0,6.32,Active,1.0
4929.0,41.46,96.73,4595.0,5.8,Sedentary,5.0
3765.0,75.68,97.45,2859.0,7.98,Sedentary,9.0
4088.0,92.45,97.92,2007.0,6.37,Highly Active,1.0
1273.0,75.11,98.69,4949.0,11.25,Active,4.0
1684.0,75.11,96.3,607.0,8.25,Highly Active,7.0
1115.0,83.25,97.72,6721.0,5.79,Sedentary,9.0
1860.0,70.25,99.74,3352.0,6.61,Active,6.0
3003.0,40.0,99.92,13685.0,6.6,Highly Active,10.0
1692.0,95.11,97.17,9829.0,4.92,Active,10.0
4162.0,81.48,96.89,130.0,8.43,Active,2.0
2105.0,56.24,98.24,1275.0,5.86,Sedentary,6.0
3371.0,80.56,97.86,4498.0,6.13,Active,10.0
4008.0,78.0,94.36,7525.0,6.83,Active,3.0
3161.0,94.67,100.0,7525.0,5.13,Sedentary,6.0
2792.0,82.08,96.66,11859.0,6.82,Sedentary,2.0
4129.0,82.13,97.06,353.0,5.75,Sedentary,3.0
1153.0,77.99,95.49,131.0,5.79,Active,1.0
2900.0,63.45,100.0,6423.0,6.26,Sedentary,8.0
2427.0,85.09,96.62,9007.0,5.4,Highly Active,7.0
4699.0,74.62,98.83,10815.0,4.15,Active,10.0
4926.0,60.71,99.26,1185.0,6.76,Highly Active,1.0
2289.0,65.11,96.72,24257.0,3.07,Active,10.0
1314.0,57.96,96.47,1824.0,3.12,Sedentary,9.0
4786.0,90.9,98.51,2017.0,6.57,Sedentary,9.0
2064.0,104.68,94.01,1173.0,6.23,Sedentary,3.0
1104.0,92.33,99.34,309.0,6.89,Highly Active,8.0
2924.0,80.64,97.49,11615.0,7.5,Active,7.0
2913.0,74.02,96.53,40.0,3.53,Highly Active,10.0
2216.0,70.64,96.9,4362.0,5.58,Highly Active,8.0
2424.0,60.21,97.54,675.0,5.83,Sedentary,2.0
4349.0,104.2,97.17,321.0,6.97,Highly Active,10.0
3401.0,59.49,100.0,19097.0,6.84,Sedentary,1.0
4063.0,62.26,95.7,12217.0,5.89,Active,7.0
2772.0,72.07,96.1,3516.0,6.57,Active,10.0
2960.0,73.31,98.05,4295.0,6.09,Sedentary,3.0
3780.0,84.03,100.0,14181.0,5.13,Sedentary,1.0
2603.0,64.9,97.25,11156.0,6.58,Active,8.0
1708.0,45.17,96.1,8235.0,3.28,Highly Active,1.0
4327.0,71.53,98.16,5384.0,6.87,Sedentary,7.0
1650.0,72.54,99.34,6552.0,8.62,Active,7.0
3871.0,71.32,99.23,3499.0,8.62,Active,7.0
1946.0,71.12,95.32,5257.0,9.59,Sedentary,8.0
1660.0,69.74,99.23,5431.0,7.4,Highly Active,4.0
3146.0,55.13,97.11,14009.0,8.69,Sedentary,4.0
3635.0,96.93,95.11,1727.0,7.08,Sedentary,1.0
3329.0,96.08,99.88,1982.0,7.33,Sedentary,6.0
4954.0,95.93,94.78,1658.0,6.71,Sedentary,7.0
3450.0,95.93,95.26,6059.0,4.15,Highly Active,5.0
2132.0,81.06,100.0,8316.0,3.55,Sedentary,3.0
1699.0,68.66,95.08,1907.0,6.14,Highly Active,6.0
3246.0,67.84,96.71,7910.0,5.6,Sedentary,8.0
4374.0,61.07,96.15,6924.0,5.64,Active,6.0
3038.0,113.48,97.57,2711.0,4.6,Active,4.0
3374.0,71.27,96.55,1828.0,8.16,Active,10.0
3201.0,61.17,95.97,14948.0,4.95,Highly Active,4.0
1551.0,77.07,98.88,5902.0,4.86,Highly Active,9.0
4716.0,86.45,99.28,8519.0,6.56,Highly Active,9.0
1404.0,72.88,96.26,18164.0,8.13,Sedentary,3.0
1461.0,78.66,98.72,1609.0,7.77,Highly Active,9.0
3179.0,90.03,100.0,3021.0,5.53,Active,5.0
3838.0,60.68,97.96,3990.0,6.18,Highly Active,2.0
1872.0,77.67,97.99,1856.0,8.96,Highly Active,2.0
1083.0,65.41,97.83,12846.0,8.16,Active,1.0
2422.0,63.38,98.08,610.0,7.82,Active,5.0
3801.0,101.28,97.89,1913.0,7.08,Active,8.0
3675.0,73.66,94.4,1484.0,6.65,Active,9.0
4180.0,73.66,98.59,21462.0,9.51,Active,8.0
1220.0,73.33,96.68,6910.0,8.19,Active,6.0
4975.0,56.86,95.82,8817.0,6.68,Sedentary,3.0
3600.0,71.74,95.18,803.0,7.58,Highly Active,10.0
2391.0,64.82,95.71,1510.0,6.13,Highly Active,4.0
4218.0,64.82,100.0,11621.0,4.09,Highly Active,6.0
1111.0,104.06,96.77,5871.0,4.97,Active,2.0
1614.0,72.38,96.95,323.0,5.81,Active,3.0
2581.0,65.39,99.88,5838.0,5.71,Sedentary,7.0
3971.0,76.37,99.68,4516.0,5.42,Sedentary,3.0
4565.0,97.37,96.8,1168.0,5.48,Sedentary,8.0
4576.0,82.74,95.98,6292.0,8.46,Active,7.0
1474.0,72.88,100.0,1337.0,9.25,Sedentary,10.0
3883.0,44.0,100.0,11679.0,8.47,Sedentary,5.0
2913.0,74.22,96.78,6745.0,3.26,Highly Active,1.0
1270.0,86.65,100.0,14353.0,8.12,Sedentary,3.0
3468.0,89.36,97.17,3870.0,7.6,Highly Active,9.0
2920.0,94.66,96.55,5021.0,6.44,Active,3.0
3754.0,64.88,95.82,10007.0,5.75,Highly Active,7.0
2390.0,68.95,95.34,5532.0,6.5,Highly Active,4.0
4351.0,73.2,98.31,5940.0,7.98,Highly Active,9.0
4354.0,85.64,91.46,5642.0,7.08,Highly Active,2.0
1039.0,71.05,95.5,4731.0,8.33,Active,8.0
2982.0,82.87,97.88,11468.0,7.72,Active,8.0
3236.0,69.23,100.0,4648.0,8.66,Sedentary,7.0
4235.0,64.41,99.19,16174.0,7.45,Highly Active,7.0
1993.0,91.65,100.0,11574.0,4.79,Sedentary,9.0
3012.0,79.69,97.72,8254.0,4.1,Sedentary,3.0
4607.0,86.2,100.0,16025.0,7.47,Active,7.0
3583.0,71.91,94.67,5392.0,7.4,Sedentary,4.0
4075.0,87.06,96.48,12076.0,5.57,Active,4.0
4906.0,59.06,99.63,1938.0,6.87,Active,2.0
1289.0,61.45,98.29,530.0,5.82,Sedentary,9.0
3480.0,61.45,96.26,8086.0,5.76,Active,2.0
3518.0,73.95,98.56,2513.0,4.35,Active,9.0
4252.0,71.3,96.76,7047.0,6.57,Highly Active,4.0
4319.0,61.21,97.06,564.0,5.72,Highly Active,7.0
3675.0,87.07,100.0,21809.0,7.07,Sedentary,7.0
1278.0,102.98,100.0,5067.0,3.87,Sedentary,8.0
3924.0,84.11,99.25,67.0,7.4,Highly Active,7.0
1580.0,68.26,99.11,4525.0,6.5,Highly Active,7.0
1862.0,95.8,95.75,10915.0,4.9,Sedentary,2.0
1253.0,80.39,96.07,14029.0,5.84,Highly Active,8.0
1180.0,68.51,99.22,4330.0,4.1,Highly Active,5.0
4901.0,94.14,99.89,942.0,6.06,Sedentary,3.0
1680.0,72.29,99.95,16564.0,6.68,Highly Active,4.0
1824.0,53.36,97.05,27806.0,6.61,Sedentary,9.0
4580.0,53.36,96.23,457.0,7.19,Active,2.0
4832.0,82.98,98.84,569.0,5.65,Active,8.0
1699.0,64.24,95.1,5836.0,7.67,Active,7.0
3613.0,46.92,97.05,5343.0,6.9,Active,3.0
2349.0,97.05,100.0,6218.0,7.72,Active,3.0
2380.0,119.91,96.86,2670.0,8.99,Highly Active,3.0
4896.0,67.87,99.44,362.0,4.17,Sedentary,3.0
2673.0,65.55,93.83,6078.0,5.93,Active,3.0
3727.0,54.79,97.56,1150.0,5.36,Active,9.0
3438.0,62.68,95.73,2922.0,9.71,Sedentary,7.0
2638.0,52.08,94.06,6113.0,7.4,Sedentary,8.0
2957.0,55.43,96.61,1637.0,6.93,Highly Active,8.0
4156.0,75.03,97.76,5473.0,8.29,Highly Active,6.0
4388.0,51.31,97.28,8780.0,6.52,Active,4.0
1211.0,52.97,98.28,476.0,7.2,Active,10.0
2538.0,78.11,99.0,6763.0,5.82,Sedentary,4.0
1383.0,78.11,98.73,4985.0,4.45,Sedentary,10.0
2714.0,80.35,97.88,718.0,7.85,Highly Active,8.0
1341.0,69.87,98.64,8577.0,5.06,Highly Active,6.0
2838.0,72.22,95.1,2606.0,7.62,Highly Active,1.0
2987.0,86.7,95.44,1409.0,8.13,Sedentary,6.0
1843.0,66.77,95.78,2323.0,3.13,Highly Active,6.0
4109.0,85.65,98.02,5531.0,8.07,Sedentary,6.0
2534.0,68.7,99.66,6073.0,6.88,Sedentary,7.0
1419.0,62.69,99.66,1301.0,5.05,Active,6.0
3798.0,58.89,98.82,19312.0,3.89,Sedentary,2.0
4240.0,50.15,94.73,2792.0,6.39,Sedentary,6.0
2988.0,56.39,98.63,2187.0,6.23,Sedentary,10.0
2932.0,48.4,99.56,1447.0,8.14,Highly Active,7.0
4414.0,60.08,96.95,899.0,6.5,Sedentary,2.0
2849.0,87.32,97.37,28154.0,4.87,Highly Active,7.0
1305.0,74.88,99.82,7862.0,4.17,Active,2.0
4613.0,69.18,97.69,10826.0,6.72,Active,8.0
3749.0,64.63,98.2,3593.0,6.51,Active,1.0
1868.0,73.78,97.26,3748.0,8.48,Highly Active,2.0
3584.0,75.45,100.0,30342.0,5.76,Highly Active,4.0
2135.0,58.27,94.97,1568.0,7.13,Sedentary,4.0
2434.0,81.95,94.97,2771.0,6.3,Highly Active,2.0
1205.0,70.12,97.03,1520.0,2.45,Highly Active,2.0
4256.0,79.45,96.85,2325.0,7.57,Highly Active,2.0
4453.0,74.52,95.68,7626.0,5.86,Highly Active,6.0
1495.0,53.72,100.0,2586.0,7.49,Sedentary,7.0
4450.0,94.51,97.28,14585.0,6.75,Sedentary,5.0
4118.0,74.83,96.55,349.0,5.02,Active,8.0
2909.0,69.48,99.59,3067.0,6.24,Highly Active,2.0
4811.0,83.74,97.99,13798.0,6.45,Highly Active,1.0
4622.0,57.64,97.99,6799.0,6.78,Highly Active,7.0
4599.0,51.39,94.15,10317.0,7.27,Highly Active,5.0
3551.0,83.35,97.72,2737.0,6.55,Highly Active,4.0
2045.0,92.2,99.06,3227.0,9.12,Active,5.0
1212.0,79.3,97.81,15339.0,7.76,Highly Active,4.0
1309.0,87.09,95.14,9692.0,7.99,Sedentary,1.0
3708.0,56.01,95.14,3395.0,7.74,Highly Active,8.0
2991.0,69.61,96.41,1698.0,6.61,Highly Active,5.0
3800.0,65.13,100.0,787.0,7.6,Active,8.0
1271.0,90.41,97.67,13855.0,8.37,Highly Active,8.0
4642.0,82.41,98.99,8373.0,6.69,Sedentary,4.0
2822.0,90.47,100.0,6544.0,8.08,Active,9.0
3985.0,65.73,98.54,10491.0,4.55,Sedentary,7.0
4273.0,58.03,97.88,17255.0,8.15,Highly Active,4.0
3079.0,94.94,99.46,10036.0,5.34,Active,6.0
1442.0,75.39,97.4,3821.0,4.54,Active,6.0
3209.0,90.97,98.39,1359.0,6.08,Active,5.0
3814.0,74.03,97.62,8758.0,6.81,Sedentary,7.0
1253.0,108.06,98.07,1983.0,7.0,Highly Active,9.0
1520.0,92.67,99.67,10683.0,8.44,Sedentary,4.0
1976.0,72.6,95.58,2895.0,5.66,Sedentary,2.0
4722.0,75.31,97.08,1194.0,8.97,Active,3.0
4551.0,75.36,96.99,2057.0,8.97,Sedentary,9.0
1009.0,75.36,99.96,2171.0,6.84,Active,6.0
3773.0,67.77,97.74,3333.0,5.26,Active,8.0
3552.0,66.63,96.14,2082.0,10.24,Highly Active,9.0
3832.0,78.49,94.05,1789.0,9.09,Sedentary,6.0
4907.0,62.77,100.0,3480.0,6.79,Sedentary,4.0
2583.0,72.75,97.97,14180.0,6.5,Sedentary,6.0
3483.0,69.51,97.61,511.0,7.43,Sedentary,5.0
2134.0,76.14,97.82,2459.0,5.62,Sedentary,8.0
1152.0,97.02,100.0,5784.0,7.81,Highly Active,7.0
2658.0,91.43,98.87,14527.0,6.84,Sedentary,4.0
3916.0,74.22,99.18,3002.0,4.73,Highly Active,4.0
4173.0,74.22,94.44,11195.0,5.36,Highly Active,10.0
3800.0,65.3,99.43,3262.0,8.96,Active,10.0
2856.0,107.3,97.07,13353.0,5.53,Sedentary,10.0
2214.0,67.1,99.47,4252.0,3.09,Sedentary,10.0
2752.0,68.14,99.61,5893.0,6.2,Sedentary,10.0
3610.0,101.32,96.74,5761.0,6.11,Sedentary,5.0
4875.0,89.54,97.97,889.0,8.88,Active,8.0
2104.0,68.35,98.46,3069.0,8.77,Highly Active,10.0
2538.0,86.41,96.55,1936.0,4.54,Sedentary,6.0
1894.0,71.41,96.54,8042.0,7.09,Sedentary,10.0
2111.0,72.41,98.9,18989.0,7.69,Active,7.0
4265.0,62.92,100.0,1672.0,6.32,Highly Active,6.0
1103.0,40.0,95.67,670.0,6.76,Highly Active,8.0
4854.0,40.0,99.02,4945.0,8.16,Sedentary,8.0
4494.0,81.29,99.35,255.0,7.51,Active,9.0
2914.0,77.3,98.92,17823.0,8.61,Sedentary,10.0
4269.0,91.29,98.62,19711.0,5.83,Sedentary,4.0
4072.0,56.95,95.12,13299.0,7.69,Highly Active,7.0
2006.0,101.8,100.0,2305.0,5.83,Highly Active,2.0
1406.0,100.42,97.8,914.0,8.11,Highly Active,9.0
2401.0,75.53,97.44,6284.0,5.57,Active,10.0
1166.0,64.71,99.37,2314.0,7.15,Active,10.0
1508.0,65.48,94.32,1577.0,6.16,Sedentary,1.0
2661.0,77.97,99.56,7177.0,7.38,Sedentary,2.0
3360.0,103.24,99.95,9715.0,5.23,Active,5.0
4664.0,73.58,95.54,5245.0,6.08,Sedentary,4.0
4489.0,51.27,98.83,2700.0,6.5,Active,9.0
1762.0,103.43,97.85,5030.0,4.89,Active,5.0
1680.0,68.99,98.77,6409.0,5.59,Highly Active,8.0
3524.0,96.81,95.01,373.0,4.04,Highly Active,2.0
3120.0,84.39,100.0,4107.0,7.07,Sedentary,9.0
2164.0,72.77,99.4,6385.0,7.69,Highly Active,7.0
1581.0,89.49,95.91,971.0,4.41,Highly Active,2.0
1261.0,63.98,97.0,4170.0,4.74,Highly Active,5.0
2363.0,70.64,100.0,2980.0,5.06,Sedentary,4.0
2331.0,67.04,98.73,14169.0,6.5,Highly Active,1.0
3292.0,67.04,96.7,4705.0,7.1,Active,10.0
2538.0,83.22,98.43,3889.0,5.46,Sedentary,7.0
4408.0,83.1,97.21,1957.0,6.88,Sedentary,8.0
4646.0,51.67,95.57,22103.0,5.38,Highly Active,6.0
1560.0,51.67,97.54,22738.0,5.99,Active,9.0
2099.0,69.56,98.96,3198.0,8.06,Active,2.0
1174.0,54.0,99.05,6747.0,5.66,Active,6.0
3156.0,85.6,99.85,10632.0,7.13,Active,9.0
3230.0,58.1,99.48,659.0,6.02,Highly Active,3.0
1191.0,78.73,98.94,151.0,6.78,Sedentary,3.0
1064.0,91.72,95.57,5052.0,6.5,Active,8.0
4920.0,56.6,97.48,553.0,4.24,Active,2.0
4010.0,78.63,98.4,15560.0,8.6,Sedentary,6.0
4854.0,60.34,99.58,8783.0,8.89,Highly Active,6.0
4171.0,60.34,97.81,223.0,7.01,Highly Active,10.0
2567.0,64.39,100.0,4292.0,8.47,Highly Active,8.0
3911.0,62.84,99.78,569.0,8.03,Highly Active,4.0
2151.0,71.92,99.78,18480.0,8.34,Active,6.0
4523.0,68.6,95.68,6638.0,6.17,Active,5.0
2937.0,81.35,99.7,1192.0,9.18,Sedentary,5.0
1368.0,87.13,100.0,5757.0,5.79,Sedentary,9.0
1850.0,52.06,100.0,883.0,7.04,Highly Active,9.0
1042.0,71.24,98.85,1102.0,7.79,Highly Active,6.0
2907.0,60.75,99.88,591.0,11.26,Active,6.0
4490.0,58.72,95.12,14375.0,8.14,Sedentary,1.0
3535.0,51.47,100.0,5523.0,5.71,Sedentary,8.0
1077.0,50.36,97.3,2781.0,6.9,Active,8.0
3873.0,67.21,100.0,5.0,4.48,Sedentary,9.0
2293.0,80.84,98.69,5033.0,1.81,Highly Active,9.0
1673.0,59.21,100.0,2872.0,6.24,Highly Active,1.0
1700.0,57.69,98.68,4636.0,9.79,Sedentary,1.0
1758.0,78.59,98.68,743.0,7.64,Sedentary,10.0
2923.0,68.52,99.54,17863.0,7.23,Active,9.0
3775.0,68.52,97.1,2092.0,4.71,Highly Active,9.0
4386.0,68.52,95.92,20763.0,8.5,Sedentary,9.0
3972.0,47.13,100.0,4753.0,5.13,Sedentary,8.0
4922.0,84.19,98.25,13601.0,5.14,Active,5.0
1901.0,46.65,99.33,6026.0,8.49,Sedentary,5.0
3936.0,53.31,98.92,13024.0,5.08,Sedentary,1.0
1992.0,64.96,99.03,71.0,6.5,Highly Active,2.0
2191.0,70.73,99.5,1445.0,5.05,Active,2.0
3386.0,84.02,97.9,3058.0,6.78,Highly Active,1.0
3240.0,59.79,100.0,2458.0,5.75,Sedentary,2.0
2476.0,94.77,100.0,20527.0,9.23,Sedentary,9.0
3330.0,52.26,97.12,3514.0,6.55,Active,2.0
4407.0,69.42,97.11,25057.0,4.64,Active,8.0
1389.0,87.45,95.84,7369.0,3.7,Active,6.0
1999.0,88.25,100.0,12636.0,7.85,Active,7.0
1524.0,40.0,97.4,3504.0,6.95,Active,4.0
4311.0,115.62,99.05,1476.0,7.41,Active,3.0
2855.0,70.17,97.14,362.0,5.86,Highly Active,7.0
2506.0,79.18,98.83,7478.0,6.73,Highly Active,8.0
1658.0,70.0,99.64,24979.0,8.29,Active,6.0
3763.0,107.03,100.0,881.0,6.51,Active,1.0
4663.0,94.34,100.0,10341.0,4.78,Active,9.0
1890.0,106.61,95.13,3175.0,7.58,Highly Active,6.0
4626.0,82.1,99.49,35212.0,5.98,Active,5.0
2481.0,88.68,100.0,14284.0,7.95,Active,8.0
4160.0,59.33,97.4,1837.0,6.54,Active,9.0
4731.0,71.03,100.0,10160.0,7.79,Active,10.0
4166.0,88.69,96.07,9276.0,7.26,Active,4.0
1451.0,79.77,99.12,10090.0,8.45,Active,3.0
3475.0,76.59,98.04,605.0,7.94,Sedentary,8.0
4222.0,63.36,94.21,11604.0,4.54,Active,2.0
2537.0,92.48,96.93,2121.0,3.69,Highly Active,9.0
4447.0,92.27,100.0,6248.0,6.38,Sedentary,5.0
4093.0,90.63,99.13,858.0,7.4,Active,2.0
1882.0,79.38,97.85,5717.0,5.41,Active,8.0
1312.0,75.15,99.62,16582.0,7.17,Sedentary,4.0
1839.0,91.86,95.04,1365.0,7.11,Active,10.0
3566.0,89.05,97.61,13519.0,6.39,Sedentary,8.0
4277.0,61.61,96.25,4002.0,5.55,Sedentary,1.0
1374.0,79.75,94.48,2724.0,4.97,Highly Active,7.0
1450.0,84.87,99.78,412.0,6.5,Sedentary,8.0
4697.0,64.9,98.92,5263.0,3.32,Sedentary,10.0
4855.0,88.55,97.42,1561.0,4.64,Sedentary,2.0
4062.0,85.76,97.01,19706.0,10.4,Active,3.0
1594.0,68.76,95.18,1904.0,4.95,Sedentary,5.0
4250.0,54.65,97.69,6187.0,5.66,Highly Active,5.0
2233.0,83.79,99.23,5724.0,7.52,Sedentary,5.0
1499.0,283.48,96.83,5724.0,7.22,Sedentary,9.0
1463.0,78.83,100.0,13377.0,7.16,Sedentary,4.0
1044.0,84.62,95.03,1417.0,8.74,Active,4.0
4195.0,57.52,93.98,11890.0,5.06,Active,8.0
1112.0,74.28,98.15,1628.0,6.76,Active,10.0
2035.0,73.33,99.3,279.0,6.42,Highly Active,7.0
4197.0,61.7,99.03,20158.0,5.18,Active,4.0
4636.0,81.6,95.38,7099.0,6.66,Sedentary,7.0
3378.0,81.02,97.56,6969.0,7.34,Highly Active,8.0
2924.0,70.59,98.6,6969.0,7.38,Active,2.0
4354.0,74.81,99.64,1049.0,8.1,Active,1.0
1139.0,105.79,94.27,8571.0,6.44,Highly Active,7.0
2424.0,105.79,97.96,5119.0,4.99,Highly Active,1.0
3949.0,58.03,98.61,2678.0,4.42,Highly Active,1.0
4168.0,57.67,95.9,2667.0,5.81,Highly Active,9.0
1516.0,78.74,98.48,15404.0,4.47,Sedentary,6.0
3616.0,40.0,96.47,15430.0,5.43,Highly Active,6.0
2947.0,67.35,99.41,2247.0,4.73,Highly Active,3.0
3893.0,60.47,100.0,11064.0,5.52,Active,4.0
4140.0,74.14,96.01,1799.0,9.18,Sedentary,3.0
3165.0,74.2,96.02,11550.0,6.31,Highly Active,10.0
1887.0,80.17,100.0,945.0,8.86,Sedentary,1.0
4130.0,84.23,98.76,9936.0,7.13,Highly Active,1.0
4104.0,92.13,98.91,5679.0,5.57,Sedentary,4.0
1835.0,69.7,95.68,876.0,6.32,Active,4.0
1049.0,65.01,98.84,6695.0,4.02,Active,8.0
4951.0,87.79,98.12,1496.0,6.0,Active,3.0
4560.0,50.12,99.82,1511.0,4.53,Highly Active,4.0
1018.0,86.36,99.31,4151.0,7.4,Sedentary,8.0
1725.0,77.15,97.62,23325.0,5.85,Sedentary,7.0
3244.0,81.74,96.67,15594.0,6.04,Sedentary,3.0
4962.0,80.47,99.54,12260.0,5.87,Active,10.0
2473.0,77.05,98.92,13333.0,7.85,Active,7.0
3606.0,77.66,94.81,4814.0,5.17,Sedentary,5.0
4750.0,58.34,96.29,3287.0,5.07,Sedentary,9.0
1451.0,65.23,99.73,15078.0,6.5,Active,10.0
3336.0,101.66,94.37,590.0,8.13,Highly Active,1.0
2164.0,85.09,96.15,38818.0,7.0,Highly Active,2.0
2107.0,90.91,100.0,5636.0,9.78,Highly Active,8.0
4765.0,69.82,96.17,5443.0,6.5,Highly Active,9.0
3438.0,76.19,94.65,2417.0,3.25,Active,6.0
4662.0,82.9,96.51,1307.0,7.23,Active,6.0
1214.0,93.09,96.58,7982.0,6.27,Active,9.0
2549.0,72.71,96.89,3143.0,7.21,Highly Active,7.0
3262.0,82.16,97.32,2521.0,7.78,Active,3.0
4474.0,85.66,98.82,1240.0,4.21,Sedentary,3.0
1127.0,89.02,100.0,5362.0,6.07,Sedentary,9.0
2845.0,71.98,100.0,6212.0,7.38,Highly Active,9.0
4548.0,94.23,95.95,4097.0,6.88,Active,7.0
1759.0,53.66,99.77,85.0,6.24,Active,3.0
3451.0,58.06,100.0,4736.0,7.61,Highly Active,6.0
4100.0,82.21,95.15,2222.0,7.99,Active,7.0
2815.0,81.81,95.15,1045.0,3.42,Sedentary,1.0
3385.0,71.48,99.04,1045.0,8.86,Highly Active,7.0
3878.0,68.37,97.76,7787.0,4.67,Sedentary,4.0
3761.0,68.57,94.65,5120.0,7.39,Highly Active,8.0
1360.0,61.51,100.0,6669.0,6.0,Active,2.0
1568.0,74.33,93.11,6530.0,8.38,Active,8.0
2415.0,51.66,93.5,929.0,7.58,Sedentary,7.0
3265.0,91.98,98.63,1702.0,7.38,Active,1.0
2597.0,80.73,97.25,67.0,6.83,Active,5.0
2692.0,94.41,99.63,28084.0,5.69,Highly Active,10.0
3064.0,74.44,98.42,11801.0,4.43,Active,1.0
3369.0,76.88,100.0,10638.0,5.56,Highly Active,6.0
1517.0,64.51,96.68,8546.0,7.87,Sedentary,10.0
4641.0,56.35,99.44,4182.0,5.0,Sedentary,5.0
2348.0,60.23,99.21,6137.0,8.31,Highly Active,10.0
2435.0,68.61,97.52,1443.0,4.96,Active,10.0
2341.0,61.75,100.0,785.0,6.25,Highly Active,5.0
1680.0,95.23,98.06,3034.0,7.18,Active,10.0
2988.0,64.42,96.9,12224.0,8.04,Active,6.0
4153.0,80.9,98.14,5811.0,5.95,Highly Active,5.0
4545.0,83.77,93.25,10103.0,7.22,Sedentary,3.0
2491.0,93.56,94.19,15472.0,6.82,Highly Active,2.0
2731.0,85.22,97.85,5755.0,6.13,Active,5.0
2968.0,72.4,99.08,3204.0,4.94,Highly Active,10.0
4802.0,100.59,95.78,13550.0,7.16,Sedentary,10.0
2712.0,56.34,94.32,1826.0,6.54,Sedentary,10.0
4275.0,60.9,96.72,176.0,6.02,Sedentary,9.0
4654.0,60.9,97.61,364.0,6.67,Highly Active,9.0
4066.0,76.29,100.0,6110.0,7.36,Active,4.0
3434.0,87.26,98.9,15601.0,3.98,Sedentary,9.0
1777.0,77.41,99.24,5815.0,5.68,Sedentary,9.0
3145.0,80.54,100.0,3684.0,5.04,Sedentary,4.0
4416.0,89.94,100.0,6024.0,5.15,Active,1.0
2826.0,77.11,99.71,7784.0,5.32,Highly Active,1.0
1207.0,85.19,99.74,9946.0,8.15,Sedentary,10.0
2537.0,63.67,96.55,2986.0,7.0,Highly Active,7.0
2659.0,64.65,97.39,3425.0,4.85,Active,8.0
4863.0,88.22,96.56,167.0,6.78,Sedentary,4.0
3633.0,76.82,99.41,7341.0,7.14,Highly Active,1.0
3213.0,77.54,99.02,10496.0,5.96,Sedentary,5.0
1021.0,64.6,100.0,5006.0,4.57,Sedentary,6.0
1153.0,68.87,99.95,3307.0,4.87,Sedentary,4.0
2962.0,79.3,99.95,2836.0,4.12,Sedentary,9.0
4510.0,70.48,98.89,7250.0,9.71,Highly Active,10.0
4366.0,62.07,100.0,2811.0,9.71,Active,1.0
1218.0,62.25,97.76,6398.0,4.62,Active,4.0
1668.0,65.44,98.22,18318.0,6.46,Active,10.0
2518.0,65.44,97.51,2810.0,3.76,Active,7.0
3277.0,70.85,98.39,495.0,3.76,Sedentary,2.0
3067.0,98.53,98.56,14501.0,6.67,Active,10.0
3600.0,88.86,99.97,2237.0,6.8,Highly Active,10.0
1949.0,79.45,96.91,31299.0,7.11,Highly Active,5.0
3195.0,102.94,96.91,12833.0,7.57,Sedentary,2.0
4179.0,73.27,95.54,3897.0,6.44,Sedentary,4.0
1402.0,82.13,95.68,6926.0,5.47,Highly Active,4.0
1595.0,79.93,99.98,2276.0,7.19,Highly Active,9.0
4554.0,82.09,95.13,615.0,8.59,Active,5.0
3414.0,63.77,99.06,5223.0,7.43,Sedentary,10.0
4905.0,70.43,96.28,3870.0,5.2,Highly Active,5.0
2437.0,62.83,95.45,24527.0,7.42,Highly Active,2.0
4380.0,81.11,98.89,6370.0,7.42,Active,3.0
3849.0,75.05,100.0,9625.0,4.64,Highly Active,7.0
3965.0,46.77,98.92,1017.0,6.15,Active,5.0
4906.0,82.7,97.17,9003.0,7.35,Active,10.0
2157.0,78.25,96.69,406.0,8.24,Sedentary,10.0
2742.0,100.56,96.23,6646.0,5.53,Sedentary,6.0
2306.0,88.91,97.57,6646.0,4.31,Sedentary,6.0
4849.0,91.69,99.76,4619.0,7.26,Sedentary,3.0
1072.0,58.07,98.24,1695.0,6.13,Sedentary,5.0
1480.0,91.77,97.64,4105.0,6.86,Highly Active,2.0
4423.0,72.08,94.71,12877.0,6.79,Active,5.0
1559.0,64.62,95.41,8772.0,6.72,Sedentary,2.0
4397.0,40.0,95.88,6510.0,5.88,Highly Active,2.0
1744.0,94.7,97.29,8285.0,7.86,Sedentary,1.0
2466.0,70.73,97.81,12579.0,5.23,Active,4.0
1099.0,73.17,100.0,1153.0,6.9,Active,8.0
2082.0,79.82,98.45,12913.0,7.09,Active,3.0
3555.0,102.93,98.45,11500.0,6.21,Highly Active,5.0
3305.0,71.61,99.66,4544.0,7.69,Active,2.0
1412.0,74.77,99.92,3609.0,5.8,Active,7.0
4523.0,89.53,98.25,18875.0,9.95,Active,4.0
2088.0,70.81,97.66,11981.0,6.85,Highly Active,3.0
3642.0,62.53,100.0,31360.0,8.36,Active,6.0
2177.0,42.17,98.43,7186.0,7.83,Highly Active,1.0
3008.0,95.04,95.55,224.0,8.64,Active,3.0
3313.0,78.58,97.3,1170.0,6.63,Highly Active,2.0
1820.0,83.19,97.3,12016.0,8.19,Active,5.0
4150.0,67.71,97.21,7132.0,8.68,Sedentary,1.0
4386.0,85.2,99.09,1545.0,6.93,Active,5.0
1661.0,66.24,95.06,84.0,5.45,Sedentary,3.0
3994.0,77.44,99.74,2135.0,9.24,Active,6.0
1559.0,76.62,97.21,1036.0,6.53,Sedentary,4.0
3964.0,91.94,96.87,14625.0,6.62,Sedentary,4.0
3938.0,84.71,99.66,15006.0,6.91,Sedentary,8.0
2271.0,65.6,97.89,12931.0,5.33,Sedentary,4.0
2813.0,84.02,96.85,696.0,7.01,Sedentary,3.0
3915.0,69.49,97.71,1016.0,7.02,Highly Active,9.0
1609.0,62.82,97.71,1019.0,6.48,Sedentary,10.0
3461.0,83.26,96.98,2093.0,6.4,Active,7.0
1024.0,77.91,98.65,530.0,6.17,Highly Active,10.0
3028.0,77.91,97.84,27955.0,6.17,Sedentary,10.0
1283.0,67.27,99.66,13525.0,7.59,Highly Active,6.0
2472.0,86.18,94.75,502.0,6.94,Highly Active,3.0
3928.0,80.84,98.11,1086.0,7.9,Highly Active,3.0
1300.0,81.47,100.0,2130.0,5.72,Sedentary,8.0
2091.0,102.68,96.94,10442.0,8.19,Sedentary,7.0
1816.0,73.25,100.0,6969.0,6.14,Active,7.0
4208.0,68.94,93.33,17028.0,5.5,Sedentary,2.0
4235.0,64.8,100.0,259.0,7.39,Active,4.0
1082.0,68.1,99.05,1231.0,4.12,Active,7.0
2920.0,51.01,98.0,1473.0,5.88,Sedentary,7.0
4721.0,56.76,98.0,430.0,6.5,Sedentary,4.0
4491.0,84.87,97.42,6742.0,6.28,Highly Active,7.0
4144.0,98.02,95.88,1647.0,4.89,Sedentary,6.0
4308.0,75.83,97.31,4613.0,6.64,Active,8.0
3093.0,64.46,97.25,8096.0,5.0,Sedentary,10.0
1617.0,40.0,97.25,6334.0,6.89,Highly Active,7.0
3975.0,100.56,98.53,2399.0,5.91,Highly Active,3.0
4871.0,54.92,98.15,3743.0,6.29,Sedentary,2.0
3309.0,52.92,98.43,2907.0,5.27,Sedentary,8.0
1175.0,70.54,100.0,13396.0,7.66,Highly Active,5.0
2189.0,74.37,97.43,3812.0,6.28,Highly Active,5.0
3704.0,75.16,100.0,446.0,5.39,Highly Active,1.0
1841.0,62.18,100.0,6761.0,6.32,Highly Active,6.0
1369.0,81.24,93.87,1542.0,9.1,Active,2.0
2818.0,67.17,95.63,2894.0,7.0,Active,6.0
3101.0,67.55,95.49,2779.0,8.11,Highly Active,7.0
1689.0,67.55,100.0,526.0,4.08,Highly Active,9.0
4490.0,64.85,97.91,21104.0,6.2,Sedentary,10.0
2779.0,56.19,97.15,5544.0,5.0,Sedentary,3.0
4578.0,57.16,95.43,1189.0,5.72,Highly Active,2.0
2364.0,58.42,100.0,5680.0,5.35,Active,1.0
4198.0,81.84,97.26,4205.0,8.43,Sedentary,2.0
2432.0,80.99,93.79,2960.0,7.58,Active,3.0
4995.0,70.97,100.0,4477.0,5.37,Highly Active,7.0
1366.0,71.71,97.93,7753.0,5.8,Active,10.0
4342.0,92.51,100.0,1558.0,7.04,Sedentary,9.0
1643.0,82.71,98.0,5404.0,7.84,Active,1.0
4676.0,98.47,96.98,11736.0,8.06,Active,7.0
3426.0,66.34,97.96,1762.0,7.45,Sedentary,1.0
1072.0,57.53,98.87,5073.0,9.22,Sedentary,4.0
4994.0,89.95,96.57,23615.0,7.14,Active,6.0
4993.0,74.69,94.37,11284.0,5.83,Sedentary,7.0
3962.0,62.96,93.5,6293.0,5.28,Active,7.0
2271.0,82.33,98.11,9679.0,4.88,Highly Active,1.0
1859.0,64.42,98.73,5220.0,4.69,Sedentary,1.0
4856.0,85.33,97.66,30171.0,7.51,Highly Active,3.0
1042.0,82.29,96.02,1297.0,8.89,Active,7.0
3671.0,71.61,96.96,8900.0,6.66,Highly Active,5.0
2064.0,49.7,98.14,42.0,9.24,Active,7.0
3217.0,61.15,98.62,940.0,6.54,Highly Active,2.0
3259.0,97.78,97.82,8956.0,7.41,Active,6.0
2516.0,101.18,96.63,9971.0,4.13,Sedentary,8.0
4751.0,113.9,96.63,281.0,7.72,Highly Active,5.0
3086.0,81.01,96.21,2844.0,5.54,Active,1.0
1368.0,58.65,96.04,880.0,7.75,Sedentary,8.0
3804.0,95.09,97.29,15460.0,8.42,Highly Active,2.0
1150.0,71.04,100.0,4234.0,6.96,Sedentary,3.0
2134.0,64.77,99.34,4090.0,7.15,Sedentary,8.0
2503.0,80.02,97.89,12156.0,6.68,Active,10.0
2459.0,103.45,95.89,8321.0,7.46,Active,2.0
2070.0,73.42,96.24,17884.0,9.31,Active,5.0
2023.0,75.26,97.44,19539.0,6.52,Sedentary,8.0
2598.0,52.02,97.44,2630.0,6.75,Active,2.0
3784.0,76.62,97.01,7316.0,3.83,Highly Active,5.0
3040.0,84.98,100.0,5463.0,7.13,Highly Active,9.0
2389.0,73.69,100.0,6341.0,5.33,Active,10.0
1569.0,74.8,96.47,6872.0,6.2,Highly Active,9.0
3346.0,78.38,99.32,433.0,6.5,Highly Active,9.0
1943.0,59.26,99.82,15781.0,4.08,Active,10.0
1801.0,40.83,96.95,1058.0,7.2,Sedentary,6.0
3343.0,73.45,96.44,3867.0,6.88,Highly Active,6.0
3250.0,71.62,96.15,2418.0,7.55,Highly Active,2.0
1060.0,83.55,99.12,5648.0,5.54,Highly Active,9.0
1945.0,110.96,99.14,22798.0,8.17,Active,5.0
4010.0,94.44,100.0,3722.0,6.96,Sedentary,3.0
4901.0,44.15,100.0,6470.0,5.43,Active,7.0
2337.0,112.81,99.08,1065.0,4.45,Sedentary,4.0
2073.0,84.96,98.22,4353.0,5.69,Highly Active,8.0
1330.0,71.03,96.16,17321.0,7.81,Highly Active,5.0
2551.0,97.15,99.56,18860.0,7.17,Highly Active,9.0
1337.0,40.0,92.14,5534.0,3.28,Active,3.0
4997.0,66.83,97.19,10245.0,6.0,Sedentary,3.0
2327.0,77.96,93.87,10245.0,6.69,Active,5.0
2526.0,76.01,97.35,5308.0,9.36,Sedentary,9.0
2673.0,97.71,97.35,9230.0,8.43,Sedentary,6.0
2361.0,92.71,100.0,2802.0,6.23,Highly Active,3.0
2573.0,85.23,93.24,16199.0,6.77,Active,4.0
3686.0,70.85,100.0,10587.0,4.46,Active,4.0
1274.0,89.42,97.45,10279.0,2.56,Highly Active,9.0
2187.0,66.03,97.95,150.0,5.9,Active,8.0
4514.0,86.58,99.72,1422.0,8.0,Highly Active,7.0
3366.0,64.07,97.72,8753.0,6.77,Sedentary,3.0
3636.0,79.41,96.49,5774.0,5.38,Active,1.0
3551.0,53.16,96.85,6047.0,7.87,Sedentary,10.0
4757.0,90.53,96.31,104.0,9.19,Highly Active,4.0
3434.0,68.33,98.27,4084.0,4.27,Highly Active,3.0
2993.0,54.46,100.0,10807.0,6.42,Highly Active,8.0
1869.0,60.55,99.72,7625.0,5.7,Active,5.0
3880.0,70.4,98.19,5947.0,6.57,Active,2.0
2014.0,61.32,96.68,8349.0,5.82,Sedentary,8.0
2911.0,85.8,98.61,13326.0,10.69,Active,6.0
1602.0,70.83,100.0,13258.0,6.32,Active,3.0
4821.0,89.02,96.14,4262.0,6.5,Active,3.0
2799.0,70.76,99.5,2575.0,6.75,Highly Active,8.0
1690.0,85.76,98.85,3194.0,4.62,Sedentary,3.0
1493.0,75.13,96.55,5158.0,6.81,Highly Active,9.0
1489.0,71.11,98.48,655.0,4.29,Highly Active,9.0
3768.0,59.39,97.17,6258.0,9.2,Highly Active,3.0
4144.0,76.02,96.26,4226.0,7.85,Highly Active,10.0
3556.0,86.03,96.05,9959.0,5.63,Sedentary,7.0
1389.0,250.85,96.56,2241.0,6.25,Highly Active,7.0
4690.0,74.81,95.66,480.0,8.04,Highly Active,9.0
4928.0,66.73,100.0,15748.0,6.91,Sedentary,6.0
1294.0,104.04,96.09,494.0,4.02,Active,6.0
2392.0,79.68,100.0,18348.0,6.75,Active,5.0
3843.0,76.35,98.77,4817.0,8.13,Highly Active,4.0
3912.0,67.71,94.57,406.0,3.0,Highly Active,6.0
2717.0,88.26,96.34,941.0,6.71,Active,4.0
3596.0,74.99,98.68,5329.0,5.25,Highly Active,9.0
1648.0,74.03,96.66,111.0,8.4,Sedentary,1.0
2873.0,73.9,98.39,17267.0,5.82,Sedentary,10.0
1567.0,58.41,94.27,11137.0,5.67,Highly Active,1.0
4258.0,97.44,94.27,4916.0,7.74,Active,5.0
3900.0,88.79,97.75,18249.0,5.15,Highly Active,6.0
3817.0,75.13,100.0,2105.0,6.63,Active,10.0
1444.0,73.45,96.65,13441.0,6.92,Highly Active,3.0
4641.0,61.78,96.65,11448.0,6.21,Active,7.0
1362.0,52.86,100.0,6103.0,4.54,Highly Active,9.0
3170.0,61.79,100.0,2688.0,5.19,Active,6.0
2211.0,92.15,100.0,5720.0,6.3,Highly Active,7.0
1741.0,69.2,97.86,22062.0,3.66,Highly Active,2.0
3041.0,91.24,98.86,619.0,6.63,Sedentary,4.0
1679.0,74.55,96.82,1571.0,6.11,Sedentary,9.0
3467.0,61.97,99.18,7228.0,6.5,Highly Active,5.0
4697.0,63.99,99.18,7942.0,6.5,Active,6.0
4323.0,78.7,96.4,1258.0,4.82,Sedentary,1.0
2572.0,63.49,99.9,18465.0,5.11,Active,7.0
2358.0,68.2,94.88,581.0,5.71,Active,9.0
3139.0,87.31,98.72,25615.0,6.12,Highly Active,3.0
4601.0,79.24,96.01,2311.0,6.12,Active,3.0
4937.0,77.81,99.38,2586.0,5.61,Highly Active,8.0
1062.0,81.95,98.77,322.0,7.83,Active,4.0
4733.0,90.51,98.42,4816.0,6.89,Highly Active,10.0
3559.0,75.76,96.72,21670.0,8.58,Sedentary,3.0
2162.0,59.49,100.0,1229.0,5.97,Sedentary,10.0
4769.0,77.82,96.69,6020.0,5.28,Highly Active,9.0
4256.0,62.39,98.47,2246.0,6.72,Sedentary,6.0
2228.0,43.96,97.57,132.0,4.09,Highly Active,6.0
3819.0,43.96,95.22,30478.0,6.74,Active,9.0
4285.0,82.75,97.32,8816.0,7.35,Highly Active,4.0
1255.0,80.2,94.61,9308.0,8.15,Sedentary,4.0
1134.0,82.58,99.16,7613.0,7.11,Highly Active,5.0
4644.0,91.72,96.75,1086.0,6.29,Sedentary,2.0
1874.0,60.46,97.31,1621.0,9.41,Highly Active,3.0
1821.0,69.18,99.26,3411.0,6.49,Sedentary,6.0
3135.0,55.69,96.79,37775.0,4.91,Sedentary,5.0
4907.0,81.74,93.63,7815.0,6.45,Sedentary,5.0
4035.0,93.43,98.71,4089.0,4.48,Sedentary,5.0
4278.0,66.83,96.64,4641.0,4.65,Highly Active,8.0
4200.0,85.83,97.34,17876.0,6.86,Sedentary,7.0
1822.0,63.46,99.11,1531.0,4.51,Sedentary,4.0
4074.0,84.68,96.0,2709.0,5.58,Highly Active,6.0
1973.0,41.49,98.69,3244.0,4.75,Sedentary,1.0
3981.0,97.84,98.09,15954.0,6.71,Sedentary,9.0
2777.0,58.65,97.92,10497.0,5.43,Sedentary,9.0
1120.0,77.53,97.48,6255.0,7.3,Active,5.0
2637.0,77.53,99.27,1581.0,4.54,Highly Active,8.0
4109.0,101.39,94.54,2811.0,7.88,Active,7.0
2364.0,106.55,99.54,18560.0,6.24,Sedentary,3.0
2007.0,85.33,97.3,16873.0,4.66,Active,6.0
1924.0,75.25,94.59,3837.0,7.06,Sedentary,3.0
1644.0,72.23,97.58,2757.0,9.14,Sedentary,8.0
3032.0,83.61,95.96,15115.0,6.21,Highly Active,7.0
3761.0,86.19,100.0,4137.0,4.03,Sedentary,2.0
3907.0,44.8,95.12,276.0,7.88,Sedentary,10.0
3068.0,70.73,98.4,2970.0,8.86,Active,4.0
1241.0,66.23,98.46,6543.0,8.86,Sedentary,5.0
3502.0,64.06,98.77,20251.0,5.31,Active,6.0
4010.0,64.35,99.3,3869.0,6.55,Active,5.0
3668.0,55.59,96.99,1922.0,3.6,Sedentary,10.0
3350.0,98.25,95.67,3397.0,9.62,Active,4.0
2619.0,66.19,93.78,411.0,6.42,Highly Active,3.0
4666.0,72.83,98.31,16037.0,6.56,Active,2.0
1802.0,70.31,96.91,238.0,7.04,Highly Active,10.0
1963.0,70.31,100.0,7.0,6.11,Sedentary,1.0
1068.0,81.25,99.25,6666.0,5.73,Highly Active,8.0
2152.0,70.32,100.0,1171.0,5.09,Highly Active,4.0
1195.0,84.08,95.04,2458.0,4.73,Highly Active,9.0
3187.0,98.55,96.07,4727.0,7.11,Highly Active,1.0
4515.0,58.5,98.89,10995.0,8.53,Highly Active,5.0
3330.0,79.84,100.0,3432.0,7.92,Sedentary,2.0
3359.0,79.4,100.0,22043.0,6.07,Active,2.0
1745.0,57.37,98.86,4226.0,6.21,Sedentary,10.0
4606.0,84.69,98.06,17679.0,8.93,Sedentary,6.0
2688.0,71.07,99.71,4215.0,5.3,Highly Active,9.0
4086.0,98.69,96.76,5082.0,4.0,Highly Active,5.0
1060.0,89.99,96.42,22203.0,6.88,Highly Active,8.0
4390.0,74.99,99.15,7865.0,7.78,Highly Active,8.0
2913.0,71.75,99.41,1132.0,2.77,Highly Active,5.0
3099.0,100.99,97.92,6389.0,7.1,Active,1.0
4927.0,66.31,96.32,1786.0,4.81,Active,7.0
3200.0,78.97,100.0,2594.0,4.37,Highly Active,7.0
2772.0,74.02,95.33,12748.0,6.07,Highly Active,2.0
2334.0,92.92,98.22,8023.0,4.77,Active,7.0
2837.0,94.08,98.79,2367.0,3.84,Sedentary,9.0
3591.0,83.14,96.78,33.0,6.66,Highly Active,5.0
1566.0,67.08,100.0,5303.0,6.43,Active,6.0
4935.0,72.65,97.84,2015.0,3.92,Active,4.0
4460.0,56.55,97.1,201.0,4.39,Active,2.0
2571.0,78.73,97.1,458.0,7.2,Active,7.0
1621.0,62.9,100.0,7830.0,7.29,Sedentary,6.0
3025.0,108.58,97.7,3744.0,2.53,Highly Active,5.0
2200.0,66.79,94.85,2131.0,4.6,Highly Active,4.0
4433.0,90.39,96.06,14824.0,6.38,Active,10.0
1313.0,97.93,100.0,12204.0,7.13,Highly Active,6.0
3854.0,87.43,95.97,4394.0,7.12,Active,4.0
3895.0,67.4,98.78,2257.0,7.4,Highly Active,8.0
3144.0,66.33,99.2,4953.0,5.42,Highly Active,5.0
2236.0,104.61,96.55,76.0,5.91,Active,6.0
3876.0,79.55,98.44,6637.0,5.66,Highly Active,6.0
1136.0,69.92,99.12,8668.0,4.23,Sedentary,3.0
2029.0,61.95,94.8,11880.0,6.95,Sedentary,9.0
4058.0,65.7,93.62,1709.0,4.03,Active,5.0
3156.0,85.65,100.0,1592.0,4.74,Active,7.0
3594.0,109.69,99.16,1701.0,7.53,Highly Active,8.0
4110.0,73.22,98.64,18760.0,6.25,Highly Active,7.0
1661.0,92.98,96.49,1064.0,8.08,Highly Active,4.0
3472.0,88.48,100.0,10127.0,6.0,Sedentary,9.0
3677.0,70.61,100.0,30267.0,5.67,Active,3.0
3308.0,89.99,98.12,20469.0,8.22,Sedentary,3.0
4497.0,90.45,97.41,3692.0,5.9,Sedentary,10.0
1086.0,88.75,98.77,12800.0,6.92,Sedentary,6.0
3512.0,68.81,98.53,7764.0,6.26,Sedentary,7.0
3123.0,85.76,98.53,14199.0,6.68,Highly Active,7.0
3518.0,92.84,94.83,1230.0,6.17,Active,9.0
3461.0,89.34,98.48,10135.0,6.17,Active,6.0
3872.0,91.17,97.68,6183.0,6.6,Sedentary,10.0
3942.0,71.95,99.41,5437.0,6.0,Highly Active,1.0
3773.0,91.09,100.0,9137.0,6.88,Highly Active,2.0
3504.0,94.35,95.49,2232.0,4.18,Highly Active,4.0
2308.0,68.15,98.93,543.0,8.02,Highly Active,7.0
4310.0,54.24,95.13,4882.0,4.24,Active,9.0
2700.0,99.53,100.0,2518.0,5.5,Active,9.0
4670.0,68.06,96.03,2074.0,5.82,Highly Active,3.0
3700.0,63.86,96.55,45621.0,6.87,Active,3.0
3719.0,78.18,96.84,1543.0,8.93,Sedentary,1.0
4629.0,70.95,98.56,1880.0,8.05,Active,6.0
4443.0,46.11,98.59,2844.0,4.29,Sedentary,10.0
1494.0,88.38,99.2,4810.0,5.17,Highly Active,10.0
2647.0,88.0,100.0,14234.0,4.4,Sedentary,7.0
2519.0,59.53,97.42,1358.0,4.55,Active,10.0
2068.0,74.62,96.67,6699.0,5.61,Active,9.0
2424.0,59.74,96.12,3218.0,8.46,Active,6.0
4318.0,62.12,98.29,11159.0,6.13,Active,3.0
4687.0,65.97,97.99,6447.0,6.33,Highly Active,10.0
1596.0,65.97,95.23,11096.0,6.84,Sedentary,6.0
1449.0,105.17,99.44,13522.0,5.09,Highly Active,8.0
1484.0,68.8,97.14,17023.0,6.39,Sedentary,8.0
1645.0,87.58,100.0,38106.0,6.87,Sedentary,1.0
3667.0,86.96,97.68,6752.0,10.19,Sedentary,10.0
4089.0,43.05,97.68,7104.0,7.89,Highly Active,9.0
2629.0,54.22,98.55,1060.0,8.97,Sedentary,4.0
1661.0,105.69,100.0,777.0,6.54,Active,8.0
1757.0,67.41,98.84,4681.0,7.29,Highly Active,9.0
4485.0,80.05,96.45,1997.0,3.82,Active,1.0
1720.0,43.08,99.28,2774.0,2.81,Active,4.0
1637.0,64.77,100.0,8431.0,4.81,Active,6.0
3282.0,85.9,98.7,1665.0,8.37,Active,8.0
3463.0,60.93,100.0,5158.0,5.91,Highly Active,3.0
3985.0,69.33,98.21,5415.0,7.67,Active,3.0
1498.0,56.94,100.0,17418.0,8.46,Sedentary,2.0
4021.0,62.39,99.39,3602.0,4.58,Active,2.0
1633.0,67.1,97.4,1655.0,8.71,Active,6.0
2673.0,47.11,97.27,1337.0,4.76,Sedentary,1.0
3030.0,92.57,99.18,2429.0,6.19,Active,5.0
4067.0,54.17,97.24,2289.0,4.88,Highly Active,5.0
1114.0,72.41,98.45,9710.0,6.86,Sedentary,9.0
3979.0,63.83,98.05,6305.0,6.26,Active,10.0
1673.0,91.15,96.26,8029.0,7.7,Active,2.0
2736.0,56.51,97.86,6965.0,8.0,Highly Active,9.0
2257.0,63.27,97.0,4594.0,8.87,Highly Active,2.0
4611.0,54.94,98.54,18445.0,6.5,Active,2.0
4082.0,40.0,98.4,11904.0,6.5,Sedentary,9.0
3253.0,82.64,97.48,1657.0,5.83,Sedentary,6.0
4750.0,75.48,97.7,3857.0,6.23,Active,6.0
3294.0,78.29,97.7,2377.0,6.97,Highly Active,4.0
4630.0,87.16,99.53,9584.0,4.64,Active,6.0
3805.0,76.62,97.02,2956.0,8.18,Sedentary,10.0
4198.0,68.34,100.0,7156.0,6.3,Sedentary,4.0
1146.0,78.89,94.25,2419.0,6.79,Sedentary,10.0
3165.0,67.4,99.52,1318.0,4.22,Active,4.0
4982.0,91.69,97.37,1318.0,5.95,Active,8.0
4453.0,69.57,100.0,36579.0,7.79,Active,7.0
1411.0,73.21,100.0,1735.0,7.13,Active,6.0
2687.0,84.55,100.0,12497.0,7.74,Active,6.0
4655.0,110.04,99.91,12085.0,5.99,Highly Active,10.0
3410.0,59.67,96.45,1884.0,6.69,Highly Active,4.0
2532.0,56.72,99.92,3761.0,6.34,Highly Active,10.0
1136.0,71.32,98.47,12660.0,7.5,Highly Active,3.0
4246.0,63.78,96.57,8194.0,6.89,Highly Active,1.0
4360.0,85.5,99.84,3233.0,5.93,Sedentary,7.0
4005.0,77.96,98.15,20851.0,2.66,Active,6.0
4552.0,58.21,100.0,2933.0,6.76,Active,2.0
1018.0,86.24,98.84,2933.0,3.98,Highly Active,9.0
3242.0,102.72,97.57,1111.0,7.53,Sedentary,4.0
3377.0,63.01,93.86,8459.0,7.75,Active,5.0
2959.0,79.88,93.91,206.0,3.07,Highly Active,2.0
3222.0,42.08,97.2,13088.0,6.95,Active,5.0
2001.0,69.48,99.45,2539.0,6.91,Highly Active,3.0
1448.0,79.64,100.0,3232.0,7.06,Active,8.0
2948.0,72.88,99.92,11330.0,4.65,Active,3.0
1945.0,76.69,94.14,11781.0,7.22,Active,2.0
2377.0,63.33,96.66,3576.0,4.61,Active,3.0
2522.0,63.33,96.3,5649.0,7.54,Sedentary,9.0
1140.0,68.84,99.72,7959.0,7.15,Highly Active,8.0
3805.0,56.56,97.35,8167.0,6.01,Sedentary,2.0
2920.0,74.42,100.0,5346.0,6.5,Highly Active,3.0
3977.0,88.84,98.09,13010.0,5.08,Highly Active,5.0
1092.0,83.32,97.35,12891.0,5.66,Highly Active,7.0
1238.0,67.23,97.7,13224.0,8.25,Active,1.0
1204.0,101.6,95.23,2186.0,8.19,Active,4.0
3607.0,73.88,96.96,2079.0,4.85,Highly Active,10.0
2456.0,49.31,99.03,1054.0,5.57,Active,5.0
1244.0,83.92,97.74,12257.0,5.67,Sedentary,10.0
1831.0,72.94,97.74,438.0,6.59,Highly Active,9.0
4388.0,73.89,97.74,1018.0,6.3,Highly Active,3.0
3972.0,73.89,95.28,18246.0,8.44,Sedentary,6.0
1294.0,71.08,95.83,936.0,8.8,Active,9.0
3687.0,70.65,99.83,905.0,9.2,Sedentary,3.0
1855.0,56.2,95.57,16787.0,9.74,Sedentary,10.0
4353.0,67.06,97.05,2598.0,4.13,Highly Active,3.0
3064.0,78.67,95.54,14925.0,6.22,Sedentary,7.0
1070.0,66.18,98.71,3320.0,5.46,Highly Active,8.0
2292.0,49.96,99.38,3275.0,5.15,Active,4.0
2348.0,84.77,99.18,1017.0,8.61,Sedentary,2.0
4865.0,85.39,97.83,17561.0,7.13,Sedentary,7.0
1304.0,85.5,98.42,10039.0,4.12,Highly Active,6.0
4522.0,61.12,99.87,1790.0,10.39,Sedentary,1.0
2030.0,61.12,97.29,9108.0,3.78,Sedentary,2.0
2337.0,78.59,97.64,766.0,5.97,Sedentary,7.0
1816.0,83.92,100.0,5194.0,6.63,Sedentary,9.0
2126.0,84.25,97.81,2054.0,4.8,Sedentary,6.0
1820.0,53.81,98.15,13307.0,7.33,Active,8.0
1192.0,100.83,100.0,5010.0,5.57,Active,5.0
2776.0,56.87,97.25,17787.0,7.73,Sedentary,7.0
4645.0,50.53,99.58,6159.0,7.1,Active,6.0
1528.0,40.0,99.38,4908.0,2.74,Active,2.0
3218.0,256.01,98.45,8288.0,4.17,Highly Active,10.0
4608.0,96.73,98.29,10726.0,7.77,Highly Active,6.0
1250.0,65.51,94.99,108.0,7.11,Active,10.0
2788.0,48.48,100.0,5171.0,4.96,Active,7.0
4458.0,88.12,97.58,10464.0,5.5,Sedentary,4.0
4278.0,88.12,99.25,3664.0,6.37,Highly Active,3.0
3588.0,84.28,99.98,323.0,3.46,Sedentary,10.0
4700.0,84.28,98.73,124.0,9.91,Sedentary,9.0
3026.0,68.41,100.0,11054.0,5.03,Sedentary,6.0
3463.0,79.79,99.83,1545.0,6.55,Active,10.0
3841.0,79.9,94.33,1346.0,9.01,Sedentary,2.0
2403.0,76.6,97.96,2393.0,6.22,Highly Active,9.0
2167.0,97.05,93.74,754.0,6.98,Highly Active,3.0
3072.0,100.71,97.43,383.0,5.06,Active,10.0
4893.0,101.88,96.28,14404.0,5.68,Sedentary,4.0
3715.0,72.36,96.13,2525.0,5.11,Highly Active,5.0
2096.0,76.59,98.31,6112.0,8.42,Active,1.0
3679.0,95.67,99.31,13654.0,5.5,Active,4.0
2847.0,65.22,94.75,26547.0,5.39,Sedentary,8.0
4904.0,68.55,100.0,8164.0,5.21,Sedentary,5.0
4164.0,75.31,98.91,20993.0,7.07,Active,3.0
1504.0,74.71,97.87,3856.0,7.37,Highly Active,7.0
2621.0,70.7,97.83,10909.0,3.5,Sedentary,1.0
3383.0,60.98,94.55,19420.0,6.6,Highly Active,3.0
3472.0,87.81,96.68,382.0,6.95,Active,5.0
3546.0,69.19,95.87,2673.0,8.61,Sedentary,9.0
2387.0,77.35,96.6,9436.0,4.66,Active,5.0
3994.0,74.89,99.23,2651.0,4.82,Active,4.0
3677.0,85.13,96.39,120.0,7.46,Sedentary,8.0
4816.0,81.84,98.77,11516.0,6.41,Active,4.0
2222.0,71.17,99.2,1260.0,8.57,Highly Active,5.0
1717.0,68.78,98.44,2709.0,8.15,Active,5.0
4484.0,73.34,100.0,16901.0,6.92,Sedentary,3.0
1338.0,58.35,98.58,1640.0,6.4,Active,9.0
1658.0,62.94,100.0,15761.0,6.26,Active,1.0
1961.0,82.96,100.0,3844.0,6.26,Highly Active,7.0
1428.0,79.49,97.73,17519.0,6.59,Active,8.0
4854.0,60.51,100.0,14661.0,8.63,Highly Active,9.0
1898.0,73.2,100.0,3756.0,3.44,Highly Active,5.0
1138.0,51.55,95.95,17846.0,5.87,Sedentary,10.0
4764.0,77.03,100.0,7011.0,6.81,Active,5.0
3989.0,69.96,96.69,4519.0,5.6,Active,1.0
1541.0,106.43,99.05,5295.0,6.07,Highly Active,8.0
3104.0,83.81,100.0,458.0,5.84,Sedentary,6.0
2255.0,60.7,99.73,11537.0,8.45,Sedentary,1.0
3482.0,84.57,96.32,2205.0,5.42,Active,5.0
1383.0,88.19,95.88,8797.0,7.67,Highly Active,5.0
3607.0,88.19,100.0,3243.0,5.7,Highly Active,6.0
1193.0,92.35,99.82,5053.0,6.25,Highly Active,5.0
4807.0,82.16,99.82,3832.0,4.84,Active,9.0
4719.0,96.35,94.5,4917.0,5.89,Active,7.0
3581.0,76.12,99.53,1759.0,6.45,Highly Active,9.0
3565.0,75.45,96.69,15136.0,4.6,Sedentary,3.0
3763.0,56.81,95.77,6594.0,6.35,Highly Active,10.0
3798.0,97.63,95.34,1863.0,7.27,Sedentary,9.0
3232.0,76.99,98.15,672.0,3.51,Highly Active,10.0
2895.0,73.52,97.51,5367.0,5.52,Sedentary,7.0
3339.0,63.09,99.05,4419.0,10.33,Highly Active,1.0
4406.0,93.38,98.23,18868.0,6.19,Active,9.0
1731.0,89.8,99.35,1836.0,8.21,Sedentary,8.0
3163.0,61.47,97.7,14936.0,6.46,Highly Active,5.0
3872.0,82.66,96.41,10182.0,6.01,Highly Active,1.0
4120.0,86.94,99.96,4531.0,7.9,Sedentary,7.0
1684.0,56.31,99.13,14488.0,8.3,Sedentary,3.0
1081.0,84.62,97.99,13857.0,5.16,Active,5.0
3881.0,81.61,98.04,8773.0,4.85,Sedentary,1.0
3380.0,84.35,97.16,750.0,4.45,Active,5.0
3604.0,104.8,99.27,1222.0,5.18,Active,1.0
3382.0,119.42,99.26,6269.0,8.2,Active,1.0
1531.0,93.54,96.01,1971.0,6.55,Highly Active,2.0
2983.0,78.91,100.0,5608.0,8.28,Sedentary,5.0
1220.0,84.57,97.63,5759.0,4.95,Active,4.0
1634.0,81.51,97.19,6192.0,5.0,Sedentary,3.0
2769.0,110.28,100.0,5905.0,5.91,Highly Active,9.0
4804.0,77.06,99.35,3338.0,6.95,Highly Active,1.0
3370.0,68.79,99.1,1652.0,6.29,Active,5.0
2874.0,83.23,99.1,5117.0,7.55,Active,1.0
1002.0,106.32,100.0,4785.0,7.12,Highly Active,8.0
2717.0,60.47,95.84,2253.0,7.23,Sedentary,3.0
1205.0,64.92,96.79,368.0,7.53,Highly Active,3.0
2855.0,64.09,100.0,1611.0,6.5,Active,3.0
1039.0,57.04,96.58,5602.0,2.81,Sedentary,6.0
3106.0,60.73,95.83,5369.0,6.48,Active,3.0
3998.0,89.11,98.8,1004.0,7.76,Active,7.0
3621.0,78.3,97.15,6521.0,10.29,Highly Active,9.0
1643.0,55.59,99.23,3845.0,6.35,Highly Active,8.0
2530.0,85.29,97.68,7423.0,3.2,Sedentary,2.0
4643.0,80.18,97.13,15325.0,8.64,Sedentary,9.0
2907.0,89.27,96.06,2583.0,4.67,Active,3.0
3890.0,65.94,99.01,2987.0,7.19,Sedentary,10.0
4193.0,56.59,97.55,7907.0,7.31,Sedentary,3.0
4550.0,85.2,98.34,20853.0,6.69,Active,4.0
3666.0,87.38,96.4,4660.0,3.3,Sedentary,8.0
3143.0,58.43,98.88,1298.0,5.96,Sedentary,9.0
4930.0,78.57,97.97,19134.0,4.15,Highly Active,3.0
4485.0,65.76,97.84,4441.0,7.18,Sedentary,6.0
4306.0,89.57,98.99,4322.0,5.17,Active,4.0
1897.0,84.93,93.85,5433.0,3.31,Active,6.0
2085.0,93.28,95.9,2037.0,7.57,Sedentary,6.0
2279.0,62.38,97.63,10750.0,4.6,Sedentary,5.0
3608.0,64.65,98.27,7172.0,6.5,Sedentary,9.0
3952.0,69.44,98.7,21688.0,5.39,Sedentary,3.0
3395.0,67.05,96.68,1596.0,7.8,Active,5.0
1670.0,80.53,98.62,6757.0,7.74,Highly Active,5.0
4195.0,80.53,97.2,5089.0,6.86,Sedentary,4.0
2505.0,97.82,96.47,15760.0,6.34,Highly Active,5.0
3364.0,101.16,99.15,216.0,5.84,Sedentary,3.0
4575.0,91.64,99.51,10013.0,4.69,Highly Active,6.0
1718.0,82.5,99.34,6830.0,5.62,Sedentary,4.0
2463.0,73.15,99.34,6547.0,7.22,Sedentary,10.0
4480.0,77.83,98.69,14574.0,9.43,Sedentary,5.0
2955.0,63.66,98.69,6238.0,7.36,Sedentary,4.0
2159.0,63.66,99.84,8810.0,7.57,Active,3.0
4272.0,80.03,100.0,7263.0,6.34,Active,2.0
1249.0,62.62,100.0,504.0,7.29,Sedentary,2.0
3361.0,99.32,95.18,838.0,3.28,Active,4.0
2892.0,73.74,97.03,2893.0,5.42,Active,7.0
4500.0,71.92,94.82,188.0,7.58,Active,9.0
2853.0,65.96,97.14,188.0,5.68,Highly Active,9.0
3854.0,62.4,100.0,1588.0,4.54,Highly Active,9.0
2503.0,98.57,95.66,5739.0,6.39,Highly Active,4.0
4385.0,75.15,96.43,1572.0,5.85,Active,6.0
4571.0,90.45,97.8,1355.0,7.91,Active,1.0
4792.0,81.17,95.31,2847.0,7.55,Active,10.0
4426.0,82.15,99.7,17813.0,8.82,Sedentary,10.0
3532.0,74.79,99.06,1901.0,8.17,Highly Active,6.0
2234.0,68.52,100.0,348.0,6.09,Active,8.0
4775.0,94.5,94.81,14974.0,7.02,Active,4.0
1043.0,84.81,99.05,4045.0,9.55,Sedentary,4.0
4612.0,72.29,97.95,6793.0,5.9,Highly Active,9.0
1582.0,97.65,100.0,9864.0,6.49,Active,1.0
4163.0,80.49,96.02,11145.0,6.52,Active,2.0
2288.0,98.27,98.88,4579.0,5.19,Active,6.0
3942.0,67.84,97.31,8139.0,8.46,Highly Active,1.0
1219.0,67.84,99.16,23224.0,5.12,Active,1.0
2925.0,69.86,96.92,15438.0,6.5,Active,4.0
3972.0,75.62,99.75,6635.0,8.96,Highly Active,4.0
4513.0,98.33,100.0,625.0,6.88,Highly Active,6.0
4471.0,80.76,94.74,1789.0,5.33,Active,2.0
3774.0,91.51,95.56,3132.0,6.61,Active,10.0
1990.0,82.01,100.0,1059.0,8.12,Highly Active,10.0
3946.0,67.6,99.16,1276.0,5.47,Active,10.0
2812.0,55.82,97.61,11120.0,5.47,Active,7.0
4647.0,93.28,100.0,961.0,8.04,Sedentary,1.0
1857.0,59.21,97.4,1470.0,6.34,Active,5.0
1803.0,69.32,99.79,1317.0,7.69,Highly Active,5.0
1489.0,69.32,94.19,3236.0,5.13,Sedentary,1.0
4556.0,93.95,97.17,8305.0,6.35,Active,10.0
2780.0,89.97,96.32,7227.0,9.83,Highly Active,7.0
2493.0,77.23,95.16,9029.0,8.29,Highly Active,2.0
4645.0,93.19,96.61,9083.0,7.25,Sedentary,1.0
3985.0,96.49,97.67,21.0,6.6,Sedentary,10.0
3891.0,67.85,96.81,8076.0,6.39,Sedentary,7.0
2705.0,69.1,98.98,8077.0,6.46,Highly Active,9.0
4516.0,86.24,98.2,449.0,5.34,Sedentary,10.0
4340.0,100.45,96.99,3900.0,7.48,Active,1.0
3314.0,64.58,100.0,573.0,8.07,Active,7.0
1053.0,47.37,99.5,1482.0,6.12,Sedentary,4.0
3575.0,84.74,98.73,4710.0,7.2,Active,8.0
4591.0,95.47,95.54,85.0,5.41,Active,8.0
1615.0,76.94,98.66,699.0,6.4,Highly Active,9.0
2082.0,76.94,99.25,621.0,5.23,Sedentary,5.0
2848.0,76.94,99.68,931.0,6.16,Active,5.0
4111.0,63.87,97.12,357.0,6.5,Sedentary,7.0
4308.0,63.66,100.0,6629.0,7.41,Highly Active,3.0
1954.0,76.31,100.0,1377.0,5.58,Active,8.0
3433.0,76.65,100.0,13894.0,7.21,Highly Active,9.0
2629.0,76.65,95.38,15128.0,5.07,Active,10.0
3781.0,91.85,97.22,8222.0,6.98,Highly Active,1.0
3763.0,79.02,95.35,470.0,9.82,Sedentary,8.0
1649.0,59.48,96.38,15554.0,5.94,Active,10.0
3347.0,84.21,95.23,3797.0,4.5,Active,2.0
1394.0,68.69,95.86,1399.0,7.84,Active,2.0
4278.0,76.52,99.29,10560.0,6.93,Active,3.0
2359.0,88.31,97.13,2980.0,7.19,Highly Active,1.0
3640.0,89.99,95.69,4938.0,8.41,Highly Active,3.0
4801.0,88.75,100.0,9512.0,5.43,Active,6.0
3561.0,75.75,98.72,746.0,5.48,Highly Active,6.0
4249.0,60.38,95.82,1301.0,7.32,Sedentary,4.0
3443.0,70.22,97.5,24218.0,8.06,Highly Active,3.0
1370.0,75.35,98.38,8751.0,6.86,Sedentary,6.0
1857.0,98.19,97.4,1840.0,6.39,Active,7.0
1790.0,67.11,96.95,5970.0,6.98,Active,9.0
1657.0,78.03,96.79,1458.0,7.6,Sedentary,2.0
4389.0,56.51,99.43,14041.0,4.33,Sedentary,3.0
3783.0,80.11,99.28,4167.0,5.01,Highly Active,4.0
2392.0,74.32,95.98,11511.0,6.37,Active,8.0
2229.0,73.06,94.53,25008.0,7.54,Highly Active,10.0
3109.0,87.7,96.25,27697.0,9.76,Active,2.0
4877.0,64.71,100.0,1036.0,6.33,Active,4.0
3552.0,96.01,97.42,20278.0,6.87,Highly Active,2.0
1238.0,63.61,97.31,2206.0,5.5,Sedentary,5.0
1194.0,95.49,98.98,3120.0,7.49,Active,9.0
3725.0,51.06,95.49,455.0,4.85,Highly Active,6.0
4293.0,79.59,98.37,7261.0,6.5,Active,5.0
3108.0,84.15,97.24,7232.0,5.07,Sedentary,6.0
2152.0,69.6,96.97,10505.0,3.33,Highly Active,3.0
4037.0,69.6,96.97,20465.0,10.54,Sedentary,3.0
3732.0,69.55,100.0,3912.0,7.7,Sedentary,6.0
3015.0,81.72,98.31,3663.0,7.71,Highly Active,2.0
1155.0,78.76,98.98,7134.0,7.86,Highly Active,9.0
4988.0,108.25,97.31,7706.0,8.64,Sedentary,8.0
4449.0,54.32,99.75,4125.0,6.74,Sedentary,8.0
4693.0,78.01,100.0,17622.0,7.8,Active,1.0
4852.0,68.69,97.84,375.0,5.75,Active,9.0
1922.0,76.87,95.79,9886.0,6.24,Sedentary,3.0
3915.0,72.96,99.25,1632.0,4.2,Sedentary,3.0
3950.0,69.77,94.82,4787.0,6.8,Active,7.0
4861.0,67.15,97.04,13350.0,5.71,Highly Active,5.0
2609.0,85.72,98.38,2799.0,6.3,Sedentary,9.0
4508.0,74.67,100.0,4194.0,6.95,Sedentary,10.0
1974.0,77.79,98.87,8492.0,8.05,Highly Active,10.0
2230.0,64.13,99.0,8978.0,5.61,Highly Active,9.0
3435.0,84.14,98.71,2115.0,7.07,Sedentary,2.0
4551.0,60.62,97.87,16164.0,7.07,Sedentary,9.0
2814.0,82.4,98.95,932.0,6.24,Highly Active,4.0
3934.0,81.03,98.18,6242.0,6.04,Highly Active,4.0
1837.0,73.0,96.66,18516.0,4.98,Highly Active,4.0
3007.0,58.58,100.0,220.0,5.88,Sedentary,4.0
2363.0,75.1,100.0,5304.0,7.37,Active,7.0
4940.0,59.51,94.87,1981.0,5.13,Active,7.0
3387.0,73.32,93.85,1496.0,5.5,Active,4.0
1203.0,86.83,96.92,1864.0,8.37,Active,3.0
1160.0,74.77,98.56,16309.0,8.63,Sedentary,10.0
4611.0,93.81,98.67,3880.0,7.75,Active,3.0
1391.0,93.81,93.67,1883.0,9.06,Highly Active,2.0
1768.0,86.6,100.0,18375.0,8.55,Active,9.0
4748.0,85.75,98.55,2716.0,6.37,Highly Active,3.0
3622.0,96.11,98.22,8998.0,9.48,Sedentary,9.0
1902.0,55.42,99.64,5393.0,8.84,Sedentary,4.0
2093.0,67.16,99.37,7958.0,6.39,Highly Active,1.0
3940.0,75.42,100.0,1412.0,6.88,Sedentary,5.0
1404.0,87.01,96.57,7944.0,5.51,Highly Active,4.0
1607.0,77.53,99.23,16538.0,6.36,Sedentary,2.0
4746.0,74.9,100.0,745.0,4.17,Highly Active,9.0
2614.0,90.46,98.19,2767.0,5.62,Active,5.0
2540.0,69.93,97.49,25182.0,7.69,Active,9.0
3875.0,69.24,98.35,1786.0,4.96,Active,7.0
4191.0,82.81,99.27,430.0,6.03,Highly Active,4.0
2837.0,110.91,99.9,396.0,7.34,Sedentary,6.0
1689.0,74.7,94.01,2254.0,6.07,Active,9.0
4759.0,65.31,97.98,4781.0,8.23,Highly Active,3.0
3949.0,66.5,98.44,2192.0,8.3,Highly Active,4.0
2774.0,69.51,97.79,2308.0,5.57,Highly Active,7.0
3103.0,94.89,98.2,12463.0,5.84,Highly Active,1.0
1365.0,69.51,97.71,10195.0,6.57,Active,5.0
2722.0,79.57,96.83,2606.0,5.5,Active,7.0
4575.0,73.62,97.2,2961.0,8.95,Active,5.0
4815.0,55.3,96.29,24470.0,5.88,Active,6.0
4838.0,70.08,97.12,20992.0,7.87,Active,7.0
4996.0,40.0,100.0,25309.0,4.25,Active,5.0
1454.0,77.63,99.41,19601.0,5.34,Active,9.0
1103.0,82.34,97.36,6924.0,4.87,Active,10.0
1076.0,82.34,97.03,2580.0,4.63,Active,3.0
1229.0,66.87,98.26,24429.0,5.73,Active,2.0
2937.0,54.89,96.76,9506.0,7.05,Sedentary,4.0
4329.0,41.76,100.0,8695.0,8.8,Highly Active,3.0
4335.0,52.41,98.85,11183.0,6.2,Active,2.0
3378.0,52.41,95.01,6387.0,6.62,Active,7.0
2205.0,70.29,95.11,6127.0,7.01,Highly Active,5.0
1892.0,78.14,96.0,3139.0,5.41,Highly Active,8.0
4839.0,105.61,97.49,1144.0,6.46,Active,2.0
2573.0,89.98,94.84,4040.0,9.63,Highly Active,8.0
3735.0,83.09,98.55,5100.0,7.08,Active,8.0
3074.0,67.73,97.49,14715.0,9.63,Active,7.0
4347.0,98.39,96.68,3594.0,6.54,Highly Active,1.0
2675.0,93.53,98.28,15020.0,5.57,Active,2.0
1298.0,88.4,100.0,2674.0,8.07,Active,10.0
1956.0,88.4,96.57,20262.0,8.4,Active,8.0
3846.0,61.13,100.0,278.0,5.76,Sedentary,4.0
2114.0,97.76,97.23,5216.0,7.05,Highly Active,1.0
3527.0,88.06,96.81,2716.0,6.4,Active,2.0
3620.0,71.95,96.71,2441.0,6.5,Highly Active,10.0
3505.0,70.85,100.0,579.0,4.52,Sedentary,10.0
3929.0,56.68,97.94,8004.0,6.19,Highly Active,6.0
1364.0,56.68,97.24,3489.0,8.23,Sedentary,10.0
3906.0,77.56,93.03,20839.0,7.78,Active,7.0
2698.0,80.97,95.16,8724.0,5.13,Highly Active,10.0
1350.0,88.95,100.0,4095.0,4.82,Sedentary,4.0
4726.0,85.83,100.0,6909.0,5.19,Sedentary,4.0
4471.0,61.88,100.0,478.0,5.06,Active,8.0
3828.0,81.19,99.17,7679.0,3.46,Highly Active,9.0
2904.0,82.32,96.32,786.0,2.84,Highly Active,10.0
3850.0,51.15,100.0,8029.0,2.66,Active,1.0
2011.0,59.91,99.63,4497.0,4.17,Highly Active,4.0
4770.0,84.63,96.0,9001.0,11.91,Highly Active,4.0
3964.0,99.15,100.0,4182.0,9.53,Sedentary,2.0
1498.0,51.75,98.35,1869.0,6.87,Highly Active,4.0
1949.0,88.46,99.33,2480.0,5.34,Active,9.0
2994.0,80.64,95.07,9385.0,5.85,Highly Active,5.0
4997.0,59.24,95.64,515.0,6.71,Highly Active,7.0
3046.0,48.49,97.09,12864.0,9.6,Sedentary,3.0
1507.0,89.11,100.0,6109.0,5.01,Active,2.0
2327.0,60.25,95.42,9087.0,6.5,Active,5.0
3548.0,55.29,97.03,2948.0,6.65,Sedentary,6.0
3850.0,81.8,97.38,1764.0,6.37,Highly Active,3.0
3645.0,74.86,100.0,11428.0,3.49,Active,10.0
1165.0,83.62,98.62,755.0,6.09,Active,9.0
4486.0,81.46,94.89,1269.0,4.47,Highly Active,2.0
3509.0,125.18,97.21,2348.0,9.93,Active,1.0
1919.0,85.85,97.02,3029.0,7.36,Highly Active,1.0
1113.0,84.89,94.98,1594.0,8.17,Highly Active,6.0
4504.0,61.77,98.02,17063.0,5.17,Sedentary,9.0
1991.0,98.44,98.54,193.0,5.83,Highly Active,4.0
4427.0,67.42,100.0,11388.0,9.56,Active,3.0
2951.0,61.34,99.01,3706.0,8.04,Highly Active,7.0
4766.0,71.83,95.64,12660.0,7.13,Active,1.0
3254.0,81.6,97.66,11126.0,8.52,Active,3.0
4839.0,68.07,100.0,903.0,9.44,Active,9.0
2258.0,61.85,98.79,7685.0,9.44,Active,3.0
4513.0,61.53,98.94,3329.0,8.07,Active,2.0
4426.0,78.09,96.33,12043.0,8.22,Sedentary,3.0
1514.0,83.4,96.77,13328.0,6.01,Sedentary,5.0
2231.0,84.64,96.33,1467.0,6.79,Sedentary,10.0
1708.0,51.67,98.06,4559.0,7.52,Sedentary,9.0
4924.0,62.54,98.33,6317.0,7.52,Sedentary,8.0
4196.0,88.97,98.26,5498.0,7.25,Sedentary,9.0
3185.0,68.64,100.0,2030.0,6.29,Active,8.0
1338.0,78.04,98.37,2227.0,6.5,Highly Active,7.0
3584.0,114.39,94.0,13673.0,7.51,Active,10.0
3240.0,41.18,97.11,233.0,6.66,Highly Active,9.0
2596.0,73.06,97.11,2130.0,6.69,Highly Active,5.0
2564.0,85.62,96.93,1767.0,9.8,Active,2.0
1382.0,60.27,97.57,3242.0,7.04,Sedentary,9.0
1018.0,72.98,96.67,8111.0,5.29,Sedentary,4.0
3730.0,57.0,100.0,5319.0,7.53,Active,9.0
4521.0,83.67,95.32,5445.0,6.63,Active,8.0
3121.0,64.93,95.33,9199.0,8.17,Highly Active,4.0
1572.0,68.54,94.92,11705.0,5.6,Active,6.0
3986.0,88.45,99.55,1219.0,5.28,Active,4.0
4736.0,83.34,94.94,800.0,5.69,Sedentary,9.0
2299.0,89.6,99.09,800.0,3.91,Active,7.0
4119.0,101.36,97.73,12304.0,5.84,Active,9.0
3258.0,76.11,97.47,5462.0,6.5,Active,10.0
3902.0,106.75,98.8,1079.0,5.41,Highly Active,2.0
3393.0,77.91,100.0,1252.0,4.46,Sedentary,10.0
1650.0,94.76,95.56,15998.0,5.71,Highly Active,5.0
2645.0,74.57,96.57,3201.0,6.83,Active,3.0
1993.0,87.61,94.84,2063.0,5.38,Active,9.0
3742.0,68.6,98.39,8283.0,6.61,Highly Active,5.0
3587.0,95.09,98.39,13802.0,6.88,Active,9.0
4780.0,92.27,95.79,4089.0,6.5,Highly Active,7.0
4262.0,71.8,97.07,10962.0,6.37,Highly Active,6.0
2338.0,202.41,95.95,3935.0,9.15,Sedentary,1.0
1900.0,60.84,99.61,8231.0,6.76,Sedentary,9.0
4634.0,88.95,94.03,5987.0,5.31,Sedentary,4.0
2684.0,87.61,100.0,15740.0,7.63,Sedentary,7.0
3827.0,56.51,100.0,2752.0,6.41,Highly Active,3.0
2585.0,107.57,96.29,10300.0,6.61,Highly Active,2.0
2923.0,80.96,98.59,8063.0,8.02,Active,2.0
2781.0,71.52,100.0,12777.0,8.51,Highly Active,6.0
2136.0,92.98,98.47,6547.0,4.79,Sedentary,6.0
3217.0,67.17,95.97,4315.0,6.5,Highly Active,1.0
4539.0,94.6,99.88,355.0,6.4,Sedentary,5.0
4749.0,57.36,99.15,12815.0,6.41,Active,4.0
2944.0,71.67,95.89,16851.0,4.99,Sedentary,4.0
2037.0,73.69,96.2,4180.0,7.62,Sedentary,8.0
2738.0,66.84,96.2,1760.0,4.37,Active,8.0
1287.0,63.95,100.0,7292.0,7.31,Highly Active,4.0
4978.0,67.7,95.72,908.0,8.98,Active,5.0
3236.0,67.02,97.37,292.0,6.03,Active,6.0
3961.0,67.96,100.0,2398.0,8.12,Sedentary,10.0
4226.0,96.51,97.03,7974.0,6.62,Sedentary,3.0
2590.0,81.5,100.0,11782.0,4.41,Active,2.0
3741.0,81.5,97.72,1194.0,6.68,Highly Active,5.0
2745.0,86.47,100.0,20451.0,6.22,Sedentary,9.0
3935.0,73.57,100.0,5622.0,7.84,Sedentary,9.0
3518.0,63.09,98.34,18156.0,5.95,Highly Active,10.0
2098.0,50.91,97.83,1136.0,7.25,Sedentary,9.0
3324.0,89.83,96.18,4287.0,4.92,Highly Active,8.0
1939.0,41.61,94.53,3945.0,7.14,Sedentary,5.0
4716.0,52.37,97.96,3714.0,6.54,Sedentary,1.0
4414.0,82.57,98.87,18694.0,6.31,Sedentary,7.0
2448.0,74.74,99.6,13252.0,6.55,Sedentary,4.0
1570.0,96.89,100.0,11069.0,6.06,Active,1.0
4582.0,65.34,95.27,2359.0,6.71,Active,5.0
3904.0,86.54,97.72,2898.0,6.2,Sedentary,6.0
2000.0,72.35,98.94,2101.0,5.04,Sedentary,6.0
2205.0,83.24,95.99,11042.0,4.56,Highly Active,8.0
3505.0,77.55,99.14,3493.0,5.76,Highly Active,5.0
1917.0,82.56,98.6,26939.0,6.02,Highly Active,8.0
2874.0,78.22,97.23,3171.0,1.99,Highly Active,5.0
1832.0,79.4,94.97,1302.0,6.53,Active,10.0
4135.0,58.67,97.87,18600.0,9.8,Highly Active,7.0
3886.0,76.13,98.86,10686.0,7.53,Sedentary,10.0
4331.0,84.04,94.39,6127.0,6.24,Highly Active,1.0
3240.0,74.23,97.31,13685.0,5.28,Sedentary,6.0
2678.0,73.47,97.34,20893.0,3.95,Sedentary,3.0
1615.0,46.76,99.83,13832.0,7.83,Highly Active,2.0
1405.0,98.01,95.76,16442.0,7.14,Sedentary,4.0
2749.0,54.49,98.96,2215.0,6.5,Highly Active,3.0
3964.0,65.73,98.96,5006.0,7.94,Sedentary,4.0
3990.0,63.17,98.34,11103.0,7.76,Highly Active,10.0
3768.0,79.45,99.78,5226.0,5.49,Sedentary,9.0
1092.0,80.13,100.0,7187.0,6.06,Sedentary,6.0
3477.0,84.89,99.91,17934.0,6.87,Highly Active,6.0
1653.0,85.56,97.1,2450.0,7.33,Active,2.0
4505.0,100.85,99.18,5427.0,4.86,Highly Active,10.0
4475.0,70.42,100.0,5803.0,7.35,Sedentary,2.0
1433.0,62.53,96.46,3119.0,6.59,Sedentary,4.0
2135.0,71.48,99.23,3215.0,8.17,Highly Active,9.0
1374.0,58.42,98.47,10259.0,7.64,Sedentary,10.0
4130.0,69.82,99.17,18566.0,6.59,Sedentary,4.0
2066.0,51.73,95.24,7031.0,7.88,Sedentary,8.0
1206.0,62.46,97.71,4685.0,4.24,Active,1.0
1779.0,49.69,97.71,9714.0,5.94,Sedentary,6.0
2319.0,93.13,98.58,42864.0,5.04,Highly Active,3.0
2141.0,76.67,99.47,602.0,5.67,Highly Active,6.0
1531.0,103.2,94.41,7380.0,5.65,Active,3.0
4293.0,91.66,98.75,5685.0,4.61,Highly Active,9.0
3213.0,93.14,100.0,6596.0,7.93,Active,4.0
3690.0,72.9,100.0,162.0,7.63,Highly Active,9.0
4227.0,82.35,100.0,21813.0,5.59,Sedentary,9.0
4255.0,61.55,99.69,625.0,3.03,Sedentary,4.0
1089.0,67.01,100.0,2572.0,5.74,Active,5.0
2117.0,75.21,97.25,2480.0,6.43,Sedentary,4.0
1012.0,48.91,97.91,9247.0,8.54,Active,9.0
4020.0,48.91,94.98,7781.0,6.5,Sedentary,5.0
2857.0,86.89,97.0,446.0,7.97,Highly Active,7.0
2493.0,67.65,99.79,1135.0,5.74,Highly Active,4.0
1944.0,63.96,99.09,2687.0,7.35,Sedentary,7.0
3789.0,69.23,92.87,8524.0,7.71,Active,6.0
2857.0,86.22,98.2,18539.0,7.37,Highly Active,9.0
4875.0,80.41,97.08,18539.0,5.06,Highly Active,8.0
4509.0,71.62,97.49,5220.0,5.95,Highly Active,7.0
4609.0,75.26,100.0,3263.0,7.38,Highly Active,4.0
2610.0,87.86,95.88,6029.0,4.13,Active,4.0
3923.0,94.61,96.16,6922.0,7.68,Active,2.0
2959.0,67.88,100.0,5113.0,7.68,Active,8.0
4882.0,73.76,97.65,3449.0,4.47,Sedentary,2.0
4221.0,93.67,100.0,14829.0,5.7,Sedentary,4.0
3707.0,82.84,98.35,11334.0,5.47,Highly Active,1.0
4079.0,53.96,98.2,45089.0,6.77,Active,3.0
2052.0,61.6,96.25,3725.0,6.9,Active,4.0
1295.0,62.07,100.0,277.0,6.61,Highly Active,3.0
4033.0,68.76,99.6,7376.0,5.03,Active,4.0
1925.0,80.55,97.19,10709.0,8.31,Active,1.0
4792.0,103.28,98.02,19328.0,6.6,Active,2.0
2631.0,73.76,99.25,73.0,7.9,Highly Active,10.0
3387.0,84.89,96.34,14818.0,3.06,Highly Active,6.0
1627.0,92.01,94.67,5090.0,7.3,Active,3.0
3486.0,97.3,94.67,3288.0,5.64,Highly Active,2.0
2167.0,92.02,96.48,1757.0,7.64,Highly Active,9.0
1941.0,63.8,99.77,11779.0,9.18,Sedentary,7.0
2608.0,53.24,97.44,3165.0,4.75,Sedentary,3.0
2770.0,65.57,95.37,6494.0,7.79,Active,1.0
3566.0,77.53,98.38,5017.0,5.6,Active,2.0
1975.0,63.85,95.51,2138.0,3.69,Highly Active,8.0
4116.0,50.62,98.91,10851.0,7.89,Active,6.0
1954.0,56.77,93.79,2478.0,9.23,Highly Active,9.0
2262.0,120.1,98.05,10836.0,6.5,Active,9.0
1951.0,71.71,98.81,3688.0,6.95,Sedentary,10.0
1943.0,102.0,95.6,214.0,4.33,Active,6.0
2204.0,86.89,94.91,16067.0,6.34,Active,1.0
4286.0,72.85,98.61,893.0,8.14,Sedentary,7.0
3135.0,75.11,94.83,6160.0,6.46,Sedentary,7.0
4327.0,86.68,95.85,521.0,3.39,Active,2.0
2534.0,68.96,98.66,12399.0,7.45,Active,5.0
2096.0,57.09,98.96,12399.0,6.61,Active,5.0
3978.0,62.92,98.3,4782.0,7.86,Active,6.0
1178.0,62.84,99.48,2632.0,6.87,Sedentary,3.0
3259.0,76.26,95.48,13084.0,7.53,Sedentary,3.0
2828.0,46.56,94.95,5149.0,6.52,Sedentary,8.0
2257.0,79.58,99.28,4172.0,6.93,Sedentary,9.0
1464.0,93.99,94.5,1810.0,5.12,Sedentary,1.0
2774.0,67.38,95.57,6700.0,7.03,Active,3.0
4294.0,65.18,97.75,6525.0,6.22,Active,10.0
3678.0,104.51,98.6,2135.0,7.23,Active,1.0
3872.0,97.08,98.57,1663.0,4.73,Sedentary,6.0
4335.0,81.41,95.33,4041.0,8.6,Highly Active,7.0
2230.0,63.79,98.04,4195.0,6.87,Sedentary,10.0
1884.0,59.87,98.72,2261.0,6.51,Sedentary,8.0
4805.0,55.16,98.31,1223.0,7.4,Highly Active,8.0
3413.0,81.78,99.74,16220.0,3.13,Highly Active,2.0
3323.0,67.83,97.53,541.0,6.34,Highly Active,3.0
3427.0,44.65,97.07,14770.0,5.31,Sedentary,1.0
4814.0,83.8,100.0,5254.0,5.96,Active,1.0
2332.0,83.8,94.31,7662.0,8.02,Highly Active,4.0
2654.0,84.89,100.0,17970.0,4.1,Sedentary,7.0
4339.0,67.52,97.56,3183.0,7.61,Highly Active,5.0
1944.0,67.52,95.24,8489.0,7.19,Sedentary,6.0
4856.0,77.2,96.77,7797.0,8.42,Highly Active,9.0
4135.0,65.15,99.62,31165.0,3.39,Highly Active,6.0
3857.0,61.48,99.56,330.0,7.38,Sedentary,5.0
4421.0,45.8,100.0,4254.0,6.88,Active,4.0
1924.0,103.16,98.33,31931.0,6.42,Highly Active,5.0
2938.0,58.54,98.56,2781.0,8.67,Highly Active,4.0
1493.0,47.68,99.78,23601.0,3.34,Sedentary,6.0
2546.0,100.42,94.01,11877.0,6.69,Highly Active,6.0
4169.0,75.47,97.75,2901.0,8.03,Sedentary,3.0
2969.0,73.14,98.37,207.0,4.06,Active,9.0
2094.0,73.14,94.96,2303.0,7.39,Sedentary,10.0
3411.0,81.54,97.72,924.0,6.99,Highly Active,7.0
3617.0,78.2,96.71,3916.0,3.31,Highly Active,8.0
2825.0,52.4,97.76,19638.0,8.15,Sedentary,8.0
1762.0,51.24,100.0,5031.0,5.16,Active,9.0
3323.0,64.07,100.0,4153.0,8.87,Sedentary,10.0
1049.0,64.07,97.77,1701.0,7.36,Sedentary,10.0
4429.0,69.6,99.0,6800.0,6.95,Sedentary,10.0
3775.0,78.43,100.0,4254.0,8.02,Highly Active,6.0
1905.0,70.81,98.78,10371.0,7.84,Highly Active,9.0
3975.0,64.79,94.94,5081.0,3.56,Highly Active,1.0
1563.0,80.92,98.06,15236.0,3.94,Highly Active,8.0
1782.0,85.71,96.81,10695.0,6.28,Active,10.0
3532.0,62.87,99.63,1097.0,4.89,Sedentary,3.0
4155.0,54.48,96.75,1023.0,6.5,Highly Active,6.0
4970.0,77.7,98.13,173.0,5.01,Active,8.0
4876.0,68.69,98.59,3223.0,6.64,Sedentary,2.0
4709.0,87.54,96.25,393.0,7.37,Highly Active,8.0
3040.0,60.22,95.75,4184.0,10.17,Active,6.0
2831.0,56.91,95.55,1934.0,8.22,Highly Active,3.0
1583.0,65.5,100.0,4827.0,5.51,Highly Active,2.0
2319.0,82.8,99.26,1206.0,7.29,Active,7.0
1235.0,69.73,97.98,5577.0,7.55,Sedentary,4.0
3103.0,73.67,99.86,23760.0,7.43,Highly Active,2.0
2942.0,67.57,100.0,7098.0,5.03,Active,9.0
1359.0,90.23,97.94,5817.0,9.55,Sedentary,8.0
2930.0,82.25,98.79,10860.0,4.66,Highly Active,10.0
1109.0,52.16,96.63,39.0,7.52,Sedentary,3.0
1191.0,88.52,100.0,2324.0,5.18,Sedentary,5.0
1903.0,83.86,98.09,30388.0,7.09,Sedentary,9.0
2116.0,91.27,100.0,10683.0,6.21,Highly Active,8.0
1861.0,67.07,100.0,662.0,4.55,Sedentary,3.0
3615.0,60.91,98.32,2766.0,2.79,Highly Active,5.0
2083.0,73.76,100.0,4057.0,7.83,Active,5.0
1649.0,77.45,95.4,19089.0,5.66,Active,1.0
1038.0,92.78,97.21,6176.0,6.71,Sedentary,9.0
4611.0,84.55,99.73,563.0,9.2,Highly Active,10.0
4120.0,77.24,97.27,4980.0,7.44,Highly Active,1.0
4491.0,73.09,100.0,2391.0,2.15,Sedentary,3.0
1636.0,75.23,98.83,2895.0,4.66,Highly Active,9.0
2036.0,69.09,100.0,849.0,6.5,Highly Active,9.0
1035.0,85.18,97.81,4297.0,5.25,Active,3.0
3148.0,53.22,98.0,7750.0,6.09,Sedentary,4.0
4865.0,75.13,98.58,9977.0,6.09,Highly Active,10.0
4157.0,90.66,99.63,8321.0,8.01,Sedentary,6.0
4587.0,57.96,95.43,7562.0,7.03,Active,3.0
4294.0,104.17,95.43,14240.0,7.17,Sedentary,10.0
2361.0,58.84,98.42,2828.0,7.21,Active,7.0
2983.0,67.43,97.45,1691.0,3.87,Sedentary,3.0
1165.0,90.39,98.43,656.0,4.39,Highly Active,8.0
3430.0,96.78,96.65,1268.0,7.18,Highly Active,6.0
2879.0,80.36,94.74,1133.0,6.51,Active,10.0
4966.0,79.97,97.49,17053.0,6.95,Active,5.0
4447.0,101.82,94.43,1394.0,8.91,Active,5.0
4542.0,54.48,98.06,691.0,5.46,Sedentary,8.0
3837.0,49.13,95.53,3579.0,5.95,Sedentary,3.0
4713.0,46.13,99.82,1301.0,6.87,Highly Active,6.0
1030.0,62.23,96.84,979.0,3.95,Highly Active,5.0
4446.0,64.26,100.0,3150.0,4.29,Highly Active,1.0
1010.0,80.71,97.03,17626.0,8.54,Active,5.0
3011.0,90.12,99.37,216.0,6.06,Highly Active,3.0
4373.0,88.63,98.47,1630.0,5.76,Highly Active,3.0
3143.0,88.19,99.73,12170.0,6.86,Highly Active,2.0
4261.0,60.63,98.11,1969.0,4.0,Sedentary,5.0
3500.0,80.77,100.0,4072.0,6.04,Active,8.0
3239.0,63.99,98.21,726.0,5.64,Sedentary,10.0
1485.0,84.01,99.17,11099.0,6.5,Active,1.0
2289.0,75.64,96.23,9335.0,3.33,Sedentary,2.0
2447.0,88.27,99.7,959.0,5.3,Active,1.0
4199.0,110.64,100.0,20691.0,5.81,Active,6.0
3285.0,74.51,98.14,6252.0,5.77,Active,6.0
2943.0,58.45,96.45,11202.0,8.08,Sedentary,7.0
4426.0,50.53,95.9,10102.0,5.32,Active,4.0
2963.0,61.55,95.24,5124.0,11.11,Sedentary,10.0
4183.0,91.0,95.45,9634.0,7.62,Sedentary,9.0
2851.0,82.27,96.52,1901.0,5.77,Sedentary,8.0
2469.0,78.45,94.91,150.0,6.5,Sedentary,1.0
2366.0,80.72,98.67,2931.0,7.59,Highly Active,2.0
4216.0,85.79,96.47,1158.0,6.03,Active,5.0
4136.0,51.64,99.48,27773.0,8.23,Sedentary,5.0
4318.0,89.79,100.0,18005.0,5.04,Sedentary,10.0
3782.0,80.84,98.77,1090.0,7.38,Active,3.0
4561.0,80.03,96.74,4984.0,6.5,Sedentary,2.0
1824.0,55.46,94.88,3561.0,6.84,Highly Active,3.0
2462.0,82.65,94.67,8428.0,6.84,Sedentary,8.0
3153.0,76.8,97.12,4901.0,9.46,Active,3.0
3228.0,59.86,98.03,5831.0,9.46,Active,9.0
3231.0,81.2,97.8,7925.0,5.32,Active,2.0
1225.0,87.14,98.49,168.0,6.37,Sedentary,2.0
1776.0,66.4,99.82,88.0,8.45,Highly Active,9.0
3837.0,86.73,100.0,1373.0,6.56,Active,4.0
4980.0,70.82,99.19,8869.0,6.39,Active,8.0
2112.0,88.11,98.7,1925.0,5.67,Active,9.0
1687.0,73.56,97.18,17696.0,5.77,Active,9.0
1529.0,92.6,95.04,572.0,8.1,Active,2.0
4442.0,92.6,96.82,6071.0,6.41,Sedentary,10.0
1971.0,61.73,97.51,6071.0,6.88,Highly Active,8.0
1935.0,253.0,94.26,25044.0,5.45,Highly Active,6.0
3853.0,76.9,96.71,1683.0,7.67,Active,9.0
2422.0,72.72,100.0,6201.0,8.33,Highly Active,10.0
3153.0,79.3,97.88,21412.0,5.11,Active,5.0
2294.0,57.54,98.71,216.0,5.15,Highly Active,2.0
2998.0,64.24,100.0,5033.0,5.23,Sedentary,5.0
3878.0,94.06,98.2,5236.0,8.05,Highly Active,3.0
2526.0,80.57,98.12,3031.0,6.5,Active,1.0
1678.0,84.35,98.98,7440.0,5.98,Active,3.0
4596.0,71.17,100.0,5474.0,5.02,Highly Active,1.0
3896.0,79.42,98.02,2006.0,9.04,Sedentary,7.0
4103.0,67.88,97.76,8553.0,5.7,Active,4.0
3440.0,47.25,99.12,4394.0,8.99,Sedentary,1.0
1039.0,90.53,99.36,4448.0,6.46,Highly Active,4.0
3707.0,77.73,97.72,4448.0,5.76,Sedentary,6.0
4802.0,75.02,97.75,10749.0,6.44,Sedentary,4.0
4028.0,68.01,99.52,14142.0,8.62,Highly Active,10.0
2105.0,97.48,94.14,14142.0,6.5,Sedentary,7.0
1844.0,85.07,100.0,10805.0,5.82,Active,2.0
2743.0,57.78,98.31,2593.0,5.82,Active,3.0
3248.0,55.75,93.64,1406.0,8.36,Active,7.0
1446.0,78.76,93.54,8324.0,6.88,Sedentary,5.0
4915.0,77.02,97.84,18244.0,6.88,Active,3.0
4499.0,82.77,94.04,304.0,4.35,Sedentary,2.0
4109.0,72.85,100.0,10080.0,6.82,Highly Active,3.0
2234.0,65.29,100.0,202.0,5.09,Highly Active,2.0
3491.0,82.64,95.23,4295.0,3.85,Highly Active,10.0
2350.0,83.91,96.02,7915.0,8.13,Highly Active,10.0
3808.0,93.86,96.9,3638.0,4.65,Highly Active,5.0
1226.0,86.02,98.04,2506.0,3.82,Highly Active,2.0
1047.0,62.45,98.46,1448.0,6.29,Highly Active,3.0
4089.0,78.85,96.02,1448.0,6.05,Active,6.0
3959.0,70.71,100.0,5913.0,5.19,Highly Active,2.0
2462.0,60.82,99.41,958.0,6.83,Sedentary,3.0
2830.0,48.17,100.0,345.0,6.06,Active,3.0
4779.0,108.72,98.0,1952.0,9.8,Highly Active,5.0
1186.0,66.62,100.0,5415.0,6.21,Sedentary,6.0
3392.0,73.11,97.78,9760.0,4.59,Active,7.0
3271.0,73.11,95.21,27728.0,6.95,Highly Active,9.0
3877.0,76.68,95.21,12568.0,7.07,Highly Active,3.0
3535.0,40.0,95.82,6627.0,6.0,Highly Active,6.0
2932.0,72.51,97.21,7686.0,4.0,Active,7.0
3924.0,101.57,96.29,5168.0,8.82,Active,4.0
1848.0,71.82,100.0,5168.0,4.61,Active,3.0
2252.0,75.47,100.0,1367.0,8.35,Sedentary,9.0
2413.0,69.73,100.0,2845.0,6.04,Sedentary,3.0
1978.0,77.17,96.7,26938.0,7.82,Highly Active,2.0
1392.0,75.56,98.81,5936.0,7.95,Highly Active,3.0
2016.0,75.23,97.35,4831.0,4.89,Active,7.0
3235.0,66.27,98.43,13317.0,8.71,Highly Active,7.0
2881.0,54.54,98.02,10049.0,6.99,Active,9.0
1269.0,83.42,100.0,2762.0,3.25,Active,8.0
2630.0,76.42,97.77,6884.0,6.8,Sedentary,6.0
1309.0,99.97,97.97,1435.0,5.66,Sedentary,5.0
4203.0,74.5,100.0,381.0,7.17,Active,9.0
3043.0,52.29,95.23,32131.0,5.54,Highly Active,6.0
2574.0,79.84,99.38,32131.0,5.55,Sedentary,7.0
2095.0,76.14,100.0,18692.0,4.95,Active,7.0
4864.0,68.54,97.77,12482.0,6.84,Active,4.0
3892.0,84.28,95.36,3911.0,7.28,Sedentary,3.0
2695.0,82.46,96.77,13835.0,6.5,Active,2.0
4258.0,57.05,97.47,10815.0,6.06,Sedentary,10.0
3533.0,67.98,100.0,2091.0,6.64,Highly Active,9.0
4262.0,91.42,94.9,6829.0,8.09,Highly Active,9.0
2445.0,60.3,98.85,2547.0,4.94,Highly Active,2.0
3167.0,60.3,95.07,1866.0,4.5,Active,6.0
1219.0,78.41,96.96,597.0,4.7,Active,4.0
1052.0,57.69,100.0,5484.0,4.04,Highly Active,2.0
2757.0,73.52,99.21,3488.0,6.5,Sedentary,10.0
2474.0,73.03,98.78,645.0,8.21,Sedentary,3.0
4483.0,70.15,100.0,8870.0,8.21,Sedentary,1.0
2666.0,52.04,97.99,8988.0,6.12,Active,6.0
2260.0,75.0,98.32,1878.0,7.5,Highly Active,9.0
3805.0,65.72,97.77,21850.0,6.52,Sedentary,10.0
3785.0,90.99,98.89,10531.0,7.81,Active,9.0
1719.0,81.24,98.8,11454.0,5.63,Sedentary,4.0
1405.0,63.34,100.0,26.0,5.76,Highly Active,3.0
3655.0,69.07,94.93,26858.0,5.92,Active,1.0
4068.0,76.88,97.74,32445.0,7.33,Highly Active,1.0
3469.0,69.04,97.59,4954.0,10.6,Sedentary,2.0
3759.0,52.27,100.0,29406.0,6.49,Active,4.0
1071.0,82.89,97.39,1007.0,5.06,Highly Active,7.0
2853.0,86.11,98.07,11783.0,9.11,Highly Active,8.0
3232.0,89.08,98.93,5716.0,5.92,Sedentary,7.0
3053.0,62.57,97.65,2933.0,5.57,Active,5.0
2229.0,86.77,96.9,1886.0,6.19,Highly Active,2.0
2567.0,57.87,96.66,5122.0,9.23,Sedentary,3.0
4682.0,80.36,95.81,8238.0,5.66,Active,6.0
3953.0,64.37,96.18,14669.0,6.46,Active,4.0
1386.0,81.27,97.27,6390.0,2.73,Active,1.0
2791.0,52.38,96.53,3757.0,7.97,Active,1.0
1698.0,83.14,100.0,7000.0,6.07,Highly Active,1.0
4147.0,63.2,98.89,4810.0,7.87,Highly Active,3.0
2200.0,82.24,95.95,7389.0,7.45,Sedentary,3.0
1826.0,80.59,98.87,6573.0,7.45,Sedentary,4.0
2822.0,80.78,94.87,26938.0,5.83,Sedentary,5.0
1348.0,75.71,100.0,6815.0,6.6,Active,4.0
2278.0,57.49,97.06,8222.0,4.49,Active,1.0
4908.0,97.35,100.0,15604.0,6.84,Sedentary,6.0
4773.0,73.05,98.13,17095.0,7.33,Active,4.0
1307.0,73.01,98.55,1063.0,6.62,Sedentary,7.0
4416.0,95.77,98.24,4233.0,6.55,Active,2.0
2150.0,61.67,92.42,20025.0,5.59,Active,7.0
2960.0,74.29,99.06,22492.0,6.26,Highly Active,8.0
3334.0,77.55,96.09,1475.0,4.85,Highly Active,6.0
1765.0,71.52,98.04,4105.0,5.68,Sedentary,6.0
1724.0,71.52,99.1,2286.0,9.6,Active,5.0
3809.0,66.28,100.0,10949.0,6.63,Highly Active,8.0
2619.0,73.98,100.0,13382.0,7.23,Highly Active,3.0
4558.0,76.97,95.88,4434.0,6.46,Sedentary,6.0
1382.0,95.51,95.31,7882.0,6.6,Sedentary,9.0
4477.0,99.84,98.28,14280.0,6.7,Highly Active,5.0
3435.0,77.54,99.13,8654.0,6.14,Highly Active,6.0
1524.0,92.99,99.43,1191.0,7.39,Active,9.0
4628.0,64.12,99.78,8713.0,5.43,Highly Active,3.0
3686.0,108.77,96.96,1212.0,4.28,Sedentary,9.0
3985.0,71.33,98.25,7424.0,6.8,Sedentary,10.0
4697.0,74.51,95.53,2840.0,8.18,Highly Active,1.0
1275.0,82.98,100.0,407.0,5.53,Highly Active,9.0
3547.0,87.79,100.0,1798.0,7.68,Sedentary,6.0
3764.0,72.43,97.79,4423.0,7.51,Sedentary,8.0
1336.0,44.88,96.52,35831.0,8.84,Active,9.0
2973.0,84.84,95.82,2067.0,9.3,Active,3.0
3979.0,61.35,98.48,26970.0,7.37,Active,4.0
1480.0,86.61,95.87,3170.0,6.32,Active,2.0
2946.0,86.28,99.38,22534.0,4.08,Sedentary,5.0
1910.0,77.89,98.14,21881.0,7.96,Sedentary,5.0
2996.0,88.56,97.45,1079.0,8.2,Active,1.0
4344.0,67.65,99.57,12351.0,6.11,Active,1.0
4991.0,95.62,94.38,5099.0,7.03,Sedentary,1.0
4129.0,77.44,98.88,8113.0,4.96,Highly Active,5.0
2351.0,72.22,97.96,10475.0,5.6,Active,4.0
3033.0,92.12,97.55,931.0,6.5,Active,2.0
2754.0,65.02,99.42,11230.0,6.9,Active,1.0
1108.0,43.43,100.0,2525.0,5.9,Sedentary,4.0
4350.0,56.29,98.43,9227.0,8.37,Active,1.0
4757.0,96.53,98.98,5968.0,6.5,Highly Active,3.0
1327.0,78.75,97.14,8079.0,7.03,Highly Active,6.0
2799.0,77.55,96.68,6826.0,6.52,Highly Active,6.0
1314.0,88.66,98.54,11641.0,8.87,Active,3.0
4545.0,79.43,97.31,15747.0,8.68,Highly Active,4.0
2134.0,70.87,97.28,4173.0,6.24,Active,2.0
3746.0,68.42,100.0,3485.0,6.95,Highly Active,9.0
1780.0,57.37,100.0,1941.0,8.62,Sedentary,1.0
4300.0,59.0,95.51,11768.0,4.74,Sedentary,5.0
2520.0,77.62,99.91,23882.0,6.95,Highly Active,3.0
1155.0,72.66,99.49,1521.0,5.97,Highly Active,1.0
2496.0,82.32,98.4,4285.0,8.71,Sedentary,3.0
2724.0,73.71,100.0,10298.0,7.3,Sedentary,6.0
4343.0,59.04,100.0,7075.0,3.89,Sedentary,4.0
1886.0,78.68,99.54,11813.0,5.88,Active,10.0
3805.0,75.26,97.14,16961.0,6.5,Highly Active,2.0
1721.0,77.36,96.96,443.0,4.94,Sedentary,2.0
4582.0,104.49,98.76,4128.0,5.03,Sedentary,6.0
1912.0,57.12,100.0,2258.0,6.62,Sedentary,7.0
4357.0,60.64,95.5,18436.0,6.42,Highly Active,8.0
1870.0,49.47,99.8,2252.0,6.11,Highly Active,8.0
1012.0,76.39,100.0,3271.0,5.9,Sedentary,3.0
3655.0,45.96,94.78,15346.0,5.62,Sedentary,9.0
1497.0,78.36,97.23,5396.0,9.88,Sedentary,7.0
2756.0,74.16,95.62,15993.0,5.95,Highly Active,5.0
3285.0,66.39,98.86,7572.0,5.51,Sedentary,9.0
2117.0,82.08,96.33,578.0,7.26,Sedentary,3.0
4409.0,82.08,96.01,3994.0,6.35,Active,6.0
3828.0,99.08,100.0,1358.0,5.12,Active,6.0
2194.0,84.2,96.12,471.0,6.12,Active,9.0
3004.0,74.05,98.6,3277.0,6.41,Sedentary,3.0
3653.0,40.78,97.93,16734.0,7.15,Active,7.0
3708.0,88.94,96.93,876.0,6.97,Highly Active,3.0
2647.0,89.07,97.79,48.0,4.98,Active,5.0
2590.0,94.85,97.6,19143.0,4.98,Highly Active,5.0
3896.0,40.68,100.0,5287.0,7.84,Active,9.0
3983.0,78.08,100.0,5724.0,4.89,Sedentary,5.0
2490.0,84.88,98.83,18462.0,5.33,Active,3.0
3675.0,93.02,100.0,8432.0,6.24,Active,2.0
1142.0,84.03,99.33,12274.0,6.83,Sedentary,5.0
2224.0,75.91,96.5,10303.0,6.89,Highly Active,2.0
4251.0,59.72,96.77,6625.0,6.44,Highly Active,9.0
3761.0,73.24,100.0,8162.0,4.35,Active,1.0
4435.0,80.83,99.64,5758.0,8.02,Highly Active,6.0
3526.0,86.74,99.64,3074.0,5.01,Highly Active,2.0
1564.0,51.21,98.4,2352.0,8.53,Active,1.0
3518.0,79.43,98.13,1355.0,8.25,Highly Active,3.0
3431.0,52.91,100.0,3059.0,4.83,Active,2.0
2715.0,78.99,96.41,6021.0,7.03,Active,5.0
3973.0,57.79,99.74,6199.0,8.54,Sedentary,6.0
1416.0,53.35,100.0,8051.0,8.54,Active,3.0
2848.0,102.16,96.64,14808.0,3.95,Highly Active,3.0
3355.0,54.27,96.5,7386.0,6.44,Active,2.0
3696.0,54.27,95.08,1312.0,7.75,Highly Active,6.0
1331.0,43.76,95.08,1535.0,6.3,Highly Active,10.0
4072.0,86.78,97.78,16710.0,4.0,Sedentary,4.0
2067.0,64.49,99.29,5870.0,9.78,Active,6.0
3786.0,59.7,99.66,13215.0,6.32,Active,5.0
2866.0,88.87,97.98,1869.0,8.67,Sedentary,10.0
2121.0,88.87,96.19,8662.0,6.11,Active,9.0
4791.0,81.71,99.25,9209.0,7.32,Highly Active,1.0
2288.0,75.35,93.06,11608.0,5.47,Sedentary,5.0
4871.0,75.35,100.0,5368.0,5.5,Sedentary,9.0
2806.0,74.15,93.58,11043.0,9.21,Active,9.0
3187.0,76.93,95.5,19182.0,7.91,Active,9.0
2504.0,40.84,97.21,22090.0,6.46,Active,4.0
4308.0,61.89,95.67,938.0,7.9,Active,2.0
4021.0,61.3,94.33,6853.0,5.48,Active,9.0
2016.0,91.61,98.21,843.0,6.5,Active,4.0
1952.0,77.38,97.04,17910.0,6.65,Sedentary,4.0
3951.0,75.17,96.97,21769.0,5.36,Highly Active,8.0
1071.0,102.83,97.53,4846.0,5.17,Active,6.0
2690.0,102.83,95.29,22513.0,3.67,Sedentary,8.0
4261.0,96.22,99.35,10174.0,5.05,Sedentary,4.0
2291.0,75.18,96.19,8334.0,9.24,Active,9.0
2344.0,63.67,98.95,6085.0,6.5,Active,5.0
3154.0,66.99,97.65,3655.0,6.45,Highly Active,3.0
4303.0,67.53,97.65,23227.0,6.73,Sedentary,10.0
4113.0,97.5,97.2,1536.0,6.13,Active,6.0
4773.0,78.59,99.74,11355.0,7.81,Highly Active,1.0
1882.0,85.3,100.0,3206.0,6.09,Highly Active,8.0
1138.0,63.87,100.0,9796.0,7.93,Highly Active,3.0
3662.0,76.67,97.56,1251.0,7.32,Sedentary,6.0
4754.0,88.64,98.03,3271.0,4.47,Sedentary,9.0
3910.0,91.89,96.43,20450.0,8.24,Active,7.0
3320.0,54.9,96.98,5704.0,6.03,Active,4.0
2504.0,87.13,95.58,4731.0,6.03,Active,2.0
3463.0,72.81,96.81,9763.0,7.21,Highly Active,4.0
3553.0,80.48,98.59,3778.0,6.07,Active,10.0
1732.0,67.08,97.81,4755.0,8.94,Highly Active,5.0
2748.0,97.89,96.91,5757.0,8.14,Sedentary,7.0
4924.0,78.9,99.87,32227.0,5.15,Highly Active,7.0
1423.0,66.18,96.06,11457.0,7.92,Highly Active,5.0
4478.0,67.67,98.05,284.0,7.92,Highly Active,8.0
2591.0,87.89,100.0,10715.0,4.01,Sedentary,3.0
1389.0,85.82,100.0,4894.0,5.58,Active,9.0
1341.0,76.21,96.94,1836.0,4.51,Active,1.0
1945.0,69.2,100.0,13445.0,6.48,Active,2.0
1613.0,89.33,96.74,2208.0,9.4,Highly Active,10.0
1492.0,67.11,98.87,2704.0,6.62,Sedentary,9.0
1191.0,66.35,100.0,455.0,7.19,Active,1.0
1498.0,112.89,97.38,26592.0,6.5,Sedentary,10.0
1821.0,80.68,99.57,11106.0,5.69,Sedentary,3.0
2735.0,73.77,97.69,1122.0,7.32,Sedentary,2.0
2256.0,68.34,96.88,4707.0,6.4,Active,7.0
2968.0,71.85,99.31,2874.0,5.42,Highly Active,8.0
1226.0,93.72,99.06,231.0,8.0,Highly Active,1.0
2394.0,87.43,95.34,18342.0,6.71,Highly Active,5.0
3186.0,65.27,95.34,12802.0,9.58,Sedentary,6.0
3903.0,70.05,95.65,30361.0,7.49,Sedentary,7.0
1816.0,55.27,94.66,1944.0,4.8,Highly Active,10.0
4220.0,78.95,97.67,8414.0,6.67,Active,2.0
4186.0,78.95,98.67,880.0,4.69,Highly Active,3.0
3338.0,51.88,99.95,3952.0,9.51,Active,9.0
2086.0,76.38,99.95,13129.0,5.02,Sedentary,7.0
1103.0,40.0,95.71,57.0,8.17,Sedentary,2.0
2874.0,109.26,95.71,4587.0,7.93,Active,6.0
1870.0,61.7,96.48,3993.0,5.48,Sedentary,2.0
1667.0,82.26,95.14,8221.0,6.99,Sedentary,7.0
3042.0,94.02,100.0,1902.0,6.88,Sedentary,1.0
1272.0,79.03,97.73,1332.0,7.75,Sedentary,9.0
2029.0,74.92,97.06,7363.0,6.77,Highly Active,8.0
4218.0,66.48,96.61,7176.0,5.5,Highly Active,4.0
3231.0,55.23,96.08,9754.0,7.34,Sedentary,10.0
2051.0,67.87,97.72,1985.0,7.35,Highly Active,9.0
2573.0,76.55,98.68,115.0,5.1,Active,9.0
4190.0,74.61,98.68,14724.0,3.04,Active,10.0
1071.0,60.68,94.4,1618.0,7.39,Sedentary,1.0
4442.0,90.95,100.0,3789.0,7.06,Highly Active,2.0
4315.0,90.95,97.67,4424.0,7.15,Active,3.0
4797.0,87.76,99.55,5150.0,7.81,Highly Active,2.0
4289.0,78.57,97.26,17198.0,8.44,Highly Active,4.0
3224.0,99.96,98.99,2216.0,7.67,Sedentary,5.0
4370.0,81.08,98.28,5143.0,6.72,Highly Active,6.0
4747.0,95.68,97.43,2584.0,4.66,Highly Active,9.0
3105.0,40.0,98.18,27643.0,8.81,Active,6.0
2292.0,89.07,96.88,1745.0,6.19,Highly Active,7.0
1307.0,83.79,96.35,810.0,5.59,Active,10.0
4641.0,83.02,98.29,1077.0,7.46,Sedentary,8.0
4359.0,84.26,98.32,3202.0,3.75,Highly Active,3.0
1976.0,67.78,98.53,5634.0,5.39,Highly Active,7.0
4176.0,86.38,100.0,7719.0,5.56,Sedentary,1.0
2251.0,86.38,98.62,5785.0,5.51,Highly Active,10.0
2270.0,46.83,97.28,16517.0,9.4,Sedentary,9.0
3747.0,92.85,98.42,3127.0,6.38,Active,4.0
2517.0,73.07,100.0,8722.0,5.54,Sedentary,4.0
3130.0,65.11,95.78,2186.0,6.43,Active,1.0
2209.0,56.84,100.0,8015.0,7.78,Active,8.0
3299.0,80.7,98.84,18208.0,3.64,Active,9.0
2378.0,98.74,98.16,26847.0,6.5,Highly Active,5.0
2773.0,69.17,97.43,9157.0,5.82,Sedentary,8.0
4943.0,85.0,97.17,19985.0,6.9,Active,4.0
2719.0,74.84,94.62,7986.0,4.78,Sedentary,4.0
3042.0,50.35,98.34,23115.0,6.23,Sedentary,2.0
1795.0,72.31,99.78,15981.0,6.5,Active,9.0
1896.0,65.03,99.78,789.0,4.59,Active,9.0
2961.0,59.8,97.11,4499.0,9.3,Sedentary,4.0
1209.0,68.55,96.51,2988.0,7.12,Sedentary,7.0
3863.0,70.22,98.14,192.0,7.88,Sedentary,5.0
4879.0,90.1,99.15,4403.0,5.97,Highly Active,6.0
3656.0,75.35,100.0,1124.0,6.82,Sedentary,2.0
3494.0,53.93,94.25,260.0,4.7,Sedentary,9.0
3507.0,93.1,97.05,4122.0,5.54,Sedentary,5.0
1967.0,80.78,99.45,1851.0,5.15,Highly Active,8.0
1471.0,79.21,95.65,19165.0,6.94,Sedentary,8.0
4791.0,88.1,97.64,11725.0,9.06,Active,6.0
3417.0,74.68,99.52,21892.0,7.86,Highly Active,3.0
3947.0,66.95,97.82,14928.0,9.22,Sedentary,5.0
4563.0,80.2,98.13,9113.0,7.69,Highly Active,5.0
1922.0,84.34,95.71,6373.0,7.13,Sedentary,1.0
1136.0,80.72,96.92,474.0,5.12,Sedentary,5.0
1366.0,87.17,98.59,2163.0,6.98,Active,7.0
3959.0,76.51,99.55,8683.0,5.79,Highly Active,4.0
1183.0,60.07,97.28,3590.0,7.75,Sedentary,3.0
4358.0,95.59,98.05,768.0,6.34,Sedentary,6.0
3519.0,75.49,97.98,509.0,6.53,Sedentary,3.0
2398.0,58.09,100.0,1650.0,9.18,Highly Active,1.0
3701.0,56.67,93.88,12595.0,4.97,Sedentary,5.0
3796.0,54.92,93.08,7614.0,8.25,Sedentary,5.0
1536.0,54.92,99.76,2919.0,7.74,Highly Active,10.0
4582.0,79.65,97.46,441.0,6.12,Sedentary,3.0
3849.0,102.67,98.92,1461.0,7.11,Highly Active,1.0
2602.0,83.64,98.04,4183.0,6.13,Highly Active,2.0
2273.0,84.54,98.94,1164.0,6.52,Sedentary,6.0
3967.0,104.85,99.38,10066.0,7.63,Sedentary,3.0
3557.0,60.47,100.0,10879.0,10.32,Highly Active,10.0
3677.0,60.47,98.86,1030.0,7.95,Active,10.0
4049.0,83.29,100.0,9085.0,6.87,Highly Active,4.0
2096.0,71.34,100.0,5026.0,8.64,Active,8.0
2305.0,79.46,98.87,22962.0,4.37,Sedentary,10.0
1915.0,93.37,95.19,10844.0,5.89,Sedentary,8.0
4431.0,86.42,96.63,6161.0,6.6,Highly Active,4.0
4081.0,97.75,99.39,6478.0,4.94,Highly Active,9.0
4282.0,61.38,99.55,1380.0,5.69,Sedentary,3.0
4906.0,88.46,97.63,15686.0,4.02,Sedentary,7.0
1151.0,63.41,100.0,5735.0,4.58,Highly Active,8.0
2028.0,100.03,94.71,5975.0,6.13,Sedentary,4.0
2218.0,81.72,100.0,5997.0,5.09,Highly Active,4.0
2977.0,82.6,97.64,2263.0,7.13,Sedentary,6.0
4354.0,66.27,94.24,11703.0,6.9,Active,4.0
3511.0,67.03,95.97,13881.0,7.04,Highly Active,2.0
4184.0,81.08,97.04,2377.0,5.74,Active,3.0
1270.0,101.22,95.92,4081.0,8.12,Highly Active,1.0
2186.0,98.74,96.02,1382.0,7.25,Highly Active,8.0
1459.0,80.38,99.04,1908.0,6.84,Active,9.0
1104.0,68.68,96.87,2866.0,6.85,Highly Active,1.0
4764.0,83.59,93.6,16259.0,6.19,Sedentary,5.0
4627.0,93.82,98.57,6887.0,8.48,Active,6.0
4353.0,78.18,96.74,6206.0,8.21,Active,3.0
2710.0,69.19,100.0,20530.0,5.95,Highly Active,3.0
3209.0,85.19,96.49,10969.0,6.75,Sedentary,3.0
1433.0,69.67,97.48,929.0,10.2,Active,5.0
3899.0,74.16,95.85,1993.0,6.12,Highly Active,8.0
1139.0,85.0,96.03,2536.0,8.29,Highly Active,9.0
2494.0,71.66,97.37,12573.0,10.52,Active,9.0
4203.0,74.44,97.68,10285.0,6.98,Active,5.0
1086.0,77.15,97.37,1100.0,3.89,Highly Active,1.0
2711.0,77.15,97.55,5344.0,8.77,Highly Active,8.0
3230.0,98.24,99.2,809.0,5.73,Active,7.0
3415.0,102.64,97.59,1329.0,5.47,Sedentary,10.0
1128.0,70.46,98.48,1941.0,9.17,Highly Active,7.0
2269.0,63.04,99.62,16499.0,4.55,Highly Active,7.0
4672.0,68.04,96.81,3187.0,8.65,Highly Active,10.0
2601.0,81.69,97.99,17323.0,6.16,Active,4.0
1669.0,73.71,98.18,9725.0,3.72,Sedentary,1.0
4970.0,55.82,95.2,9687.0,7.83,Active,10.0
4066.0,72.66,93.68,11389.0,3.12,Highly Active,8.0
1148.0,81.11,98.09,706.0,3.12,Sedentary,2.0
1984.0,89.77,95.9,11797.0,4.05,Active,3.0
1851.0,101.35,100.0,2038.0,6.01,Active,7.0
2456.0,68.28,99.41,28916.0,7.55,Sedentary,6.0
1627.0,65.65,95.95,13196.0,7.13,Highly Active,2.0
4797.0,71.24,94.4,39882.0,6.81,Highly Active,2.0
2492.0,71.24,95.51,19365.0,8.01,Active,1.0
3493.0,64.5,98.21,3121.0,6.5,Active,1.0
3044.0,64.59,97.39,19894.0,6.18,Highly Active,2.0
4552.0,79.9,99.41,2806.0,6.93,Highly Active,6.0
1883.0,62.51,95.87,7537.0,5.51,Sedentary,5.0
3341.0,87.37,98.95,11951.0,7.79,Highly Active,4.0
2788.0,92.24,98.65,3369.0,6.61,Highly Active,4.0
4214.0,58.11,100.0,1596.0,7.57,Active,9.0
1249.0,55.43,98.37,15769.0,6.23,Active,4.0
1947.0,68.98,98.37,3179.0,7.5,Sedentary,4.0
1974.0,93.99,97.46,5444.0,3.47,Sedentary,8.0
2325.0,74.24,97.17,11434.0,4.31,Active,10.0
4096.0,81.3,98.24,14220.0,4.31,Active,3.0
3836.0,81.27,100.0,5017.0,6.3,Highly Active,8.0
1983.0,61.79,100.0,5963.0,8.41,Sedentary,7.0
1888.0,71.24,99.15,13461.0,7.18,Active,6.0
3937.0,74.81,99.77,4405.0,7.28,Active,6.0
4972.0,80.66,98.83,5733.0,8.81,Sedentary,4.0
3117.0,53.49,96.15,130.0,8.56,Highly Active,1.0
3672.0,66.08,99.89,21129.0,4.99,Sedentary,8.0
1874.0,75.17,93.06,5856.0,8.35,Highly Active,6.0
4183.0,68.41,97.95,9103.0,6.66,Sedentary,2.0
4435.0,53.97,98.09,1994.0,5.73,Sedentary,3.0
2326.0,64.16,98.09,7482.0,6.06,Active,9.0
1470.0,54.11,96.05,4314.0,5.56,Active,6.0
2987.0,95.71,100.0,835.0,6.71,Active,8.0
1090.0,70.21,98.43,12411.0,6.38,Sedentary,1.0
1529.0,74.02,97.31,12799.0,8.35,Sedentary,9.0
1660.0,60.32,94.25,461.0,9.4,Sedentary,2.0
1738.0,78.46,98.42,3467.0,5.89,Active,7.0
3773.0,85.43,98.46,2314.0,4.56,Active,8.0
1871.0,61.26,97.49,5085.0,4.56,Highly Active,8.0
2686.0,61.59,100.0,4697.0,7.91,Sedentary,9.0
1191.0,67.57,100.0,7478.0,7.07,Active,5.0
2986.0,54.0,97.66,1990.0,4.19,Sedentary,6.0
4623.0,80.7,100.0,1754.0,5.31,Active,5.0
4313.0,86.38,100.0,8994.0,6.72,Active,9.0
3185.0,53.51,96.69,26168.0,5.58,Sedentary,7.0
1344.0,88.21,95.94,20476.0,5.0,Active,9.0
4251.0,88.23,95.58,10991.0,9.72,Highly Active,3.0
2008.0,40.0,100.0,489.0,5.0,Active,3.0
4783.0,58.44,97.32,1901.0,8.31,Active,3.0
3550.0,58.44,96.56,8190.0,7.12,Active,8.0
1202.0,83.53,99.93,2455.0,7.41,Active,5.0
1572.0,81.57,97.37,3502.0,8.21,Highly Active,5.0
1191.0,61.13,95.92,21506.0,5.47,Sedentary,2.0
3052.0,99.37,100.0,632.0,6.05,Active,10.0
2913.0,64.5,100.0,13825.0,7.21,Active,2.0
2716.0,57.59,96.48,2887.0,8.97,Active,5.0
1310.0,72.32,97.65,5674.0,6.67,Highly Active,5.0
3596.0,88.56,97.65,3085.0,5.09,Active,1.0
3103.0,61.48,100.0,22052.0,8.14,Active,1.0
1442.0,78.13,95.84,4914.0,6.5,Active,4.0
2260.0,78.05,94.75,9266.0,5.42,Active,1.0
1869.0,74.53,97.59,8476.0,7.92,Sedentary,5.0
4932.0,79.83,95.85,12617.0,3.01,Sedentary,3.0
4268.0,79.83,97.45,13961.0,7.13,Active,7.0
1584.0,79.09,96.79,4396.0,8.47,Sedentary,9.0
2594.0,90.7,94.74,13915.0,5.25,Sedentary,5.0
3799.0,58.5,100.0,7418.0,4.58,Highly Active,4.0
2537.0,68.37,98.25,8110.0,7.13,Highly Active,3.0
4520.0,58.52,99.74,1332.0,5.48,Highly Active,2.0
1359.0,83.22,93.61,1968.0,9.87,Sedentary,2.0
2723.0,93.33,96.52,8146.0,5.7,Active,8.0
3866.0,70.36,96.64,2161.0,6.21,Active,8.0
3077.0,79.22,100.0,4714.0,7.28,Highly Active,1.0
2802.0,52.58,100.0,4713.0,3.77,Active,10.0
3011.0,75.32,95.62,1866.0,6.59,Active,1.0
3155.0,49.9,98.32,5851.0,8.18,Active,7.0
1130.0,75.91,100.0,5807.0,6.38,Sedentary,6.0
2625.0,46.15,96.63,967.0,4.78,Sedentary,7.0
3764.0,100.42,96.45,3359.0,5.85,Highly Active,2.0
1890.0,74.24,99.03,3188.0,5.85,Highly Active,10.0
2991.0,73.65,94.8,5780.0,6.06,Highly Active,4.0
2982.0,103.63,93.91,9685.0,8.17,Sedentary,8.0
1959.0,75.99,91.79,129.0,5.56,Highly Active,2.0
2468.0,50.86,99.37,995.0,7.55,Sedentary,6.0
3940.0,68.54,100.0,2517.0,4.28,Highly Active,10.0
2461.0,104.18,98.01,11640.0,9.32,Highly Active,3.0
1731.0,61.57,100.0,4584.0,8.2,Sedentary,2.0
4961.0,68.39,93.7,5006.0,5.76,Highly Active,1.0
1605.0,98.2,99.19,3684.0,4.52,Sedentary,5.0
3504.0,63.43,98.29,3755.0,5.74,Highly Active,5.0
1614.0,73.57,96.26,26577.0,6.92,Active,8.0
4806.0,95.26,98.73,16024.0,8.13,Active,5.0
3745.0,66.39,100.0,9059.0,3.33,Highly Active,10.0
3004.0,63.02,99.83,2742.0,8.31,Active,10.0
2719.0,47.35,96.78,5046.0,6.89,Active,2.0
4566.0,58.46,96.79,8185.0,4.75,Highly Active,4.0
1673.0,61.75,98.84,3513.0,2.68,Sedentary,5.0
2270.0,69.55,99.19,5203.0,6.71,Highly Active,4.0
3590.0,80.36,96.41,1102.0,6.83,Active,3.0
2587.0,74.33,100.0,688.0,5.58,Active,1.0
3904.0,56.53,97.89,1282.0,7.87,Sedentary,3.0
2611.0,95.41,100.0,9864.0,9.55,Highly Active,2.0
1896.0,58.47,97.32,1475.0,5.9,Highly Active,7.0
2462.0,102.05,100.0,18106.0,5.38,Sedentary,1.0
1277.0,77.27,98.73,3218.0,9.08,Highly Active,1.0
1551.0,90.68,94.32,1296.0,6.17,Sedentary,8.0
2636.0,82.95,96.28,12211.0,7.49,Highly Active,7.0
3158.0,97.59,98.94,4270.0,5.59,Sedentary,7.0
3432.0,74.35,100.0,3442.0,8.21,Active,9.0
4904.0,71.0,98.34,2798.0,4.63,Sedentary,7.0
1760.0,79.57,95.56,2809.0,6.72,Active,10.0
4262.0,70.87,97.83,7623.0,6.94,Active,10.0
4561.0,81.8,98.76,5446.0,6.23,Active,10.0
3741.0,98.25,99.63,4413.0,5.55,Highly Active,4.0
2449.0,49.64,100.0,4147.0,9.19,Highly Active,8.0
1404.0,73.86,100.0,1072.0,7.71,Highly Active,7.0
2358.0,108.01,97.9,12317.0,5.2,Sedentary,3.0
2232.0,69.15,94.72,18306.0,3.67,Highly Active,5.0
1021.0,90.21,99.89,11344.0,8.72,Highly Active,2.0
1677.0,88.06,97.01,4201.0,5.11,Sedentary,10.0
3658.0,53.43,100.0,25077.0,6.59,Highly Active,9.0
3028.0,79.45,99.32,6748.0,6.64,Active,6.0
2231.0,78.3,97.57,10413.0,6.93,Highly Active,7.0
3055.0,122.74,100.0,9463.0,3.97,Highly Active,2.0
3749.0,40.0,98.93,8613.0,5.98,Sedentary,2.0
4758.0,50.69,100.0,7190.0,6.48,Active,9.0
2808.0,71.57,96.51,1664.0,6.42,Active,1.0
1528.0,69.64,96.06,2441.0,7.57,Sedentary,4.0
3037.0,61.75,93.65,15245.0,6.75,Active,9.0
3649.0,62.7,99.83,1389.0,7.17,Active,5.0
2676.0,85.26,97.39,1154.0,5.6,Sedentary,4.0
1656.0,62.4,100.0,2340.0,9.06,Sedentary,3.0
1165.0,66.88,98.6,3151.0,6.07,Highly Active,6.0
1848.0,89.96,98.62,5638.0,6.99,Active,1.0
1495.0,87.65,100.0,6512.0,6.67,Highly Active,1.0
1589.0,67.84,97.6,10947.0,7.18,Active,9.0
1428.0,53.02,97.03,534.0,8.3,Sedentary,10.0
3821.0,88.19,95.63,1634.0,5.24,Sedentary,10.0
1162.0,60.9,98.12,4925.0,7.74,Active,6.0
3413.0,94.38,98.77,2021.0,7.61,Sedentary,5.0
4597.0,81.29,96.96,14472.0,6.76,Sedentary,5.0
2262.0,72.1,100.0,7155.0,6.84,Highly Active,1.0
1071.0,81.58,94.09,4717.0,4.77,Active,10.0
1366.0,45.72,99.58,3.0,4.77,Active,1.0
1654.0,97.2,95.9,13696.0,3.64,Highly Active,5.0
4893.0,71.86,99.63,4324.0,6.04,Active,2.0
4580.0,77.5,98.27,5306.0,6.41,Active,6.0
4866.0,66.35,98.3,8388.0,4.4,Highly Active,8.0
1268.0,66.35,99.13,19403.0,6.95,Active,9.0
2776.0,98.97,99.58,1206.0,8.31,Highly Active,1.0
3462.0,98.97,97.43,517.0,6.82,Highly Active,6.0
2268.0,68.74,97.43,910.0,6.49,Sedentary,4.0
2015.0,85.25,99.44,9449.0,5.71,Sedentary,9.0
3722.0,79.66,100.0,969.0,7.06,Sedentary,5.0
2083.0,98.31,99.04,4866.0,4.98,Sedentary,3.0
1005.0,44.76,97.25,8581.0,2.88,Highly Active,5.0
4780.0,68.09,100.0,8732.0,8.87,Sedentary,4.0
1981.0,68.09,100.0,3650.0,6.5,Sedentary,5.0
3617.0,93.47,99.99,8396.0,4.85,Active,1.0
4888.0,55.62,98.58,20972.0,4.33,Sedentary,2.0
1406.0,79.95,97.91,199.0,6.66,Sedentary,4.0
2953.0,67.51,100.0,5176.0,7.72,Active,7.0
3073.0,60.07,91.86,1673.0,6.0,Highly Active,1.0
4886.0,74.9,98.43,2574.0,8.23,Sedentary,5.0
4076.0,105.42,97.43,12704.0,6.18,Active,6.0
1985.0,53.62,99.07,6188.0,8.32,Highly Active,2.0
4603.0,57.94,97.49,102.0,6.23,Highly Active,5.0
1389.0,83.95,98.3,23539.0,5.2,Highly Active,9.0
3618.0,55.91,98.26,4092.0,7.48,Active,4.0
2471.0,67.93,96.45,8722.0,7.03,Sedentary,6.0
1753.0,52.3,97.92,1602.0,6.58,Sedentary,10.0
3193.0,67.65,96.35,2112.0,4.93,Highly Active,3.0
2411.0,60.42,100.0,1155.0,6.41,Sedentary,4.0
3832.0,79.66,94.84,3542.0,5.52,Highly Active,9.0
2272.0,84.65,96.13,16455.0,5.48,Sedentary,2.0
1525.0,40.0,97.25,3444.0,7.99,Sedentary,5.0
2485.0,76.61,97.03,2379.0,5.35,Sedentary,1.0
3060.0,40.45,99.66,8511.0,5.27,Sedentary,7.0
3950.0,75.09,98.0,14260.0,6.97,Sedentary,4.0
3431.0,98.87,96.48,1960.0,5.13,Active,1.0
1555.0,69.77,97.26,11549.0,5.67,Sedentary,7.0
3934.0,78.84,99.27,2545.0,6.5,Sedentary,9.0
4470.0,86.06,93.6,1989.0,6.25,Highly Active,10.0
1018.0,86.6,95.77,4483.0,7.51,Highly Active,2.0
1574.0,87.52,97.32,483.0,10.27,Sedentary,9.0
4562.0,81.53,98.44,13876.0,6.8,Highly Active,6.0
3798.0,63.69,97.92,14519.0,7.29,Sedentary,7.0
2003.0,84.67,98.47,7919.0,6.97,Highly Active,2.0
3466.0,97.35,97.73,2526.0,6.01,Highly Active,1.0
4408.0,82.27,99.43,1277.0,6.69,Active,5.0
3466.0,77.85,97.41,8400.0,6.23,Sedentary,9.0
2938.0,49.88,96.51,762.0,5.13,Active,1.0
2939.0,59.05,95.53,3707.0,7.75,Sedentary,8.0
2635.0,64.22,97.38,651.0,3.79,Highly Active,3.0
2698.0,58.52,97.71,3891.0,6.51,Active,7.0
4999.0,72.53,97.31,1011.0,6.08,Active,3.0
3169.0,61.07,94.69,229.0,4.95,Highly Active,7.0
1431.0,87.99,98.53,4181.0,7.43,Highly Active,1.0
3091.0,69.02,97.95,5870.0,4.97,Active,10.0
2895.0,58.26,99.17,4050.0,5.89,Sedentary,6.0
2943.0,61.16,97.52,1356.0,7.59,Sedentary,7.0
2340.0,76.03,95.96,564.0,3.61,Sedentary,3.0
1144.0,75.63,100.0,9091.0,6.45,Sedentary,10.0
4398.0,71.3,96.55,112.0,6.04,Highly Active,8.0
3410.0,100.77,97.38,13931.0,4.43,Sedentary,8.0
2073.0,100.77,96.17,12832.0,6.64,Highly Active,9.0
2088.0,62.1,97.82,14869.0,6.54,Highly Active,8.0
1799.0,69.6,97.41,7708.0,5.8,Highly Active,1.0
4235.0,57.94,100.0,7708.0,5.04,Active,1.0
4212.0,49.07,99.43,9174.0,6.97,Highly Active,2.0
3873.0,84.58,97.72,2498.0,5.63,Highly Active,9.0
2151.0,74.84,97.83,9849.0,7.26,Active,5.0
3445.0,91.84,99.55,6692.0,4.95,Sedentary,4.0
2956.0,73.89,99.55,195.0,7.69,Highly Active,6.0
3927.0,71.72,96.98,10804.0,8.74,Highly Active,10.0
1462.0,55.88,100.0,14327.0,6.25,Sedentary,1.0
2774.0,65.61,99.48,5101.0,8.52,Sedentary,1.0
3045.0,48.08,97.51,4673.0,7.63,Active,1.0
4907.0,90.58,93.98,3901.0,7.0,Highly Active,7.0
1807.0,55.25,93.98,8882.0,6.48,Highly Active,7.0
1186.0,78.31,93.98,1699.0,5.68,Active,7.0
2743.0,71.3,95.68,10409.0,8.3,Sedentary,3.0
1731.0,80.83,95.68,2421.0,7.99,Sedentary,3.0
2935.0,75.52,99.96,2122.0,4.93,Sedentary,10.0
2213.0,55.16,95.08,11595.0,6.67,Highly Active,5.0
2411.0,70.01,96.38,1341.0,5.28,Highly Active,4.0
1428.0,94.0,99.05,13890.0,7.21,Sedentary,2.0
3905.0,62.65,98.16,26674.0,7.62,Highly Active,7.0
2307.0,92.36,98.77,2698.0,4.15,Active,7.0
4935.0,84.92,97.82,18405.0,6.37,Active,8.0
3284.0,77.09,100.0,5850.0,7.14,Sedentary,1.0
2217.0,63.91,99.19,2101.0,6.64,Active,1.0
2310.0,79.09,95.73,4218.0,9.18,Highly Active,8.0
1770.0,67.35,96.63,11268.0,4.14,Highly Active,6.0
1757.0,91.57,98.32,7690.0,8.53,Highly Active,6.0
1135.0,91.57,98.05,4779.0,5.17,Sedentary,4.0
1791.0,79.62,100.0,2082.0,3.29,Active,6.0
4854.0,75.43,100.0,9057.0,6.98,Sedentary,8.0
1170.0,79.93,100.0,2631.0,6.31,Active,5.0
3206.0,85.77,97.73,2813.0,6.64,Highly Active,6.0
3248.0,61.68,100.0,9617.0,7.28,Sedentary,7.0
4558.0,61.66,100.0,5722.0,7.32,Active,5.0
2580.0,78.23,98.31,1439.0,5.7,Sedentary,9.0
1961.0,89.47,94.69,8133.0,7.72,Sedentary,6.0
4847.0,71.26,95.93,2089.0,3.47,Active,2.0
3630.0,96.57,96.96,10004.0,6.36,Sedentary,7.0
4575.0,70.5,97.11,4560.0,8.19,Sedentary,7.0
1875.0,64.33,96.48,6327.0,6.93,Highly Active,5.0
3418.0,81.81,97.21,6431.0,6.57,Highly Active,8.0
1102.0,66.81,98.99,1111.0,5.98,Active,8.0
2001.0,66.99,98.46,7358.0,7.02,Sedentary,5.0
2148.0,78.9,96.96,14129.0,6.08,Highly Active,9.0
4384.0,88.98,98.97,15528.0,7.44,Active,1.0
4023.0,79.54,99.08,8166.0,5.72,Highly Active,8.0
3845.0,76.62,98.87,24311.0,8.79,Sedentary,6.0
2481.0,103.85,98.1,6384.0,7.32,Active,1.0
4301.0,85.45,98.61,2059.0,9.22,Highly Active,3.0
1657.0,69.92,97.95,7555.0,5.92,Active,5.0
3929.0,91.54,97.37,16792.0,8.34,Sedentary,5.0
2220.0,71.41,99.28,3111.0,4.6,Sedentary,6.0
4956.0,84.05,99.86,2154.0,7.58,Sedentary,5.0
3780.0,83.1,96.39,23774.0,6.33,Active,9.0
1422.0,75.04,100.0,10183.0,6.68,Sedentary,6.0
3619.0,64.14,95.83,357.0,7.59,Sedentary,5.0
4681.0,74.59,97.87,5766.0,7.61,Active,9.0
1170.0,67.89,99.22,1870.0,7.76,Sedentary,4.0
3220.0,81.34,96.05,642.0,7.31,Sedentary,7.0
3710.0,45.44,98.42,1839.0,6.17,Active,7.0
1452.0,80.06,100.0,4926.0,5.53,Active,8.0
4410.0,118.88,97.59,573.0,6.75,Sedentary,1.0
4973.0,70.25,95.15,15431.0,3.28,Highly Active,7.0
2975.0,89.83,95.18,10454.0,7.13,Sedentary,9.0
2657.0,86.13,100.0,3362.0,7.8,Sedentary,8.0
3541.0,50.37,97.3,977.0,7.43,Active,8.0
3667.0,50.37,97.94,35781.0,5.58,Sedentary,2.0
4075.0,62.39,98.63,5800.0,3.43,Sedentary,8.0
4164.0,72.04,92.82,3849.0,7.48,Highly Active,6.0
3966.0,53.11,100.0,1550.0,5.32,Highly Active,9.0
3053.0,81.63,100.0,1590.0,4.57,Active,5.0
1287.0,69.88,97.18,11135.0,7.92,Active,2.0
2641.0,95.18,97.76,5136.0,4.47,Active,3.0
4217.0,54.61,99.41,28947.0,6.24,Active,5.0
4499.0,88.63,97.06,21418.0,9.17,Active,9.0
2447.0,81.32,100.0,1622.0,5.5,Highly Active,2.0
2913.0,62.13,99.03,51648.0,4.9,Sedentary,6.0
1607.0,62.13,100.0,30185.0,7.26,Active,1.0
1456.0,62.13,95.67,11241.0,6.99,Highly Active,7.0
2764.0,78.55,98.71,3471.0,4.01,Highly Active,9.0
2225.0,59.02,98.83,1777.0,6.58,Sedentary,2.0
2235.0,60.76,99.42,762.0,8.27,Sedentary,7.0
2029.0,89.86,97.74,374.0,8.6,Highly Active,8.0
3671.0,63.28,96.16,12035.0,6.11,Sedentary,7.0
3423.0,83.7,95.05,20375.0,7.24,Sedentary,9.0
4962.0,93.28,96.91,10366.0,7.31,Active,2.0
1446.0,62.94,96.73,9962.0,8.01,Sedentary,8.0
1834.0,56.26,97.16,3755.0,6.36,Highly Active,8.0
4177.0,88.08,97.62,7175.0,8.44,Sedentary,5.0
4722.0,70.52,95.44,7786.0,6.5,Highly Active,2.0
1810.0,68.42,95.94,2082.0,7.67,Highly Active,9.0
2424.0,96.43,97.08,9394.0,5.0,Active,6.0
4167.0,70.98,98.8,1106.0,3.81,Highly Active,1.0
2411.0,79.16,96.7,2432.0,7.42,Highly Active,9.0
1958.0,50.83,98.79,6236.0,10.93,Active,9.0
2475.0,73.85,100.0,5429.0,6.98,Highly Active,7.0
3896.0,61.78,97.94,8536.0,6.98,Sedentary,7.0
1808.0,67.4,100.0,6121.0,8.36,Active,7.0
1978.0,66.51,100.0,356.0,5.83,Active,1.0
4972.0,94.52,99.07,26623.0,3.85,Highly Active,6.0
3463.0,65.05,97.04,10092.0,7.91,Sedentary,3.0
1725.0,66.98,97.52,14867.0,8.83,Active,5.0
4575.0,98.02,99.81,11405.0,6.69,Highly Active,8.0
3501.0,69.65,98.13,1671.0,6.97,Highly Active,5.0
4362.0,65.69,100.0,18891.0,5.59,Active,7.0
4605.0,91.5,97.36,28983.0,6.26,Sedentary,6.0
2216.0,75.24,97.75,574.0,6.83,Sedentary,3.0
3197.0,75.24,100.0,574.0,6.57,Highly Active,9.0
2903.0,79.48,95.99,32445.0,6.55,Highly Active,2.0
3806.0,95.09,100.0,2432.0,1.79,Sedentary,9.0
1778.0,59.49,93.66,11996.0,6.75,Highly Active,3.0
1972.0,92.17,96.3,539.0,4.51,Active,8.0
3810.0,52.59,95.75,9229.0,7.21,Highly Active,10.0
4049.0,62.77,94.66,8460.0,8.09,Sedentary,7.0
2538.0,61.55,96.62,19424.0,7.34,Highly Active,1.0
2416.0,72.88,97.08,9132.0,4.78,Highly Active,6.0
4387.0,63.75,98.37,296.0,5.25,Highly Active,10.0
3123.0,94.06,93.84,4191.0,6.4,Active,5.0
1598.0,82.8,100.0,2993.0,7.78,Active,7.0
4341.0,74.78,96.88,5920.0,7.99,Sedentary,7.0
1224.0,61.83,98.42,3914.0,7.04,Sedentary,3.0
2553.0,96.02,96.77,2308.0,5.05,Highly Active,10.0
3160.0,76.48,98.01,7573.0,8.26,Highly Active,5.0
3298.0,71.24,98.53,2609.0,6.46,Active,9.0
4304.0,72.96,99.35,13311.0,5.9,Active,8.0
1840.0,71.67,94.49,2731.0,5.77,Active,6.0
2814.0,87.69,94.49,5070.0,4.22,Sedentary,7.0
1713.0,91.96,92.95,12242.0,8.15,Active,10.0
2106.0,61.11,98.49,12117.0,6.31,Sedentary,1.0
1124.0,65.22,98.57,6175.0,5.46,Sedentary,3.0
4246.0,65.96,96.58,3345.0,7.41,Sedentary,5.0
2092.0,79.8,97.77,5714.0,7.68,Highly Active,10.0
4118.0,89.97,98.39,13265.0,3.9,Sedentary,10.0
3931.0,54.4,96.26,1728.0,8.83,Highly Active,7.0
2279.0,59.3,92.58,915.0,9.83,Sedentary,10.0
2750.0,69.85,97.04,6106.0,6.65,Active,3.0
1029.0,83.01,100.0,5974.0,6.86,Active,2.0
3328.0,60.89,95.88,2429.0,10.09,Sedentary,3.0
3971.0,69.21,96.88,3990.0,4.86,Highly Active,6.0
3017.0,64.18,97.01,649.0,5.72,Highly Active,3.0
4308.0,86.36,97.0,981.0,7.37,Highly Active,8.0
4319.0,73.36,94.93,12335.0,8.22,Active,3.0
3415.0,64.07,99.65,4372.0,6.56,Highly Active,10.0
1494.0,57.35,98.63,736.0,5.28,Highly Active,3.0
4096.0,69.06,97.36,22867.0,8.43,Active,10.0
2609.0,71.04,95.62,1650.0,6.49,Active,10.0
1717.0,87.71,96.65,2668.0,6.5,Active,7.0
4561.0,90.27,98.96,25164.0,7.89,Active,3.0
2016.0,57.25,98.76,1397.0,8.76,Highly Active,8.0
4565.0,89.77,97.82,24255.0,6.86,Highly Active,6.0
2337.0,85.69,99.02,8967.0,7.22,Active,10.0
1605.0,67.03,100.0,3897.0,8.07,Sedentary,8.0
1374.0,86.37,100.0,6326.0,6.16,Active,1.0
3686.0,63.12,95.41,4963.0,5.68,Highly Active,1.0
2960.0,81.08,100.0,11434.0,5.95,Sedentary,1.0
2048.0,111.38,97.51,454.0,5.12,Active,9.0
2357.0,78.46,99.51,11751.0,4.87,Sedentary,8.0
4426.0,69.87,97.41,24692.0,9.83,Active,3.0
1115.0,55.29,94.47,3930.0,5.16,Sedentary,10.0
2619.0,76.23,98.45,1487.0,6.91,Highly Active,1.0
4809.0,89.97,100.0,806.0,6.37,Sedentary,1.0
3146.0,83.11,97.15,980.0,6.67,Sedentary,10.0
2482.0,71.05,100.0,1827.0,8.58,Active,10.0
2546.0,69.02,100.0,7438.0,6.31,Highly Active,5.0
2620.0,82.34,99.79,3762.0,6.87,Sedentary,7.0
3452.0,46.6,99.36,16190.0,7.63,Sedentary,6.0
4285.0,72.13,98.59,4364.0,6.5,Highly Active,6.0
1684.0,89.81,96.24,1171.0,7.29,Active,4.0
3950.0,72.23,96.96,1045.0,6.93,Sedentary,9.0
3550.0,75.11,100.0,8269.0,4.38,Highly Active,2.0
4792.0,73.01,97.68,7034.0,7.65,Highly Active,7.0
2471.0,103.69,94.44,8614.0,8.27,Sedentary,7.0
3941.0,80.77,98.2,2895.0,6.31,Sedentary,4.0
2599.0,55.86,94.07,17258.0,6.31,Sedentary,4.0
3305.0,62.01,96.59,845.0,6.94,Active,7.0
3891.0,76.41,94.51,234.0,9.42,Sedentary,3.0
3168.0,93.87,97.99,9488.0,6.07,Sedentary,8.0
1809.0,84.92,98.5,7912.0,7.43,Highly Active,5.0
1977.0,89.89,100.0,4762.0,6.24,Sedentary,2.0
3101.0,58.05,99.16,313.0,7.4,Sedentary,9.0
4066.0,84.46,97.02,849.0,6.5,Highly Active,7.0
2354.0,63.93,96.17,1521.0,9.19,Sedentary,8.0
1783.0,73.2,98.9,7127.0,7.05,Highly Active,4.0
1240.0,87.75,94.62,7615.0,6.08,Active,10.0
2778.0,66.47,100.0,7909.0,6.12,Sedentary,9.0
2553.0,53.4,98.85,11374.0,6.92,Sedentary,8.0
1482.0,69.48,95.65,176.0,9.5,Highly Active,4.0
2012.0,76.82,96.37,7215.0,8.82,Highly Active,5.0
1186.0,85.24,96.94,2028.0,6.1,Active,7.0
2881.0,61.66,97.82,5925.0,6.64,Active,6.0
3703.0,66.69,98.6,9373.0,6.72,Active,8.0
3309.0,78.23,97.46,8912.0,3.57,Highly Active,3.0
1952.0,83.19,98.65,2377.0,6.15,Sedentary,1.0
2387.0,78.04,97.06,3073.0,6.82,Active,1.0
1490.0,72.8,100.0,17448.0,5.14,Highly Active,7.0
1430.0,63.91,99.53,13228.0,9.09,Sedentary,1.0
1238.0,88.31,100.0,2079.0,4.81,Sedentary,7.0
3351.0,93.2,98.73,6191.0,4.98,Highly Active,10.0
3345.0,66.23,100.0,794.0,7.54,Active,10.0
1075.0,67.88,93.75,7427.0,6.92,Sedentary,1.0
4771.0,85.26,97.96,6798.0,5.82,Highly Active,2.0
2356.0,77.51,100.0,2145.0,8.01,Sedentary,7.0
2923.0,83.73,100.0,2145.0,6.87,Active,8.0
4046.0,79.07,99.23,10673.0,9.27,Active,3.0
2781.0,80.7,96.61,2065.0,3.83,Highly Active,1.0
3689.0,68.89,99.37,10238.0,5.72,Highly Active,9.0
4545.0,45.03,98.96,2663.0,8.98,Active,9.0
1826.0,77.9,95.39,12809.0,7.22,Sedentary,10.0
4994.0,85.35,100.0,217.0,6.34,Active,7.0
3330.0,79.29,97.64,2090.0,5.89,Highly Active,6.0
1590.0,63.81,96.03,1369.0,7.02,Sedentary,4.0
3119.0,66.32,95.55,15487.0,4.78,Active,4.0
4334.0,111.86,96.96,3917.0,4.35,Highly Active,8.0
2902.0,40.0,97.11,1940.0,7.78,Highly Active,9.0
2910.0,66.39,96.2,962.0,7.91,Highly Active,6.0
1574.0,71.74,96.62,6383.0,5.86,Sedentary,7.0
4047.0,56.42,98.37,2332.0,5.8,Highly Active,6.0
1891.0,73.05,99.91,18501.0,6.49,Active,3.0
3059.0,67.61,98.12,4529.0,5.01,Sedentary,3.0
1140.0,77.94,100.0,1041.0,7.5,Sedentary,4.0
2789.0,70.73,96.21,169.0,6.06,Highly Active,2.0
4626.0,64.5,96.71,1850.0,6.4,Highly Active,1.0
1016.0,69.92,99.12,2699.0,6.24,Highly Active,5.0
2086.0,87.71,97.67,1623.0,7.27,Highly Active,4.0
1252.0,75.96,100.0,3186.0,6.93,Highly Active,4.0
1464.0,71.77,95.28,14782.0,9.36,Active,1.0
1375.0,80.27,98.58,344.0,5.92,Active,2.0
2827.0,74.98,99.38,11309.0,9.19,Highly Active,2.0
4028.0,58.4,94.37,3883.0,3.78,Highly Active,10.0
1519.0,85.3,95.37,16582.0,7.23,Sedentary,1.0
2860.0,65.63,96.76,7698.0,4.12,Active,6.0
1089.0,69.86,95.29,1262.0,4.96,Active,9.0
1719.0,52.3,97.82,22445.0,5.04,Active,7.0
3851.0,87.33,99.37,1177.0,4.92,Highly Active,1.0
3843.0,76.87,96.93,2869.0,5.59,Active,1.0
1629.0,79.27,99.48,26978.0,9.8,Highly Active,4.0
4246.0,87.34,96.42,6982.0,4.08,Highly Active,4.0
1075.0,64.44,96.63,26563.0,7.24,Active,3.0
4684.0,75.18,97.58,8174.0,6.86,Highly Active,2.0
1925.0,73.71,94.7,7609.0,9.82,Highly Active,6.0
4734.0,72.29,95.09,6802.0,6.44,Active,4.0
3447.0,62.93,94.79,5675.0,3.07,Active,7.0
2805.0,96.38,98.47,20853.0,5.86,Highly Active,8.0
1969.0,90.21,98.67,5493.0,5.83,Sedentary,3.0
2094.0,81.65,91.79,7620.0,4.65,Sedentary,5.0
3028.0,95.35,100.0,9398.0,5.66,Active,9.0
4251.0,82.12,94.09,5251.0,6.28,Sedentary,10.0
4195.0,82.12,94.09,15307.0,6.41,Highly Active,6.0
2404.0,68.68,100.0,161.0,4.43,Highly Active,5.0
4364.0,68.68,100.0,3521.0,7.41,Highly Active,3.0
3844.0,54.33,96.7,6711.0,8.95,Sedentary,5.0
1194.0,88.0,98.22,134.0,6.92,Active,6.0
4982.0,50.57,97.63,19341.0,8.16,Active,5.0
1227.0,91.54,100.0,12256.0,6.77,Sedentary,9.0
4502.0,82.45,97.47,1731.0,4.93,Active,8.0
2459.0,104.26,100.0,2822.0,6.91,Sedentary,7.0
4858.0,77.7,95.97,7914.0,5.75,Highly Active,7.0
1460.0,84.84,96.75,2919.0,4.84,Sedentary,6.0
1617.0,85.45,97.4,13603.0,6.38,Highly Active,3.0
4092.0,61.72,98.04,2000.0,7.73,Sedentary,5.0
1063.0,58.99,97.89,11937.0,5.99,Sedentary,6.0
3212.0,60.99,96.81,4373.0,9.41,Active,6.0
3074.0,74.51,93.78,4228.0,7.93,Highly Active,3.0
4382.0,74.89,95.47,1291.0,5.68,Highly Active,3.0
4059.0,75.51,99.1,28676.0,5.63,Highly Active,10.0
1284.0,82.41,99.76,2960.0,9.72,Sedentary,1.0
2683.0,63.86,97.43,1603.0,6.0,Sedentary,4.0
3328.0,87.58,96.38,231.0,7.05,Highly Active,2.0
1837.0,81.46,94.63,4762.0,7.13,Sedentary,4.0
1830.0,98.71,100.0,230.0,3.91,Highly Active,4.0
2187.0,81.46,99.08,4253.0,3.93,Active,9.0
4969.0,73.96,95.54,16306.0,7.78,Sedentary,8.0
3965.0,107.21,98.67,4824.0,4.93,Sedentary,2.0
1223.0,73.74,98.14,310.0,6.52,Highly Active,7.0
1783.0,79.34,100.0,2149.0,4.23,Active,6.0
4217.0,81.52,98.34,350.0,6.01,Sedentary,7.0
4012.0,88.97,97.82,14962.0,6.82,Sedentary,7.0
1949.0,76.28,99.23,1922.0,3.41,Highly Active,7.0
4939.0,116.51,99.96,471.0,3.41,Active,3.0
4101.0,66.4,98.02,23375.0,3.41,Highly Active,10.0
1044.0,97.34,95.76,4674.0,5.8,Active,4.0
2810.0,53.06,99.16,3642.0,4.85,Active,8.0
1470.0,60.23,99.25,18329.0,5.94,Sedentary,7.0
3081.0,51.66,98.64,5298.0,5.94,Highly Active,9.0
3700.0,61.12,98.84,2314.0,9.39,Highly Active,8.0
4498.0,50.46,96.98,10991.0,6.32,Highly Active,1.0
1829.0,76.62,98.27,2220.0,5.8,Active,10.0
2909.0,61.61,99.92,4094.0,6.32,Active,9.0
3268.0,97.72,98.85,11378.0,7.14,Sedentary,8.0
2891.0,82.54,99.89,18760.0,7.08,Sedentary,2.0
3581.0,76.0,99.85,6518.0,7.17,Active,4.0
1691.0,78.99,100.0,4920.0,7.4,Sedentary,1.0
2390.0,84.69,100.0,555.0,4.31,Active,3.0
1931.0,92.89,96.91,6718.0,7.27,Active,5.0
1840.0,67.54,96.91,2768.0,6.78,Active,2.0
4814.0,64.78,94.33,5058.0,5.57,Active,1.0
3472.0,64.78,96.4,9554.0,6.66,Sedentary,9.0
2938.0,64.78,98.96,7156.0,6.34,Active,3.0
2573.0,54.57,99.82,714.0,6.47,Highly Active,1.0
3629.0,80.99,96.13,3544.0,6.76,Highly Active,6.0
4187.0,94.36,99.63,3544.0,3.98,Sedentary,4.0
3286.0,84.23,98.3,1147.0,6.89,Sedentary,4.0
4406.0,79.98,100.0,1742.0,7.48,Active,1.0
3488.0,83.11,100.0,17740.0,6.87,Sedentary,1.0
1147.0,102.05,98.8,8726.0,5.41,Sedentary,10.0
2032.0,86.92,97.34,16710.0,5.21,Active,3.0
2311.0,51.73,98.62,4943.0,6.77,Active,8.0
1387.0,73.73,99.98,8.0,7.7,Active,10.0
4121.0,76.31,100.0,245.0,8.46,Active,4.0
2873.0,90.39,97.44,1094.0,7.65,Active,2.0
4588.0,76.25,100.0,10622.0,7.27,Sedentary,5.0
1915.0,75.24,97.72,1577.0,2.69,Active,8.0
2878.0,75.64,100.0,750.0,5.58,Highly Active,9.0
3685.0,78.6,97.0,13813.0,6.97,Active,5.0
4658.0,73.6,96.3,1816.0,5.48,Active,3.0
4748.0,68.71,99.79,4886.0,5.1,Highly Active,6.0
1277.0,72.78,99.56,2903.0,4.91,Sedentary,6.0
2977.0,79.58,95.65,15881.0,9.15,Sedentary,5.0
2859.0,84.31,97.86,8540.0,4.55,Highly Active,10.0
4036.0,116.05,99.19,4235.0,6.18,Active,1.0
4371.0,55.06,98.09,13917.0,5.41,Sedentary,4.0
2825.0,83.81,99.9,9081.0,5.2,Active,4.0
3636.0,97.14,98.84,11584.0,7.12,Sedentary,4.0
2833.0,63.4,99.67,26580.0,7.73,Sedentary,6.0
3696.0,85.27,98.51,1590.0,4.73,Active,4.0
1617.0,69.53,100.0,1584.0,6.58,Active,1.0
2630.0,67.25,100.0,5691.0,6.33,Active,7.0
3182.0,64.0,98.37,5324.0,5.82,Highly Active,6.0
1579.0,73.64,97.97,14234.0,5.1,Highly Active,8.0
2170.0,73.08,97.31,1186.0,8.16,Highly Active,6.0
1489.0,86.3,97.47,3874.0,4.95,Sedentary,3.0
3525.0,53.34,98.64,5254.0,4.55,Active,1.0
2182.0,87.75,99.47,4367.0,8.15,Sedentary,4.0
1383.0,87.42,100.0,486.0,6.8,Highly Active,5.0
1162.0,79.63,94.6,1120.0,4.73,Sedentary,9.0
3488.0,219.28,93.42,1167.0,6.38,Active,7.0
2876.0,93.5,97.71,6345.0,5.56,Active,7.0
2212.0,67.49,98.27,3921.0,8.73,Sedentary,1.0
3462.0,57.16,94.11,1374.0,6.14,Active,2.0
2630.0,66.28,95.76,11371.0,6.47,Sedentary,6.0
2204.0,47.58,98.27,1651.0,8.66,Highly Active,3.0
1287.0,82.41,98.27,8980.0,6.81,Highly Active,7.0
2857.0,55.29,96.89,460.0,8.24,Sedentary,7.0
1186.0,78.5,98.53,13563.0,7.31,Active,10.0
2907.0,89.07,99.16,23026.0,5.67,Highly Active,4.0
2161.0,95.99,98.21,1186.0,6.5,Active,2.0
1129.0,71.23,95.83,10798.0,6.18,Highly Active,3.0
3241.0,64.26,98.77,717.0,5.64,Highly Active,9.0
3363.0,95.05,96.29,22755.0,4.88,Sedentary,7.0
4856.0,97.6,98.92,4211.0,8.54,Sedentary,6.0
2887.0,85.24,100.0,5364.0,3.41,Sedentary,5.0
1143.0,64.62,97.38,10104.0,8.5,Highly Active,2.0
1015.0,55.25,100.0,2002.0,4.49,Active,4.0
4373.0,91.74,99.23,3562.0,7.31,Active,5.0
3470.0,91.74,97.51,508.0,5.62,Highly Active,8.0
1244.0,93.6,100.0,6675.0,4.0,Highly Active,1.0
1926.0,65.02,98.0,11243.0,8.22,Active,9.0
4178.0,91.63,96.25,13366.0,2.9,Highly Active,5.0
4159.0,96.11,96.77,5380.0,7.69,Sedentary,8.0
3176.0,71.37,98.16,10161.0,6.69,Sedentary,2.0
1906.0,79.63,96.61,1137.0,8.08,Sedentary,9.0
1886.0,57.58,97.28,9522.0,7.44,Active,5.0
1340.0,57.96,96.8,32.0,7.42,Highly Active,5.0
3051.0,57.96,99.15,1517.0,7.85,Active,6.0
4398.0,66.9,100.0,7048.0,7.76,Active,5.0
2433.0,78.61,97.74,2705.0,7.18,Highly Active,4.0
4950.0,77.46,96.21,3701.0,6.0,Highly Active,10.0
1305.0,84.79,97.86,12244.0,6.16,Sedentary,6.0
1907.0,82.95,96.05,5926.0,6.66,Active,10.0
3654.0,88.81,100.0,3564.0,6.1,Highly Active,2.0
4792.0,78.41,100.0,4388.0,9.78,Sedentary,5.0
4296.0,79.61,100.0,13207.0,6.37,Active,5.0
2371.0,74.97,99.68,4653.0,6.5,Active,9.0
4039.0,90.75,95.63,14576.0,6.5,Highly Active,10.0
1320.0,102.61,98.83,1987.0,5.24,Highly Active,6.0
1558.0,86.24,98.83,5341.0,9.44,Highly Active,6.0
2204.0,82.46,100.0,3223.0,6.65,Sedentary,3.0
3665.0,71.74,98.73,6263.0,7.45,Active,8.0
3758.0,78.64,96.34,5998.0,7.27,Highly Active,6.0
3181.0,69.08,100.0,5929.0,7.92,Active,5.0
2641.0,69.08,99.71,5252.0,6.86,Highly Active,6.0
4863.0,72.06,97.35,4241.0,5.9,Highly Active,8.0
4843.0,101.84,98.01,16885.0,6.57,Active,9.0
2131.0,73.73,99.01,2183.0,4.66,Active,6.0
3578.0,99.35,97.35,3984.0,6.28,Highly Active,10.0
3457.0,60.42,98.26,1661.0,9.19,Active,2.0
4367.0,77.08,98.68,2827.0,7.6,Sedentary,2.0
1817.0,85.81,97.66,2004.0,6.34,Sedentary,3.0
2194.0,86.58,99.47,7755.0,9.52,Highly Active,10.0
4402.0,58.76,97.39,8608.0,5.59,Active,7.0
3540.0,56.76,96.77,2268.0,7.01,Active,7.0
4266.0,84.29,96.77,28779.0,6.05,Sedentary,3.0
1011.0,66.7,99.29,2341.0,6.19,Highly Active,3.0
1194.0,84.52,97.96,12338.0,7.09,Highly Active,5.0
3537.0,96.54,96.7,2423.0,7.36,Active,5.0
3842.0,65.16,99.72,3731.0,6.2,Sedentary,10.0
3928.0,67.17,97.9,7650.0,5.25,Highly Active,8.0
3229.0,44.61,97.54,5710.0,9.25,Active,8.0
4009.0,87.02,96.85,4939.0,6.65,Sedentary,8.0
4888.0,106.96,95.63,11067.0,4.94,Highly Active,4.0
3959.0,56.3,100.0,8610.0,4.97,Active,3.0
2921.0,93.66,100.0,17187.0,9.49,Active,4.0
4387.0,95.03,95.26,1837.0,10.2,Highly Active,7.0
3741.0,86.76,97.82,115.0,7.0,Sedentary,8.0
3077.0,65.92,98.59,62041.0,5.58,Active,8.0
2619.0,71.35,100.0,2333.0,7.0,Active,1.0
4749.0,83.29,98.63,307.0,6.04,Active,2.0
4867.0,82.85,93.96,1989.0,7.36,Highly Active,6.0
4864.0,71.24,96.04,7735.0,7.03,Active,3.0
2119.0,81.91,100.0,6209.0,6.45,Active,1.0
4452.0,69.58,97.95,1621.0,6.37,Highly Active,6.0
1777.0,73.31,95.87,1442.0,6.17,Active,4.0
1443.0,71.96,95.32,4113.0,7.92,Active,9.0
1297.0,91.42,99.19,95.0,6.5,Highly Active,9.0
1807.0,53.57,96.16,17.0,9.58,Active,9.0
2760.0,53.57,97.8,6715.0,9.72,Sedentary,8.0
1844.0,80.39,97.22,2754.0,5.93,Highly Active,9.0
2015.0,40.96,100.0,169.0,5.96,Active,4.0
2384.0,88.07,95.83,4311.0,6.43,Sedentary,2.0
2397.0,89.94,100.0,19194.0,6.5,Active,1.0
1553.0,68.92,100.0,2060.0,7.78,Sedentary,5.0
3350.0,82.27,95.9,2024.0,8.28,Sedentary,9.0
1420.0,79.01,95.14,4418.0,8.43,Sedentary,10.0
2269.0,108.48,98.61,1125.0,6.19,Active,8.0
4791.0,82.54,98.13,7112.0,6.17,Sedentary,9.0
2260.0,76.59,100.0,12796.0,3.51,Sedentary,5.0
4605.0,91.42,95.61,1514.0,5.51,Highly Active,1.0
1184.0,99.12,98.45,7526.0,5.1,Sedentary,5.0
1467.0,106.08,98.89,15325.0,4.84,Active,1.0
3801.0,66.04,98.23,16337.0,5.77,Highly Active,4.0
3410.0,81.45,97.19,5635.0,6.5,Sedentary,8.0
2306.0,65.68,97.91,1157.0,6.46,Highly Active,9.0
2576.0,109.82,100.0,7535.0,8.54,Active,7.0
1335.0,75.71,94.61,9291.0,8.25,Active,3.0
3209.0,89.36,100.0,9826.0,4.81,Active,3.0
4231.0,72.52,97.01,19063.0,7.14,Highly Active,6.0
2497.0,82.49,95.71,6687.0,5.3,Highly Active,6.0
4672.0,47.91,95.85,4393.0,6.5,Highly Active,6.0
4393.0,90.6,97.72,4888.0,8.47,Highly Active,4.0
3059.0,94.54,98.27,2716.0,5.77,Sedentary,3.0
2447.0,66.11,98.16,413.0,5.02,Highly Active,2.0
4144.0,47.85,97.22,8848.0,6.58,Sedentary,9.0
1587.0,97.24,100.0,140.0,8.48,Highly Active,2.0
3795.0,95.34,95.73,464.0,9.51,Active,10.0
1200.0,86.87,97.27,2847.0,5.58,Sedentary,10.0
1521.0,72.22,97.94,18722.0,6.7,Active,5.0
2887.0,70.8,97.91,4620.0,6.91,Active,10.0
3552.0,95.01,95.78,1696.0,4.37,Active,6.0
4809.0,70.19,98.2,15915.0,4.29,Highly Active,8.0
2711.0,70.19,98.78,5935.0,6.99,Active,6.0
1787.0,74.92,98.82,3232.0,5.94,Sedentary,5.0
4110.0,79.92,98.87,8805.0,4.4,Active,1.0
1059.0,73.39,96.52,4073.0,7.53,Highly Active,7.0
1577.0,75.15,95.78,9165.0,6.59,Highly Active,6.0
1320.0,101.87,96.19,1725.0,6.52,Active,1.0
2458.0,82.87,96.4,1139.0,4.86,Sedentary,8.0
4707.0,80.74,93.32,4325.0,3.94,Highly Active,1.0
3933.0,87.33,97.57,2695.0,5.6,Active,9.0
4479.0,58.22,97.73,6505.0,6.57,Active,7.0
3037.0,90.26,95.95,10884.0,5.44,Highly Active,8.0
1922.0,79.54,98.99,16224.0,4.85,Active,1.0
2409.0,65.74,97.52,10005.0,5.94,Highly Active,2.0
2694.0,65.74,98.94,2927.0,6.55,Highly Active,10.0
1568.0,83.0,96.9,9097.0,8.62,Highly Active,10.0
2101.0,76.29,96.91,5283.0,6.73,Highly Active,6.0
4265.0,91.29,99.62,16557.0,4.3,Sedentary,4.0
4356.0,63.73,94.96,8590.0,3.47,Active,1.0
1526.0,63.73,97.98,1140.0,2.82,Highly Active,4.0
3571.0,63.57,98.84,569.0,7.01,Highly Active,10.0
3660.0,63.57,100.0,5494.0,4.92,Highly Active,7.0
4227.0,77.01,98.65,3179.0,7.25,Highly Active,8.0
4411.0,70.03,95.97,1288.0,8.27,Active,2.0
3172.0,70.03,96.95,11184.0,7.39,Sedentary,8.0
1870.0,54.7,94.34,3295.0,6.16,Sedentary,9.0
1279.0,55.82,96.66,630.0,9.27,Highly Active,2.0
3964.0,70.67,96.66,2129.0,5.81,Active,5.0
4977.0,62.83,100.0,7908.0,5.15,Active,5.0
3669.0,69.24,97.45,7308.0,7.0,Sedentary,9.0
3893.0,94.91,100.0,2131.0,7.66,Sedentary,9.0
2892.0,57.45,96.73,2921.0,2.62,Highly Active,5.0
4729.0,79.49,98.38,358.0,8.17,Highly Active,9.0
2751.0,57.23,93.82,21443.0,4.06,Active,9.0
4981.0,54.98,97.84,2774.0,3.42,Sedentary,2.0
1673.0,80.57,98.13,2774.0,5.98,Sedentary,7.0
2151.0,85.12,96.7,11770.0,4.91,Sedentary,6.0
3361.0,86.84,100.0,2858.0,7.12,Sedentary,8.0
1331.0,91.66,94.48,8293.0,7.03,Active,4.0
2173.0,72.34,94.42,4492.0,6.96,Sedentary,3.0
3039.0,79.12,98.21,26300.0,8.34,Highly Active,2.0
2477.0,69.22,93.56,7122.0,6.03,Sedentary,5.0
1035.0,94.39,99.46,5124.0,6.5,Sedentary,6.0
2708.0,61.33,97.59,7112.0,4.0,Highly Active,3.0
2443.0,82.51,99.38,1741.0,7.94,Active,7.0
4093.0,59.02,98.16,2561.0,5.75,Sedentary,6.0
3253.0,76.65,98.16,8730.0,6.07,Active,4.0
3686.0,50.9,97.81,612.0,5.99,Sedentary,4.0
3895.0,78.4,100.0,2523.0,5.99,Sedentary,1.0
2379.0,104.61,100.0,6765.0,5.95,Sedentary,1.0
1439.0,66.62,98.77,38138.0,3.25,Sedentary,1.0
3776.0,71.36,98.59,18194.0,8.36,Sedentary,9.0
2119.0,88.0,99.41,12496.0,5.52,Highly Active,2.0
3988.0,75.67,97.72,4864.0,5.94,Highly Active,9.0
1163.0,93.33,98.7,11434.0,6.21,Highly Active,7.0
1147.0,80.9,96.63,5730.0,7.29,Active,6.0
4601.0,88.13,95.39,4293.0,5.76,Active,2.0
3341.0,45.33,97.79,1771.0,8.1,Highly Active,10.0
1194.0,76.38,100.0,21102.0,9.31,Active,6.0
1662.0,58.38,99.38,6383.0,8.95,Highly Active,9.0
1479.0,69.08,95.84,7875.0,6.5,Active,1.0
4948.0,69.08,96.6,1065.0,5.64,Active,5.0
1122.0,71.56,97.21,3945.0,5.6,Sedentary,1.0
2423.0,63.24,95.18,23400.0,5.95,Active,2.0
3746.0,93.81,96.5,9922.0,5.22,Highly Active,2.0
1964.0,90.11,95.47,15008.0,7.12,Active,7.0
4523.0,54.42,97.3,3528.0,6.16,Sedentary,6.0
3708.0,86.44,97.02,482.0,6.48,Sedentary,8.0
4175.0,77.55,99.66,3031.0,6.5,Active,1.0
2778.0,78.54,98.55,3301.0,7.18,Active,1.0
2485.0,98.33,100.0,2508.0,6.88,Active,10.0
4814.0,77.32,93.73,5236.0,5.97,Highly Active,2.0
3014.0,85.71,95.83,1493.0,6.28,Highly Active,9.0
4789.0,78.21,98.69,19427.0,6.28,Highly Active,9.0
1709.0,78.29,98.55,16666.0,7.51,Sedentary,8.0
3443.0,61.12,97.34,2123.0,5.33,Highly Active,7.0
1911.0,111.81,99.93,7379.0,5.8,Highly Active,8.0
1702.0,40.0,97.9,4868.0,3.65,Highly Active,10.0
4052.0,64.12,100.0,2014.0,4.89,Sedentary,2.0
4670.0,67.67,98.2,15918.0,6.15,Sedentary,10.0
4213.0,88.63,98.2,1839.0,5.84,Active,3.0
3364.0,53.84,100.0,1839.0,3.56,Highly Active,2.0
2734.0,72.37,98.04,2860.0,7.29,Highly Active,10.0
4629.0,86.8,99.23,12245.0,5.18,Sedentary,4.0
2823.0,56.73,96.08,6779.0,4.07,Highly Active,8.0
4598.0,72.95,98.72,12511.0,7.05,Active,10.0
2579.0,72.48,97.9,2991.0,7.75,Sedentary,7.0
4472.0,66.03,99.35,79.0,2.84,Sedentary,4.0
1680.0,75.55,97.3,1754.0,7.52,Sedentary,6.0
2333.0,68.62,94.68,11790.0,6.18,Highly Active,1.0
3542.0,89.51,99.42,2667.0,6.12,Sedentary,3.0
1555.0,82.94,97.97,2696.0,4.82,Sedentary,6.0
4844.0,75.99,98.27,2248.0,6.36,Highly Active,2.0
3156.0,69.16,98.33,11519.0,9.88,Highly Active,9.0
4866.0,95.05,98.87,2717.0,7.28,Highly Active,9.0
1371.0,81.78,98.81,6484.0,6.5,Highly Active,5.0
3902.0,72.9,100.0,4198.0,8.27,Highly Active,8.0
1615.0,81.58,97.37,2371.0,7.83,Sedentary,1.0
3815.0,103.33,100.0,2158.0,4.32,Active,7.0
2914.0,64.72,97.23,2158.0,7.49,Sedentary,2.0
3253.0,88.27,94.93,1658.0,6.65,Active,7.0
1846.0,81.21,100.0,2969.0,5.45,Sedentary,5.0
1042.0,71.76,96.31,281.0,4.95,Highly Active,4.0
2853.0,64.06,99.61,10935.0,6.28,Sedentary,5.0
3773.0,64.06,98.16,312.0,6.48,Sedentary,5.0
4358.0,79.36,98.45,14405.0,8.22,Sedentary,7.0
2378.0,96.66,100.0,340.0,3.12,Highly Active,2.0
1784.0,92.52,100.0,13195.0,4.61,Highly Active,3.0
1475.0,79.51,99.63,7233.0,6.79,Sedentary,4.0
1082.0,64.17,99.3,4936.0,6.29,Sedentary,3.0
2133.0,105.81,96.2,1096.0,6.67,Sedentary,5.0
3237.0,65.71,98.02,2077.0,5.81,Sedentary,7.0
1799.0,87.46,99.75,8201.0,6.87,Sedentary,1.0
1935.0,48.42,95.86,5024.0,4.12,Highly Active,9.0
4980.0,98.56,97.61,5056.0,9.65,Sedentary,7.0
3298.0,44.49,100.0,1001.0,7.13,Active,2.0
4795.0,70.3,95.18,4512.0,7.19,Active,4.0
3338.0,59.07,98.53,6246.0,4.9,Active,6.0
2668.0,95.93,98.55,913.0,5.62,Sedentary,10.0
4272.0,63.87,98.41,25638.0,7.27,Highly Active,10.0
4868.0,63.87,95.51,12406.0,5.97,Active,7.0
1325.0,79.0,97.89,2674.0,6.9,Active,8.0
2534.0,53.32,98.03,5801.0,5.33,Active,3.0
2686.0,90.43,97.65,5730.0,4.49,Sedentary,10.0
4678.0,74.76,99.6,789.0,8.17,Sedentary,9.0
4861.0,97.61,97.99,4036.0,5.16,Active,9.0
2985.0,84.2,98.43,1630.0,7.86,Highly Active,5.0
2964.0,63.6,95.23,2837.0,5.24,Active,7.0
1836.0,71.98,95.23,20161.0,6.26,Sedentary,8.0
3778.0,86.67,96.84,485.0,6.18,Sedentary,8.0
4672.0,86.67,96.84,7809.0,7.64,Sedentary,6.0
3119.0,64.9,96.23,46202.0,8.95,Sedentary,3.0
2270.0,89.21,95.53,1285.0,6.21,Sedentary,1.0
1640.0,81.1,98.21,8040.0,6.68,Active,1.0
3987.0,82.77,98.59,13008.0,6.63,Highly Active,2.0
2878.0,87.44,100.0,8606.0,5.42,Highly Active,2.0
1607.0,61.01,95.46,16845.0,4.95,Highly Active,3.0
4658.0,77.85,98.07,228.0,6.99,Highly Active,7.0
2958.0,90.11,97.9,464.0,6.83,Sedentary,10.0
4183.0,91.74,98.21,1011.0,6.5,Sedentary,7.0
2367.0,91.71,100.0,310.0,6.57,Highly Active,3.0
4996.0,61.71,92.79,894.0,6.43,Active,3.0
3101.0,106.17,97.21,11886.0,7.28,Active,5.0
2753.0,101.48,97.98,15874.0,7.98,Highly Active,1.0
3575.0,62.02,99.03,2866.0,6.5,Highly Active,7.0
3658.0,70.51,99.39,22056.0,2.64,Highly Active,4.0
4603.0,85.28,94.53,3794.0,4.92,Sedentary,9.0
2581.0,64.18,97.62,1321.0,8.11,Highly Active,7.0
2986.0,64.18,96.09,8005.0,9.06,Highly Active,5.0
3240.0,78.18,98.71,3817.0,8.5,Sedentary,2.0
4966.0,78.18,98.3,137.0,5.84,Highly Active,7.0
3105.0,81.45,98.3,23743.0,6.01,Highly Active,6.0
4508.0,44.54,100.0,6377.0,7.61,Sedentary,10.0
4182.0,87.94,97.41,6651.0,7.4,Highly Active,6.0
1128.0,93.44,97.34,28391.0,2.77,Highly Active,7.0
2872.0,74.05,96.19,12550.0,6.56,Active,4.0
1705.0,77.22,92.01,3153.0,6.42,Highly Active,3.0
4996.0,77.27,98.12,299.0,4.77,Active,2.0
1851.0,66.22,96.22,1761.0,5.6,Highly Active,9.0
4397.0,112.04,98.37,3032.0,6.9,Sedentary,5.0
1007.0,63.26,100.0,22577.0,6.17,Sedentary,2.0
3076.0,88.92,98.4,15367.0,7.9,Sedentary,6.0
2135.0,88.85,98.37,152.0,9.14,Highly Active,5.0
3994.0,68.13,99.98,30523.0,7.92,Highly Active,1.0
4744.0,60.95,100.0,2081.0,7.17,Sedentary,5.0
3178.0,73.4,98.41,10453.0,6.28,Active,7.0
3235.0,85.46,98.37,868.0,7.69,Highly Active,7.0
2698.0,79.6,96.9,868.0,5.57,Sedentary,3.0
3756.0,102.24,99.1,4928.0,5.68,Active,6.0
2498.0,102.24,99.2,8513.0,4.65,Highly Active,4.0
4435.0,66.55,98.08,2966.0,4.17,Highly Active,7.0
4275.0,88.23,95.6,14459.0,8.42,Active,3.0
3259.0,49.98,98.38,19717.0,6.9,Active,5.0
2644.0,66.55,99.55,915.0,7.3,Active,7.0
1275.0,73.04,96.08,8875.0,7.3,Highly Active,4.0
4144.0,74.79,98.52,990.0,9.33,Active,8.0
2702.0,67.38,99.51,2917.0,9.14,Active,1.0
2795.0,47.64,98.65,11987.0,6.47,Highly Active,6.0
1242.0,96.22,100.0,2870.0,6.46,Sedentary,3.0
4858.0,95.43,96.59,16656.0,6.17,Active,8.0
4173.0,50.03,95.92,3711.0,4.83,Sedentary,3.0
4034.0,50.03,96.16,2595.0,5.89,Highly Active,3.0
3732.0,50.03,96.85,31648.0,6.03,Active,4.0
1170.0,83.39,96.6,4078.0,3.17,Sedentary,10.0
1652.0,79.21,99.62,9455.0,3.08,Sedentary,5.0
2932.0,53.14,94.18,6404.0,6.4,Active,2.0
3235.0,87.03,96.57,1584.0,7.75,Active,8.0
4512.0,66.72,99.91,4856.0,5.34,Highly Active,7.0
2109.0,40.0,97.62,564.0,9.12,Sedentary,8.0
2499.0,77.99,95.5,8635.0,6.08,Highly Active,8.0
3099.0,51.55,97.01,5122.0,5.23,Sedentary,10.0
3158.0,92.17,100.0,914.0,4.36,Sedentary,3.0
2972.0,70.63,97.63,10190.0,6.65,Highly Active,4.0
3924.0,76.18,98.61,11428.0,3.48,Sedentary,9.0
4925.0,82.8,97.6,9265.0,5.38,Highly Active,10.0
2066.0,76.57,100.0,2794.0,6.57,Sedentary,4.0
3258.0,66.13,97.37,8990.0,4.4,Active,2.0
3035.0,91.94,96.86,6034.0,5.72,Active,6.0
4271.0,73.37,99.43,5495.0,6.54,Highly Active,9.0
4881.0,58.14,99.18,7324.0,4.67,Highly Active,10.0
1857.0,80.32,97.67,6961.0,7.48,Highly Active,10.0
4823.0,73.79,98.39,11236.0,7.91,Active,2.0
3674.0,74.66,99.38,29873.0,4.98,Highly Active,3.0
2049.0,76.89,96.88,9069.0,6.2,Sedentary,10.0
4990.0,75.84,99.6,4081.0,6.31,Highly Active,6.0
1298.0,96.86,98.18,4335.0,6.5,Active,8.0
4148.0,62.98,98.58,208.0,6.05,Active,8.0
1923.0,43.79,96.86,1220.0,5.42,Sedentary,7.0
1136.0,75.01,97.98,1813.0,4.91,Active,9.0
2043.0,87.48,96.26,32468.0,7.75,Highly Active,9.0
3487.0,51.54,96.93,10081.0,5.63,Highly Active,8.0
1210.0,80.47,100.0,1068.0,6.5,Sedentary,2.0
3799.0,53.9,95.88,4829.0,8.07,Sedentary,4.0
2574.0,87.66,96.82,1681.0,6.72,Active,7.0
3482.0,75.16,96.31,2473.0,4.97,Active,1.0
1779.0,61.8,96.31,6495.0,6.21,Sedentary,6.0
2230.0,50.95,100.0,6397.0,5.05,Sedentary,6.0
3486.0,107.72,100.0,14379.0,4.73,Active,6.0
3713.0,58.81,99.4,4816.0,6.19,Highly Active,10.0
2065.0,58.46,97.78,6394.0,5.57,Active,6.0
1410.0,76.19,97.78,18662.0,7.31,Active,3.0
4594.0,69.22,99.38,5086.0,7.48,Sedentary,9.0
3853.0,70.11,96.78,2916.0,5.44,Highly Active,1.0
3657.0,79.26,95.75,2419.0,6.24,Highly Active,3.0
1426.0,103.77,95.65,1704.0,5.79,Sedentary,4.0
4346.0,95.43,100.0,22959.0,5.02,Sedentary,3.0
2471.0,70.2,96.95,6466.0,6.74,Active,7.0
3949.0,85.83,97.09,2532.0,3.68,Active,2.0
1941.0,47.29,99.14,9569.0,5.06,Sedentary,2.0
2907.0,77.04,97.87,2390.0,4.76,Sedentary,6.0
1741.0,71.45,93.46,4906.0,5.14,Highly Active,7.0
2490.0,89.45,95.86,184.0,4.87,Highly Active,8.0
2243.0,84.33,98.38,13122.0,4.08,Highly Active,9.0
2600.0,79.63,96.08,21953.0,6.06,Sedentary,5.0
4938.0,81.9,100.0,14057.0,5.94,Highly Active,8.0
2255.0,68.5,95.47,1314.0,6.48,Sedentary,6.0
1327.0,89.51,95.76,12212.0,6.85,Active,7.0
2466.0,81.9,95.9,2983.0,7.11,Sedentary,1.0
3099.0,72.57,99.01,19273.0,5.29,Active,6.0
4957.0,76.48,95.56,2488.0,6.59,Active,8.0
2966.0,87.66,100.0,656.0,6.11,Highly Active,5.0
1375.0,89.08,100.0,13417.0,6.34,Active,9.0
1262.0,69.87,99.81,868.0,5.81,Active,3.0
1266.0,61.59,94.68,5458.0,5.3,Highly Active,3.0
3406.0,68.17,98.52,5458.0,6.13,Active,10.0
4388.0,68.94,93.67,9899.0,5.79,Highly Active,7.0
4395.0,76.85,100.0,9673.0,6.5,Highly Active,9.0
2944.0,92.96,98.62,10477.0,6.5,Active,6.0
4979.0,67.94,99.0,458.0,5.09,Highly Active,6.0
4737.0,80.82,97.13,13682.0,5.69,Active,2.0
2893.0,72.24,97.13,4396.0,9.98,Sedentary,2.0
2901.0,75.29,98.06,1732.0,3.77,Active,9.0
3699.0,79.54,98.41,2486.0,4.08,Active,5.0
4634.0,93.02,99.16,16313.0,8.08,Highly Active,2.0
2652.0,78.71,94.96,42.0,9.37,Highly Active,2.0
2444.0,40.0,98.32,11327.0,8.68,Sedentary,8.0
1045.0,72.01,100.0,18033.0,6.97,Highly Active,6.0
4892.0,98.54,97.12,2014.0,5.85,Sedentary,4.0
1599.0,92.13,100.0,12082.0,6.09,Highly Active,7.0
1719.0,86.86,94.87,1230.0,7.1,Active,10.0
2912.0,92.69,100.0,115.0,7.9,Highly Active,5.0
2292.0,87.36,95.46,6495.0,7.3,Sedentary,3.0
1600.0,92.4,98.21,7273.0,6.5,Highly Active,9.0
1380.0,58.24,98.58,1139.0,4.74,Sedentary,6.0
1117.0,74.1,98.12,5029.0,6.92,Sedentary,6.0
4637.0,77.21,96.5,3409.0,4.42,Active,3.0
3163.0,75.81,100.0,555.0,3.64,Active,5.0
4701.0,66.34,96.27,4961.0,7.81,Sedentary,2.0
1259.0,77.19,100.0,6159.0,6.89,Sedentary,9.0
2098.0,49.5,96.0,1714.0,8.82,Active,2.0
2503.0,81.8,100.0,9424.0,7.96,Sedentary,4.0
3352.0,81.8,95.16,528.0,5.57,Sedentary,8.0
3054.0,42.36,96.56,5605.0,6.87,Sedentary,9.0
1365.0,75.25,96.56,2531.0,5.31,Highly Active,10.0
2657.0,98.22,100.0,4010.0,4.08,Sedentary,5.0
3570.0,98.22,99.18,15676.0,8.29,Highly Active,10.0
4419.0,71.35,93.77,7760.0,6.21,Highly Active,8.0
2461.0,50.67,95.53,1128.0,8.52,Sedentary,3.0
3024.0,78.86,94.03,15220.0,6.66,Sedentary,9.0
4286.0,88.07,97.34,3266.0,6.92,Sedentary,7.0
3476.0,62.86,97.28,2922.0,7.37,Sedentary,6.0
1790.0,68.65,97.28,4874.0,6.22,Sedentary,2.0
4569.0,72.77,97.73,1608.0,6.14,Sedentary,10.0
4611.0,93.59,100.0,17193.0,6.86,Highly Active,9.0
1746.0,54.03,95.45,4416.0,8.37,Highly Active,9.0
3414.0,68.19,97.32,3504.0,7.26,Active,5.0
1312.0,98.56,96.78,1312.0,6.53,Sedentary,2.0
1537.0,64.09,96.84,11361.0,5.88,Highly Active,3.0
1920.0,69.08,99.56,21379.0,6.32,Active,5.0
2077.0,77.7,99.26,14260.0,5.2,Sedentary,4.0
4612.0,109.91,95.05,1233.0,5.03,Sedentary,2.0
2490.0,58.24,97.76,9749.0,6.14,Highly Active,10.0
3912.0,86.33,98.34,1599.0,6.51,Sedentary,10.0
4235.0,57.18,100.0,1599.0,7.59,Highly Active,1.0
3829.0,59.89,100.0,4638.0,4.81,Sedentary,6.0
3381.0,67.3,98.86,7769.0,6.52,Sedentary,9.0
4618.0,81.97,98.31,929.0,6.5,Sedentary,1.0
1797.0,66.75,98.93,6511.0,5.03,Active,6.0
1347.0,76.99,95.99,12989.0,5.81,Highly Active,7.0
1272.0,64.24,96.88,1641.0,7.64,Highly Active,4.0
4010.0,64.24,96.09,3908.0,6.41,Active,4.0
1719.0,55.53,100.0,4835.0,3.47,Active,3.0
2773.0,55.91,97.26,12454.0,7.66,Active,8.0
3547.0,84.17,98.37,10267.0,4.09,Active,3.0
4164.0,77.91,98.95,7955.0,5.18,Highly Active,7.0
1684.0,63.38,100.0,6732.0,6.31,Highly Active,8.0
3126.0,58.03,98.2,4978.0,6.97,Active,10.0
1621.0,90.51,97.77,3230.0,8.04,Highly Active,2.0
3039.0,95.45,100.0,5040.0,5.15,Sedentary,9.0
4288.0,82.62,97.88,13456.0,5.82,Sedentary,9.0
1946.0,80.33,96.07,5917.0,7.83,Active,10.0
3405.0,42.93,93.62,29687.0,8.07,Highly Active,7.0
3665.0,83.9,98.74,1076.0,6.01,Highly Active,5.0
1506.0,98.83,97.73,4073.0,5.7,Highly Active,10.0
2582.0,91.08,100.0,1564.0,7.25,Active,8.0
4252.0,90.27,97.56,3180.0,3.39,Sedentary,9.0
3623.0,50.17,97.56,10917.0,6.48,Sedentary,7.0
4317.0,64.44,99.54,12192.0,6.46,Sedentary,8.0
1243.0,72.83,98.18,226.0,5.8,Active,7.0
1505.0,64.33,99.7,21459.0,7.21,Sedentary,7.0
1421.0,57.6,98.45,14383.0,8.14,Highly Active,7.0
4391.0,81.29,98.48,16475.0,5.04,Active,6.0
4158.0,89.95,98.31,3310.0,5.41,Highly Active,9.0
3264.0,54.05,96.85,4810.0,6.5,Highly Active,1.0
4021.0,90.57,98.16,1292.0,4.32,Active,1.0
4590.0,78.35,98.12,3539.0,5.7,Active,5.0
2872.0,86.92,98.08,13929.0,6.78,Active,6.0
4793.0,86.92,97.44,6091.0,6.07,Highly Active,6.0
2192.0,75.03,96.22,14788.0,2.89,Active,4.0
1329.0,102.28,96.22,586.0,2.89,Active,6.0
1649.0,84.18,95.7,18316.0,4.75,Sedentary,2.0
2464.0,69.48,94.41,782.0,6.57,Active,7.0
1390.0,83.54,100.0,8860.0,8.41,Highly Active,5.0
2519.0,81.99,97.29,7256.0,5.75,Sedentary,9.0
4377.0,62.7,96.39,5823.0,7.54,Active,1.0
1741.0,92.73,97.63,3015.0,8.53,Sedentary,2.0
3010.0,71.06,100.0,2245.0,7.77,Active,10.0
1819.0,70.22,93.21,20363.0,8.71,Highly Active,9.0
1672.0,83.73,99.72,4075.0,3.04,Active,6.0
3560.0,67.23,96.94,12925.0,7.13,Highly Active,5.0
2771.0,78.43,97.91,8988.0,8.43,Active,10.0
3996.0,69.3,96.52,7473.0,7.18,Active,9.0
1929.0,69.3,96.52,5834.0,4.66,Active,5.0
2539.0,78.93,96.21,9244.0,5.4,Highly Active,3.0
1912.0,80.31,99.8,13264.0,8.75,Highly Active,1.0
1643.0,43.87,100.0,329.0,6.45,Highly Active,6.0
1426.0,54.74,100.0,39211.0,5.55,Highly Active,7.0
1501.0,92.44,100.0,2128.0,5.55,Sedentary,3.0
1729.0,76.11,100.0,8487.0,7.2,Active,9.0
2283.0,288.26,100.0,21496.0,5.29,Highly Active,2.0
4584.0,76.27,96.83,10082.0,6.45,Sedentary,4.0
3118.0,51.45,99.86,1826.0,9.09,Active,1.0
3525.0,66.4,96.68,3149.0,7.7,Sedentary,2.0
4249.0,78.8,100.0,3743.0,8.46,Active,6.0
1456.0,78.83,97.61,6179.0,6.5,Active,7.0
3236.0,90.1,98.75,6466.0,7.57,Sedentary,1.0
3178.0,81.98,95.65,10855.0,8.49,Active,7.0
4591.0,82.92,97.5,13746.0,5.26,Highly Active,8.0
4836.0,82.92,96.03,657.0,6.44,Active,2.0
1919.0,62.24,100.0,2233.0,5.47,Highly Active,3.0
3339.0,75.73,97.43,2948.0,5.59,Sedentary,10.0
2969.0,90.3,97.87,94.0,6.28,Active,7.0
1755.0,87.39,95.86,3784.0,6.5,Active,2.0
2658.0,71.98,94.94,3111.0,5.94,Active,10.0
2834.0,74.11,96.26,5217.0,7.53,Highly Active,5.0
2567.0,92.26,96.23,3741.0,5.34,Active,1.0
2869.0,99.23,96.19,6369.0,7.68,Highly Active,2.0
1376.0,81.59,99.48,11401.0,5.13,Highly Active,8.0
4729.0,50.46,97.08,10181.0,4.84,Highly Active,8.0
2179.0,85.1,99.17,3633.0,8.3,Active,4.0
1507.0,99.82,99.17,3455.0,7.77,Sedentary,2.0
2436.0,58.22,98.49,267.0,5.99,Highly Active,4.0
3575.0,87.69,99.34,604.0,5.99,Active,9.0
4426.0,72.18,96.56,14412.0,5.65,Sedentary,4.0
1558.0,93.66,100.0,11475.0,7.52,Active,9.0
4834.0,57.63,98.12,149.0,6.5,Active,7.0
4258.0,68.49,95.62,15000.0,4.98,Sedentary,7.0
4102.0,51.48,96.7,6661.0,8.04,Highly Active,6.0
3307.0,80.09,97.28,11334.0,8.63,Sedentary,10.0
1420.0,83.3,97.28,4887.0,6.27,Highly Active,2.0
2552.0,80.16,93.13,1143.0,9.92,Highly Active,9.0
4622.0,67.26,95.71,3090.0,8.46,Highly Active,4.0
1303.0,68.41,99.33,4185.0,6.5,Active,10.0
1941.0,70.09,97.54,9814.0,5.93,Highly Active,2.0
4110.0,88.28,98.54,11725.0,4.42,Highly Active,9.0
4560.0,53.21,98.46,9469.0,5.84,Active,5.0
4715.0,69.89,97.52,4532.0,6.86,Highly Active,6.0
3589.0,52.92,96.49,7628.0,6.56,Active,7.0
4741.0,68.86,96.81,2452.0,6.55,Highly Active,4.0
2301.0,74.79,98.3,30845.0,8.0,Active,3.0
4274.0,106.51,95.81,1289.0,6.75,Highly Active,9.0
1283.0,64.98,98.79,9001.0,7.53,Sedentary,2.0
3155.0,90.41,100.0,1178.0,7.17,Sedentary,6.0
3315.0,49.34,93.48,2308.0,6.93,Highly Active,3.0
3269.0,75.6,99.07,9671.0,7.88,Highly Active,9.0
2827.0,75.6,97.61,9142.0,7.7,Highly Active,2.0
2553.0,86.18,99.02,931.0,4.81,Sedentary,3.0
4161.0,66.81,96.85,7944.0,6.5,Active,9.0
1692.0,63.23,100.0,1596.0,6.68,Active,5.0
1254.0,43.8,97.62,25273.0,5.07,Highly Active,3.0
2478.0,79.97,98.35,6468.0,6.4,Highly Active,5.0
3300.0,65.37,98.81,24.0,6.89,Active,5.0
1256.0,90.38,98.27,1636.0,7.38,Sedentary,6.0
3430.0,82.68,98.36,1826.0,7.94,Highly Active,9.0
1441.0,92.78,98.56,1987.0,7.65,Highly Active,9.0
2881.0,61.9,97.02,5701.0,9.26,Highly Active,10.0
3646.0,78.07,97.42,1611.0,6.66,Active,1.0
2113.0,77.85,100.0,3727.0,6.26,Sedentary,3.0
4820.0,67.56,94.91,1332.0,4.3,Sedentary,9.0
3437.0,93.46,96.37,7695.0,7.95,Active,8.0
1581.0,86.72,94.57,5887.0,7.41,Active,6.0
4115.0,105.46,94.61,6935.0,5.65,Active,4.0
2735.0,85.42,94.61,23966.0,6.86,Active,1.0
4735.0,103.03,97.55,3568.0,6.48,Active,1.0
3645.0,102.69,99.06,1699.0,6.76,Highly Active,10.0
1018.0,67.63,98.76,46910.0,6.09,Active,10.0
2124.0,52.96,99.22,419.0,6.67,Sedentary,4.0
4985.0,100.3,96.75,11638.0,4.22,Sedentary,7.0
3654.0,85.41,100.0,1239.0,5.89,Sedentary,4.0
4837.0,82.82,97.93,7651.0,6.96,Active,8.0
2380.0,68.27,100.0,4494.0,5.44,Active,9.0
2565.0,80.96,97.17,12786.0,7.08,Sedentary,7.0
4832.0,90.26,96.62,9194.0,9.6,Sedentary,5.0
3080.0,84.88,98.56,1324.0,4.77,Active,7.0
2993.0,65.79,95.44,7660.0,3.75,Highly Active,10.0
4300.0,98.14,95.41,1713.0,8.31,Sedentary,6.0
2547.0,76.87,100.0,1298.0,9.64,Active,3.0
4701.0,85.19,98.21,615.0,7.06,Highly Active,6.0
1861.0,87.61,97.39,845.0,6.51,Sedentary,2.0
3745.0,106.98,100.0,8519.0,5.53,Sedentary,5.0
4494.0,81.22,96.54,33905.0,7.31,Active,7.0
1904.0,74.22,100.0,7885.0,6.48,Sedentary,9.0
2269.0,103.71,97.67,8628.0,6.5,Sedentary,1.0
1404.0,91.62,96.47,10686.0,3.93,Highly Active,2.0
1843.0,79.59,100.0,15388.0,6.99,Sedentary,8.0
2782.0,78.65,96.57,2181.0,5.25,Active,3.0
2564.0,45.6,98.14,6494.0,7.92,Highly Active,6.0
2184.0,73.69,100.0,1709.0,4.78,Sedentary,2.0
1746.0,53.96,97.31,5220.0,7.44,Active,9.0
2725.0,40.0,98.0,1638.0,5.63,Sedentary,9.0
4188.0,40.0,98.38,463.0,5.85,Highly Active,5.0
1270.0,54.28,100.0,647.0,7.77,Active,5.0
1769.0,69.67,97.51,26197.0,5.31,Active,2.0
2715.0,79.62,100.0,42.0,4.25,Active,3.0
2510.0,82.64,97.53,8202.0,6.61,Sedentary,2.0
4956.0,82.64,99.62,15282.0,5.51,Active,5.0
1171.0,55.67,96.88,3503.0,6.5,Highly Active,3.0
1273.0,73.18,98.39,8620.0,7.03,Sedentary,1.0
3306.0,59.01,99.13,3004.0,6.93,Sedentary,10.0
2158.0,96.05,98.0,5270.0,6.68,Active,10.0
2706.0,291.4,96.24,19209.0,7.26,Active,9.0
4793.0,57.91,97.27,303.0,3.51,Active,5.0
2771.0,59.23,99.91,2176.0,5.36,Active,3.0
1421.0,75.1,97.12,784.0,6.92,Sedentary,3.0
2444.0,75.87,100.0,4795.0,8.05,Highly Active,5.0
2209.0,72.1,98.29,10302.0,6.86,Highly Active,8.0
3411.0,89.91,98.29,26285.0,8.25,Sedentary,2.0
4678.0,60.58,98.62,1183.0,5.48,Active,5.0
3425.0,90.05,98.28,314.0,5.58,Highly Active,7.0
4594.0,73.59,100.0,1042.0,5.94,Active,7.0
1579.0,87.94,97.31,24261.0,6.38,Active,9.0
1890.0,65.62,98.88,2701.0,3.84,Active,9.0
1721.0,86.67,100.0,2176.0,6.47,Highly Active,3.0
4267.0,62.9,100.0,9298.0,6.45,Sedentary,3.0
1880.0,99.71,98.77,900.0,5.58,Highly Active,7.0
2121.0,73.8,95.39,3006.0,5.35,Active,7.0
3652.0,68.54,95.16,1095.0,6.91,Highly Active,7.0
3007.0,57.39,98.86,25634.0,7.38,Highly Active,6.0
3069.0,77.53,99.02,2350.0,6.72,Highly Active,2.0
2473.0,72.77,98.24,2195.0,6.71,Active,3.0
4243.0,54.94,97.49,7044.0,6.45,Highly Active,8.0
1382.0,63.95,97.88,117.0,6.52,Active,8.0
3181.0,45.69,97.84,7420.0,7.52,Active,1.0
2449.0,58.05,97.76,4234.0,8.93,Highly Active,2.0
4096.0,73.16,98.8,1425.0,8.74,Sedentary,5.0
2590.0,80.3,98.07,4663.0,4.87,Sedentary,3.0
4256.0,70.14,96.62,48273.0,3.33,Active,4.0
4156.0,82.07,97.31,12776.0,7.3,Highly Active,9.0
2590.0,60.62,95.25,25592.0,6.53,Sedentary,1.0
2786.0,81.66,93.78,18232.0,6.41,Active,7.0
1143.0,73.84,98.11,12020.0,7.07,Highly Active,4.0
2886.0,71.91,98.53,2853.0,6.13,Highly Active,9.0
4981.0,74.95,95.71,9164.0,4.07,Active,9.0
2702.0,66.01,98.97,3478.0,4.79,Active,9.0
2435.0,51.98,98.57,3478.0,4.88,Sedentary,3.0
1223.0,59.32,96.66,14467.0,7.5,Sedentary,3.0
1219.0,53.82,97.82,1608.0,7.5,Active,7.0
1178.0,71.58,95.35,2463.0,5.8,Active,7.0
2654.0,85.24,99.16,18665.0,10.4,Highly Active,1.0
1432.0,97.25,94.01,8418.0,3.66,Active,10.0
1264.0,68.08,97.62,470.0,5.74,Active,2.0
1953.0,72.59,100.0,908.0,6.77,Highly Active,4.0
1428.0,103.24,97.92,6065.0,2.67,Highly Active,9.0
4733.0,68.96,97.01,11223.0,8.78,Highly Active,8.0
3463.0,65.6,95.27,11019.0,5.46,Highly Active,7.0
4524.0,73.04,100.0,3873.0,6.55,Active,8.0
3774.0,68.63,95.35,2094.0,7.17,Active,3.0
3244.0,64.82,100.0,10849.0,4.11,Highly Active,4.0
2577.0,53.88,97.18,20185.0,10.15,Highly Active,8.0
4124.0,98.89,98.35,4111.0,6.7,Highly Active,7.0
1479.0,83.26,97.71,1034.0,5.99,Sedentary,4.0
4514.0,99.25,95.56,6586.0,4.83,Highly Active,7.0
2353.0,89.32,96.41,520.0,6.81,Sedentary,1.0
4322.0,75.23,100.0,6618.0,6.5,Active,6.0
4878.0,49.95,93.71,1329.0,6.71,Active,2.0
1889.0,61.36,97.66,5079.0,8.6,Highly Active,9.0
4854.0,69.77,100.0,6875.0,8.25,Active,9.0
1924.0,60.54,100.0,4143.0,5.67,Highly Active,8.0
3170.0,47.71,98.91,12293.0,6.08,Sedentary,9.0
2902.0,61.64,98.98,3287.0,7.31,Active,9.0
2410.0,72.09,97.88,1179.0,8.27,Highly Active,7.0
2362.0,98.85,97.16,4364.0,8.8,Sedentary,5.0
1777.0,64.9,100.0,23181.0,8.94,Sedentary,3.0
1028.0,60.35,99.02,2608.0,7.63,Highly Active,8.0
4022.0,71.63,96.16,1946.0,4.42,Active,6.0
1034.0,74.48,96.7,4622.0,5.81,Active,9.0
4589.0,99.0,96.7,7453.0,4.74,Sedentary,6.0
2419.0,40.0,97.37,18294.0,4.77,Highly Active,7.0
3670.0,62.83,96.74,6651.0,6.86,Sedentary,4.0
4365.0,78.7,100.0,12660.0,5.46,Sedentary,5.0
1588.0,81.27,96.0,8337.0,6.93,Highly Active,5.0
4420.0,57.34,100.0,749.0,4.69,Sedentary,9.0
4218.0,74.42,98.49,15565.0,7.23,Active,3.0
4138.0,75.19,100.0,1558.0,5.85,Active,9.0
1903.0,97.07,96.48,3197.0,6.06,Active,10.0
3567.0,78.13,99.91,12840.0,4.55,Sedentary,4.0
3169.0,72.87,99.78,27114.0,8.03,Highly Active,8.0
1339.0,64.44,96.85,2604.0,6.71,Highly Active,6.0
1174.0,84.11,97.23,3383.0,7.31,Highly Active,7.0
2923.0,71.18,94.96,4653.0,4.59,Highly Active,3.0
2714.0,66.5,95.85,4824.0,7.51,Active,1.0
1596.0,60.3,99.6,9715.0,6.56,Active,2.0
1450.0,70.55,97.68,11892.0,5.76,Active,5.0
1556.0,85.48,95.3,33002.0,8.57,Highly Active,3.0
2159.0,67.3,98.92,11416.0,7.11,Highly Active,2.0
4926.0,75.52,100.0,2495.0,7.18,Active,5.0
4087.0,66.65,100.0,3104.0,3.55,Highly Active,3.0
2356.0,77.56,100.0,6737.0,8.12,Highly Active,6.0
4266.0,76.25,94.17,8123.0,7.17,Sedentary,2.0
4567.0,63.19,98.92,660.0,8.36,Active,9.0
3056.0,87.48,94.26,2948.0,5.61,Active,7.0
4899.0,53.16,95.54,1585.0,5.43,Sedentary,5.0
3381.0,92.03,99.91,4963.0,8.92,Sedentary,4.0
4404.0,79.94,98.76,1293.0,7.94,Sedentary,9.0
2016.0,83.82,100.0,6085.0,4.36,Highly Active,2.0
3374.0,50.24,97.67,4409.0,6.52,Active,9.0
3062.0,74.23,97.67,3622.0,8.03,Highly Active,3.0
1838.0,98.01,98.58,7328.0,6.77,Active,4.0
2637.0,72.82,96.18,3769.0,5.68,Sedentary,3.0
1225.0,76.95,99.94,3567.0,5.5,Active,4.0
4496.0,57.84,97.99,7371.0,6.6,Active,7.0
2813.0,53.41,98.53,413.0,8.03,Highly Active,8.0
4479.0,78.46,100.0,3965.0,5.01,Active,8.0
3160.0,64.83,100.0,1522.0,3.3,Sedentary,1.0
3020.0,66.69,97.31,275.0,5.89,Highly Active,8.0
2451.0,75.95,99.2,247.0,7.18,Highly Active,7.0
3048.0,85.3,97.78,1284.0,7.51,Highly Active,2.0
3313.0,82.89,96.64,3983.0,4.98,Highly Active,6.0
2514.0,76.49,97.76,5854.0,6.9,Active,1.0
2231.0,88.31,99.62,11124.0,5.54,Active,1.0
2645.0,90.66,99.56,6550.0,7.6,Highly Active,4.0
2735.0,90.66,95.08,5139.0,6.3,Active,2.0
3999.0,100.02,97.47,259.0,7.76,Sedentary,3.0
4440.0,58.69,100.0,2476.0,6.6,Active,6.0
1305.0,52.0,94.98,8250.0,7.25,Sedentary,4.0
3059.0,95.75,95.33,2208.0,5.84,Highly Active,7.0
4416.0,64.5,100.0,6316.0,5.43,Sedentary,1.0
4536.0,40.0,97.47,6483.0,6.07,Active,3.0
2723.0,70.11,94.04,2548.0,7.42,Active,7.0
2689.0,93.43,97.63,5934.0,10.29,Highly Active,1.0
2517.0,70.39,96.84,847.0,8.39,Sedentary,6.0
2391.0,48.37,96.31,9087.0,8.78,Sedentary,5.0
4917.0,70.66,100.0,160.0,6.34,Highly Active,4.0
3984.0,72.21,94.43,252.0,5.69,Sedentary,3.0
1419.0,69.96,96.69,14295.0,3.19,Active,9.0
4005.0,64.21,98.37,6077.0,5.6,Active,10.0
4862.0,64.92,94.84,1245.0,4.43,Active,9.0
3218.0,85.92,100.0,6443.0,7.65,Sedentary,3.0
1133.0,66.3,96.35,3233.0,6.2,Sedentary,10.0
3030.0,77.42,95.62,2202.0,4.52,Active,6.0
4012.0,77.37,99.25,11674.0,7.32,Sedentary,1.0
2450.0,65.76,99.17,4541.0,6.98,Highly Active,8.0
4096.0,63.71,97.97,2432.0,4.8,Active,6.0
2553.0,76.05,96.07,20139.0,8.77,Active,3.0
4261.0,50.22,97.02,1262.0,5.37,Highly Active,5.0
2164.0,104.91,98.06,1072.0,7.39,Highly Active,8.0
4626.0,66.41,96.28,717.0,6.31,Highly Active,8.0
2869.0,69.14,100.0,930.0,6.31,Sedentary,4.0
2819.0,86.05,100.0,2040.0,7.88,Sedentary,7.0
3705.0,72.45,95.28,8393.0,4.85,Sedentary,5.0
4386.0,68.74,100.0,7800.0,9.23,Highly Active,10.0
4515.0,54.94,97.59,10092.0,4.6,Sedentary,1.0
2342.0,76.53,95.22,5999.0,4.91,Highly Active,4.0
2464.0,66.8,98.97,4749.0,8.94,Sedentary,7.0
4163.0,106.22,97.36,3958.0,6.46,Sedentary,7.0
3226.0,71.92,98.83,14536.0,6.97,Highly Active,8.0
2079.0,71.92,99.84,2946.0,7.13,Sedentary,8.0
2178.0,89.25,99.34,15548.0,4.88,Highly Active,10.0
2695.0,60.0,96.55,2256.0,9.32,Highly Active,9.0
1110.0,76.59,100.0,1198.0,9.79,Sedentary,5.0
3184.0,96.07,97.29,2062.0,3.7,Sedentary,9.0
3279.0,70.37,99.57,4838.0,5.83,Sedentary,3.0
4039.0,71.93,99.48,18215.0,7.52,Highly Active,7.0
1467.0,89.02,98.73,1366.0,6.33,Highly Active,4.0
3779.0,96.38,98.86,6071.0,5.69,Highly Active,1.0
3528.0,72.94,96.06,1719.0,7.34,Highly Active,1.0
1813.0,48.92,95.97,4379.0,9.04,Sedentary,3.0
2272.0,61.46,99.87,9258.0,3.9,Active,8.0
1993.0,67.84,97.02,13571.0,4.99,Active,7.0
3031.0,90.85,97.18,2853.0,5.37,Sedentary,10.0
1322.0,78.46,96.91,19486.0,10.1,Sedentary,8.0
3969.0,64.87,97.0,4423.0,8.76,Sedentary,4.0
1903.0,58.11,97.71,19312.0,6.91,Sedentary,6.0
2541.0,52.6,97.27,1835.0,6.37,Highly Active,7.0
2999.0,82.74,98.37,15917.0,7.16,Highly Active,4.0
2815.0,69.16,97.61,2842.0,8.26,Sedentary,10.0
4503.0,90.22,97.61,9725.0,6.12,Active,8.0
4558.0,53.5,99.57,24134.0,6.91,Active,9.0
3653.0,81.41,98.56,17026.0,5.99,Active,5.0
3476.0,81.41,99.46,17026.0,6.5,Active,3.0
4340.0,65.8,98.09,2961.0,3.82,Active,6.0
4780.0,66.89,98.94,6639.0,5.46,Sedentary,10.0
4608.0,76.54,95.63,8565.0,5.94,Highly Active,7.0
1147.0,74.53,97.09,5439.0,7.15,Highly Active,5.0
2141.0,61.63,99.17,13209.0,6.9,Sedentary,9.0
1849.0,82.73,97.08,420.0,4.41,Sedentary,10.0
1366.0,93.08,100.0,6408.0,6.51,Highly Active,6.0
3897.0,71.34,100.0,5215.0,5.68,Active,5.0
2089.0,83.73,98.55,281.0,6.13,Active,6.0
3038.0,72.61,98.13,90.0,6.62,Highly Active,9.0
3860.0,111.15,100.0,6522.0,8.42,Sedentary,2.0
4441.0,75.21,92.9,879.0,5.81,Active,5.0
1174.0,85.52,98.71,10243.0,9.02,Active,2.0
2854.0,92.51,100.0,20866.0,4.55,Sedentary,4.0
1587.0,65.39,94.56,1367.0,5.18,Sedentary,5.0
1494.0,85.59,96.3,11216.0,6.36,Active,10.0
4020.0,87.94,99.91,6265.0,4.75,Sedentary,8.0
2137.0,81.45,97.7,4159.0,4.52,Active,2.0
1976.0,86.45,99.01,7355.0,6.61,Sedentary,7.0
2784.0,65.28,94.06,11348.0,4.51,Highly Active,9.0
4510.0,107.21,95.07,24698.0,5.06,Sedentary,4.0
4786.0,40.0,97.0,7562.0,6.38,Active,1.0
2170.0,62.38,100.0,9619.0,9.05,Highly Active,8.0
1034.0,54.93,99.4,6547.0,6.21,Sedentary,1.0
1998.0,100.84,96.09,5828.0,6.7,Highly Active,5.0
2332.0,73.04,96.31,469.0,4.78,Active,4.0
3585.0,60.83,99.22,1180.0,4.93,Highly Active,8.0
3797.0,65.92,98.21,3338.0,3.06,Active,7.0
2037.0,52.13,98.81,7339.0,5.02,Sedentary,2.0
1373.0,84.41,97.13,552.0,7.65,Active,6.0
3604.0,85.92,96.92,5503.0,5.64,Sedentary,9.0
2451.0,79.55,97.91,93.0,6.73,Sedentary,9.0
2751.0,64.26,96.49,10170.0,6.83,Active,10.0
3280.0,97.89,96.48,7696.0,7.6,Sedentary,5.0
1704.0,86.73,94.38,5148.0,8.99,Highly Active,6.0
1562.0,86.73,96.95,5926.0,7.41,Sedentary,8.0
3986.0,72.09,95.62,18896.0,6.14,Sedentary,9.0
3934.0,57.65,96.66,16603.0,7.7,Highly Active,7.0
3773.0,97.08,97.7,11017.0,6.96,Sedentary,10.0
4734.0,68.27,99.56,2869.0,3.14,Sedentary,4.0
4511.0,54.31,97.47,794.0,4.7,Highly Active,8.0
4573.0,72.81,98.16,2714.0,6.16,Active,2.0
4346.0,98.85,97.2,9759.0,5.62,Sedentary,8.0
2873.0,87.97,98.29,6609.0,6.32,Sedentary,4.0
3123.0,67.18,97.78,8559.0,2.86,Sedentary,3.0
3729.0,72.39,93.92,779.0,7.76,Active,8.0
4803.0,89.92,97.6,1208.0,6.42,Active,3.0
2883.0,95.92,97.77,7641.0,8.32,Sedentary,10.0
2979.0,51.74,97.77,3254.0,6.54,Sedentary,9.0
1698.0,214.35,96.38,3225.0,6.8,Sedentary,6.0
2312.0,69.68,97.21,3491.0,4.95,Active,8.0
3962.0,67.69,99.43,11125.0,4.69,Active,6.0
2563.0,95.13,96.48,8406.0,6.7,Sedentary,3.0
3938.0,54.68,96.79,785.0,6.5,Highly Active,2.0
1691.0,87.08,100.0,2955.0,4.04,Highly Active,4.0
3300.0,40.77,96.03,7842.0,7.91,Active,8.0
4197.0,64.12,94.36,26146.0,6.57,Active,7.0
2200.0,75.51,99.69,17033.0,5.74,Sedentary,6.0
4108.0,55.33,94.87,1998.0,5.2,Highly Active,5.0
3457.0,108.06,97.56,478.0,7.63,Highly Active,10.0
2634.0,64.24,98.67,5961.0,5.46,Sedentary,7.0
2633.0,63.03,99.68,3649.0,6.5,Sedentary,2.0
1126.0,64.6,99.13,1418.0,6.25,Sedentary,5.0
2506.0,83.75,95.98,7382.0,5.7,Highly Active,8.0
2191.0,88.61,100.0,1223.0,4.55,Active,8.0
3639.0,68.43,97.29,3031.0,8.45,Highly Active,8.0
1293.0,79.75,96.28,11078.0,4.99,Highly Active,10.0
4916.0,80.92,99.85,8071.0,5.21,Active,1.0
4709.0,53.38,96.09,6540.0,8.51,Highly Active,2.0
2366.0,73.21,98.71,18698.0,6.35,Sedentary,3.0
2019.0,65.54,97.24,938.0,6.98,Highly Active,4.0
3357.0,51.65,97.25,8220.0,8.77,Sedentary,7.0
3709.0,78.2,100.0,874.0,8.73,Active,6.0
3575.0,90.22,98.24,1026.0,5.68,Sedentary,7.0
3587.0,75.66,93.49,4943.0,8.23,Sedentary,3.0
1418.0,40.0,94.86,171.0,4.09,Active,3.0
1443.0,68.15,94.86,4866.0,3.86,Sedentary,10.0
1684.0,61.6,95.12,67.0,6.57,Highly Active,8.0
4629.0,101.7,96.72,6456.0,6.37,Active,6.0
3887.0,69.91,99.6,2618.0,7.47,Sedentary,3.0
3283.0,50.79,97.64,609.0,7.31,Highly Active,1.0
2462.0,74.31,99.42,10626.0,7.54,Sedentary,10.0
3261.0,84.53,100.0,3459.0,8.9,Highly Active,6.0
1084.0,76.48,99.38,4109.0,9.44,Highly Active,10.0
3841.0,62.96,96.11,3284.0,7.82,Active,8.0
2767.0,68.12,99.64,611.0,6.47,Highly Active,2.0
1084.0,86.48,99.58,4312.0,6.19,Highly Active,6.0
2944.0,76.52,97.87,7665.0,6.48,Highly Active,10.0
4560.0,105.38,96.17,16359.0,5.64,Active,7.0
3112.0,76.47,98.05,16359.0,7.89,Active,4.0
2669.0,52.08,98.28,578.0,8.06,Active,9.0
1662.0,72.0,95.64,1269.0,5.55,Active,4.0
1626.0,72.0,99.73,321.0,6.25,Sedentary,7.0
1063.0,51.71,97.21,890.0,3.85,Sedentary,7.0
4414.0,76.96,97.93,4585.0,6.36,Sedentary,4.0
3986.0,68.73,98.73,1737.0,6.56,Highly Active,10.0
4946.0,77.24,98.38,7308.0,4.84,Active,5.0
1918.0,102.45,97.77,230.0,5.71,Sedentary,10.0
2375.0,73.06,96.03,13626.0,4.77,Sedentary,9.0
2181.0,90.37,100.0,7925.0,4.14,Highly Active,6.0
2612.0,72.13,100.0,24334.0,8.72,Active,6.0
1490.0,81.23,100.0,21378.0,4.14,Highly Active,4.0
2878.0,79.01,99.09,1204.0,4.14,Highly Active,9.0
4534.0,73.03,95.84,1758.0,8.63,Highly Active,1.0
4296.0,96.76,97.94,2276.0,4.91,Highly Active,10.0
2940.0,84.48,94.55,3894.0,8.42,Sedentary,3.0
1312.0,76.73,96.81,5922.0,6.74,Sedentary,3.0
3662.0,88.63,99.09,8033.0,7.36,Sedentary,8.0
1918.0,76.93,99.09,551.0,9.14,Sedentary,5.0
2882.0,91.75,96.12,6601.0,7.42,Highly Active,6.0
1812.0,57.3,96.39,427.0,5.11,Active,6.0
3987.0,57.3,98.76,12282.0,3.42,Active,10.0
2489.0,77.58,94.37,289.0,7.46,Active,9.0
4954.0,86.24,96.19,3813.0,5.31,Active,8.0
2326.0,94.4,97.65,5914.0,6.78,Active,8.0
1679.0,59.63,99.3,702.0,4.47,Sedentary,8.0
1434.0,67.92,97.54,18932.0,7.04,Sedentary,10.0
1681.0,90.22,97.23,3383.0,6.5,Sedentary,5.0
2158.0,83.47,98.91,3532.0,8.31,Active,7.0
4175.0,68.4,96.94,1950.0,9.65,Highly Active,10.0
2455.0,71.26,98.53,10622.0,6.93,Active,2.0
3387.0,56.24,97.91,55.0,7.08,Active,4.0
3394.0,60.18,95.52,786.0,7.38,Sedentary,4.0
3693.0,49.91,95.52,4454.0,6.92,Highly Active,8.0
2370.0,69.77,97.22,24160.0,4.86,Sedentary,10.0
1648.0,85.16,98.89,254.0,8.62,Sedentary,7.0
1244.0,71.0,96.32,448.0,6.5,Highly Active,8.0
3156.0,91.75,94.12,8784.0,7.34,Active,5.0
4896.0,65.31,100.0,9308.0,7.34,Highly Active,7.0
4870.0,52.63,97.97,15907.0,6.5,Highly Active,7.0
3580.0,92.32,98.32,6017.0,8.35,Highly Active,6.0
4161.0,80.51,98.07,3617.0,6.5,Sedentary,7.0
1295.0,93.41,100.0,4199.0,6.5,Active,8.0
3159.0,69.95,99.52,3953.0,7.13,Active,1.0
4884.0,98.86,99.26,25424.0,6.46,Active,9.0
2612.0,58.85,96.81,3347.0,5.19,Active,4.0
4248.0,70.69,97.63,707.0,8.68,Sedentary,5.0
3390.0,81.12,97.99,2394.0,6.27,Highly Active,4.0
4731.0,67.96,99.2,22548.0,6.84,Sedentary,10.0
3148.0,78.41,97.41,3913.0,5.41,Active,1.0
4829.0,93.72,97.29,2659.0,6.42,Active,5.0
3676.0,80.65,99.59,2605.0,7.9,Active,6.0
2627.0,72.32,100.0,64.0,9.57,Highly Active,2.0
4472.0,93.39,93.64,7019.0,4.31,Active,5.0
1027.0,82.69,99.7,9018.0,6.53,Active,9.0
3984.0,74.88,97.45,3047.0,1.8,Sedentary,5.0
2985.0,73.8,99.19,14433.0,6.5,Highly Active,8.0
2560.0,69.49,97.69,9508.0,6.68,Highly Active,8.0
1057.0,87.65,97.23,6429.0,6.74,Active,1.0
2521.0,88.21,98.17,8517.0,8.96,Active,6.0
1296.0,93.98,95.14,10271.0,6.16,Active,7.0
3181.0,81.45,95.92,5241.0,8.84,Active,8.0
4402.0,66.84,97.05,3550.0,6.87,Highly Active,1.0
3296.0,79.96,98.06,940.0,5.73,Sedentary,6.0
4068.0,66.57,100.0,940.0,6.79,Sedentary,2.0
3597.0,77.43,99.56,940.0,6.69,Sedentary,2.0
1901.0,96.15,97.55,20677.0,6.8,Sedentary,8.0
2964.0,92.72,95.72,1178.0,5.45,Highly Active,1.0
2098.0,92.72,98.05,9902.0,5.44,Active,4.0
2677.0,74.66,98.9,1928.0,8.2,Sedentary,3.0
3881.0,88.44,97.02,22027.0,8.08,Sedentary,7.0
2191.0,65.39,97.44,6324.0,5.26,Highly Active,8.0
1770.0,53.07,100.0,3969.0,6.3,Sedentary,8.0
2526.0,79.08,98.31,2981.0,7.07,Highly Active,5.0
4956.0,69.37,98.02,1579.0,6.5,Active,3.0
2378.0,101.76,97.9,8775.0,6.78,Sedentary,3.0
2248.0,99.49,100.0,8775.0,8.23,Highly Active,9.0
4735.0,64.67,94.22,15461.0,6.5,Sedentary,8.0
2554.0,85.42,98.83,6368.0,8.82,Highly Active,4.0
1145.0,45.38,94.24,1303.0,10.33,Active,5.0
2983.0,80.09,97.03,8038.0,6.61,Sedentary,1.0
2264.0,79.71,94.59,14772.0,7.06,Highly Active,2.0
2907.0,60.1,98.77,32568.0,5.09,Highly Active,10.0
3940.0,77.48,93.79,8088.0,6.24,Active,8.0
3391.0,61.08,94.92,2393.0,6.77,Highly Active,9.0
2772.0,87.78,97.88,5833.0,7.55,Highly Active,1.0
2058.0,77.79,98.03,5065.0,6.19,Active,3.0
3749.0,77.79,100.0,5022.0,7.62,Highly Active,5.0
3048.0,52.04,100.0,573.0,5.94,Active,4.0
3019.0,61.98,95.15,1514.0,8.01,Sedentary,2.0
1152.0,67.72,96.79,5198.0,7.12,Highly Active,3.0
3476.0,82.36,97.1,11203.0,7.05,Highly Active,1.0
1507.0,79.06,99.97,1404.0,5.81,Sedentary,4.0
4197.0,81.38,97.25,1256.0,6.37,Highly Active,7.0
1490.0,65.26,94.16,9986.0,5.94,Sedentary,8.0
4553.0,46.46,99.58,8211.0,7.8,Highly Active,7.0
1344.0,63.6,96.94,4647.0,4.47,Sedentary,5.0
2935.0,96.12,100.0,362.0,5.44,Active,4.0
2761.0,65.69,98.79,4480.0,8.31,Sedentary,5.0
1220.0,77.66,99.61,12606.0,6.78,Active,5.0
2938.0,75.91,99.37,75.0,8.33,Sedentary,5.0
2942.0,77.75,95.97,758.0,7.74,Sedentary,1.0
1722.0,54.97,93.81,11601.0,7.9,Active,7.0
4096.0,87.27,100.0,5213.0,7.13,Active,4.0
1527.0,73.51,99.34,7598.0,5.51,Highly Active,5.0
4253.0,109.65,95.87,9567.0,6.61,Highly Active,1.0
2522.0,69.41,92.79,2499.0,4.63,Highly Active,9.0
3888.0,89.66,100.0,2476.0,6.25,Sedentary,10.0
2664.0,69.18,98.42,2145.0,5.68,Active,7.0
4113.0,103.79,100.0,1281.0,3.71,Highly Active,1.0
4986.0,85.96,98.88,2544.0,7.14,Sedentary,2.0
1480.0,55.72,96.7,21378.0,6.99,Active,8.0
3977.0,96.11,96.75,629.0,8.39,Active,8.0
2871.0,86.63,97.82,1927.0,4.66,Highly Active,2.0
4819.0,86.63,97.85,2679.0,8.12,Active,7.0
3919.0,50.8,95.88,1169.0,3.02,Sedentary,10.0
2462.0,92.97,97.74,564.0,6.28,Sedentary,1.0
2425.0,100.91,99.62,1236.0,9.46,Sedentary,6.0
4617.0,100.91,98.01,5252.0,6.46,Sedentary,2.0
1344.0,88.04,99.24,6357.0,5.4,Highly Active,9.0
1801.0,83.36,98.63,1697.0,6.37,Highly Active,6.0
1044.0,90.89,100.0,4905.0,7.77,Active,1.0
4717.0,71.07,98.95,44.0,6.08,Highly Active,4.0
3068.0,47.78,96.11,6449.0,7.09,Highly Active,6.0
2657.0,86.39,95.09,9.0,7.07,Sedentary,2.0
4141.0,80.89,100.0,7206.0,7.32,Highly Active,10.0
2887.0,53.95,96.08,4622.0,8.05,Active,7.0
3095.0,76.22,97.88,648.0,6.63,Active,5.0
2514.0,72.67,96.76,48.0,6.98,Sedentary,3.0
3598.0,71.4,100.0,5615.0,4.72,Active,8.0
3334.0,71.4,98.06,11499.0,7.92,Active,6.0
2001.0,63.82,94.88,13592.0,8.54,Highly Active,9.0
2033.0,85.31,98.6,5895.0,7.53,Sedentary,3.0
3589.0,85.42,97.66,15273.0,4.42,Active,10.0
3040.0,40.0,99.05,13862.0,5.89,Sedentary,6.0
3803.0,73.97,100.0,8386.0,6.58,Active,7.0
1273.0,78.0,96.5,3158.0,5.21,Active,1.0
1955.0,86.22,95.43,12289.0,9.72,Highly Active,7.0
3647.0,83.23,100.0,3479.0,7.11,Sedentary,1.0
2751.0,48.74,95.69,3614.0,7.9,Active,10.0
1838.0,71.11,100.0,18410.0,6.67,Active,3.0
1478.0,91.12,97.31,4852.0,4.7,Active,8.0
3062.0,57.02,97.31,1365.0,7.68,Sedentary,8.0
1515.0,74.96,95.89,1076.0,9.52,Highly Active,8.0
1190.0,88.07,99.1,2519.0,5.93,Active,4.0
2191.0,86.41,99.93,4283.0,5.65,Highly Active,10.0
4592.0,72.68,95.92,2473.0,7.76,Highly Active,6.0
3668.0,92.7,100.0,8712.0,7.89,Active,8.0
2160.0,64.03,99.89,5476.0,8.22,Highly Active,10.0
3201.0,85.98,100.0,3655.0,6.29,Active,8.0
2411.0,88.47,98.46,1680.0,6.28,Active,8.0
4280.0,54.48,93.29,6509.0,2.56,Highly Active,8.0
1271.0,94.54,98.48,7848.0,6.58,Active,6.0
1142.0,50.27,97.74,10733.0,5.65,Highly Active,8.0
4682.0,80.61,100.0,32855.0,3.19,Active,8.0
2912.0,67.97,95.49,1842.0,9.34,Sedentary,7.0
4891.0,90.19,100.0,107.0,6.86,Highly Active,6.0
2092.0,79.95,98.44,4858.0,3.82,Sedentary,8.0
3294.0,231.7,100.0,18040.0,7.06,Active,9.0
4332.0,92.05,100.0,2002.0,9.29,Sedentary,9.0
1787.0,76.98,97.59,2002.0,8.31,Sedentary,4.0
3126.0,93.08,100.0,2695.0,7.95,Active,6.0
2681.0,73.45,96.38,3474.0,4.65,Sedentary,4.0
1622.0,58.66,95.37,20659.0,5.68,Sedentary,3.0
4841.0,68.14,98.07,4327.0,5.2,Sedentary,7.0
4676.0,73.28,100.0,9045.0,6.53,Sedentary,9.0
3572.0,40.0,97.29,5587.0,7.66,Sedentary,7.0
3819.0,40.0,97.73,10105.0,7.16,Highly Active,10.0
1937.0,73.54,98.2,2673.0,5.14,Sedentary,4.0
4692.0,89.46,97.4,14663.0,6.22,Highly Active,10.0
4401.0,77.41,99.16,5573.0,8.07,Sedentary,4.0
4260.0,51.88,95.35,2589.0,7.27,Sedentary,9.0
2118.0,76.19,95.57,273.0,7.1,Sedentary,6.0
1616.0,73.2,98.74,93.0,5.18,Active,9.0
2031.0,64.71,96.87,3052.0,6.74,Sedentary,2.0
1066.0,69.15,100.0,1701.0,4.8,Highly Active,2.0
4567.0,75.4,97.18,379.0,5.26,Sedentary,7.0
1190.0,40.0,99.05,5634.0,4.28,Sedentary,9.0
4437.0,80.4,99.15,31436.0,9.09,Highly Active,7.0
3815.0,84.06,97.11,3841.0,9.15,Sedentary,2.0
4893.0,82.51,97.91,5622.0,4.99,Highly Active,6.0
1989.0,70.78,98.16,1737.0,5.34,Active,3.0
2140.0,104.46,96.0,1605.0,6.02,Highly Active,2.0
3314.0,82.66,100.0,2786.0,8.33,Highly Active,2.0
2634.0,68.73,97.09,12615.0,7.41,Sedentary,6.0
3532.0,56.42,96.2,22634.0,8.57,Active,6.0
4580.0,54.53,98.28,9422.0,9.03,Highly Active,7.0
4369.0,81.0,100.0,145.0,7.23,Sedentary,10.0
4980.0,85.83,97.82,4039.0,6.95,Active,7.0
2187.0,76.86,97.69,3822.0,8.54,Highly Active,10.0
4579.0,74.15,98.34,19155.0,8.12,Active,10.0
1652.0,69.91,97.53,9581.0,8.11,Active,5.0
4339.0,82.39,96.34,8772.0,7.21,Sedentary,4.0
1548.0,63.36,98.26,5823.0,8.06,Highly Active,5.0
2097.0,74.71,97.49,7266.0,6.05,Active,2.0
4579.0,76.39,95.24,8395.0,5.65,Sedentary,1.0
1072.0,83.65,97.52,5629.0,5.99,Active,9.0
3355.0,62.73,97.41,13043.0,9.91,Highly Active,5.0
1198.0,59.94,97.61,263.0,4.93,Active,3.0
4201.0,75.75,95.59,19857.0,4.93,Highly Active,10.0
2781.0,78.11,99.23,10398.0,9.47,Highly Active,10.0
4895.0,74.92,100.0,5270.0,7.1,Highly Active,10.0
1571.0,40.0,97.87,13779.0,6.02,Highly Active,1.0
1790.0,79.99,97.41,12321.0,7.33,Active,4.0
2638.0,113.53,98.54,3806.0,5.76,Highly Active,2.0
2831.0,88.77,98.52,12820.0,5.14,Sedentary,7.0
2855.0,45.66,96.71,1461.0,8.52,Sedentary,9.0
2510.0,68.92,99.29,4434.0,8.42,Sedentary,8.0
1983.0,72.07,96.67,1850.0,6.02,Sedentary,7.0
2174.0,72.07,95.67,930.0,5.77,Sedentary,8.0
4740.0,56.42,97.56,15750.0,6.82,Sedentary,10.0
4277.0,61.6,98.39,3200.0,6.36,Active,5.0
1178.0,89.01,97.53,8073.0,5.27,Highly Active,1.0
3244.0,86.21,99.41,3291.0,6.5,Sedentary,7.0
1734.0,73.33,97.85,5499.0,4.31,Sedentary,1.0
3136.0,89.22,100.0,2994.0,4.7,Highly Active,1.0
1798.0,65.15,99.79,9503.0,4.94,Highly Active,4.0
4505.0,69.86,94.82,10808.0,6.82,Sedentary,1.0
1787.0,69.53,97.08,10808.0,5.29,Sedentary,1.0
3795.0,51.73,96.36,13743.0,5.33,Sedentary,1.0
4254.0,71.16,99.09,3073.0,4.62,Sedentary,9.0
1208.0,99.57,99.45,10062.0,4.65,Sedentary,2.0
1492.0,99.57,99.45,7350.0,4.61,Sedentary,10.0
4201.0,76.76,95.3,4261.0,6.38,Highly Active,2.0
3712.0,76.76,97.48,15382.0,8.06,Active,10.0
4084.0,101.53,100.0,5945.0,8.75,Active,6.0
2657.0,71.3,98.73,12836.0,6.58,Sedentary,1.0
3918.0,67.22,93.14,9252.0,6.5,Sedentary,5.0
1731.0,89.36,100.0,5324.0,5.33,Active,9.0
2129.0,49.33,100.0,2766.0,7.35,Highly Active,4.0
4446.0,73.34,98.79,2766.0,5.19,Active,1.0
2605.0,74.02,98.0,409.0,7.15,Active,9.0
4778.0,82.73,96.94,15742.0,5.27,Active,8.0
3745.0,66.12,94.45,4942.0,5.39,Sedentary,8.0
4170.0,72.45,97.06,9669.0,6.42,Active,7.0
1593.0,76.4,98.95,2847.0,8.93,Highly Active,8.0
4658.0,71.18,97.6,3394.0,7.78,Sedentary,8.0
3933.0,72.22,98.75,1482.0,5.41,Active,6.0
3899.0,87.49,96.96,1482.0,4.92,Sedentary,8.0
2215.0,83.71,97.48,310.0,5.27,Active,10.0
1324.0,82.77,98.87,3424.0,7.47,Active,4.0
1978.0,50.35,97.63,2853.0,6.83,Highly Active,4.0
2749.0,81.45,97.16,11739.0,7.48,Highly Active,8.0
2850.0,62.39,99.2,4874.0,5.73,Sedentary,6.0
4003.0,104.87,97.82,1297.0,7.0,Highly Active,2.0
2490.0,74.86,96.29,4979.0,6.91,Sedentary,7.0
1893.0,72.06,97.71,1884.0,8.4,Active,3.0
2390.0,97.79,97.2,121.0,8.87,Active,3.0
4389.0,93.13,96.09,5505.0,7.86,Highly Active,9.0
1143.0,71.44,100.0,3128.0,8.4,Sedentary,1.0
1383.0,57.35,96.64,1911.0,6.47,Sedentary,3.0
3263.0,48.55,98.52,1323.0,5.45,Active,6.0
4432.0,59.29,97.5,4232.0,6.45,Highly Active,3.0
3371.0,79.82,100.0,14261.0,6.3,Highly Active,4.0
4086.0,72.78,100.0,9935.0,6.2,Sedentary,5.0
1216.0,60.95,98.99,32.0,6.48,Active,3.0
2515.0,69.12,99.57,9195.0,6.24,Active,7.0
3998.0,100.75,94.74,529.0,5.81,Active,8.0
4618.0,91.79,100.0,5559.0,6.3,Active,3.0
3230.0,101.29,99.38,10600.0,7.7,Sedentary,10.0
3992.0,87.1,99.38,3309.0,8.52,Highly Active,4.0
2490.0,85.55,97.69,19633.0,8.12,Active,1.0
3917.0,97.03,100.0,208.0,6.63,Highly Active,10.0
2635.0,75.17,97.45,784.0,2.93,Highly Active,6.0
4590.0,63.26,96.59,14299.0,3.23,Highly Active,6.0
4613.0,61.47,96.6,15216.0,6.67,Active,6.0
3514.0,74.8,94.17,3265.0,7.52,Highly Active,9.0
3352.0,76.16,99.48,5439.0,9.16,Sedentary,8.0
2167.0,79.09,99.54,1257.0,5.89,Sedentary,2.0
1110.0,54.06,92.16,15096.0,6.5,Sedentary,9.0
2013.0,94.41,100.0,4432.0,4.67,Sedentary,3.0
1231.0,54.71,97.63,5812.0,7.4,Sedentary,9.0
2714.0,94.36,96.73,879.0,6.51,Sedentary,9.0
4655.0,70.16,94.85,6678.0,5.78,Sedentary,6.0
4793.0,102.68,95.4,8331.0,6.5,Sedentary,6.0
2755.0,48.81,98.81,2444.0,6.36,Sedentary,10.0
4663.0,92.63,99.84,15853.0,7.95,Sedentary,9.0
3642.0,58.46,94.27,15937.0,6.5,Active,10.0
2577.0,99.84,97.5,8506.0,7.77,Active,2.0
2296.0,86.29,95.93,12439.0,6.1,Active,9.0
4774.0,52.83,98.15,8407.0,5.39,Highly Active,2.0
3220.0,78.03,99.86,3916.0,4.58,Sedentary,5.0
1972.0,96.07,95.96,2820.0,4.94,Active,3.0
2030.0,83.38,98.88,9272.0,5.54,Sedentary,5.0
4226.0,75.46,100.0,2478.0,7.94,Highly Active,10.0
4593.0,92.26,98.32,447.0,5.39,Highly Active,1.0
3593.0,80.53,98.94,1986.0,6.18,Highly Active,4.0
3595.0,50.11,96.5,9852.0,4.96,Active,5.0
4992.0,76.44,100.0,11033.0,6.58,Active,2.0
1517.0,82.26,98.96,2267.0,6.93,Highly Active,1.0
3532.0,78.34,95.98,2782.0,7.03,Sedentary,10.0
1913.0,68.93,100.0,5579.0,9.13,Active,2.0
3262.0,81.87,93.51,2126.0,6.48,Active,2.0
3181.0,77.75,100.0,6523.0,6.94,Active,1.0
3332.0,45.12,95.58,2319.0,5.65,Active,8.0
4197.0,55.11,98.1,902.0,9.76,Sedentary,10.0
2944.0,79.65,100.0,1178.0,7.77,Sedentary,9.0
2462.0,86.19,95.28,2019.0,7.77,Active,6.0
2872.0,63.33,98.74,1287.0,8.13,Active,2.0
3733.0,86.06,94.04,25640.0,7.62,Highly Active,1.0
4223.0,82.51,97.43,7518.0,8.21,Sedentary,9.0
3378.0,72.16,100.0,1383.0,6.22,Sedentary,4.0
4609.0,81.4,97.58,3860.0,9.9,Active,5.0
4454.0,81.07,99.85,2195.0,6.5,Sedentary,8.0
4186.0,88.15,99.64,8076.0,6.09,Active,5.0
3941.0,88.86,95.42,14136.0,9.1,Sedentary,1.0
4553.0,59.37,95.03,3585.0,6.24,Highly Active,4.0
2307.0,64.01,99.3,3921.0,7.49,Sedentary,7.0
1898.0,97.15,98.85,3558.0,5.79,Highly Active,8.0
2098.0,88.24,96.11,4175.0,7.17,Active,2.0
2189.0,84.58,97.36,256.0,5.96,Active,6.0
2212.0,86.92,98.45,6286.0,8.25,Highly Active,6.0
3125.0,92.07,96.64,21261.0,6.94,Highly Active,4.0
3994.0,77.01,99.87,10770.0,3.87,Highly Active,5.0
4673.0,69.31,97.99,13834.0,5.28,Active,4.0
1687.0,83.42,97.6,1822.0,5.04,Highly Active,10.0
3068.0,74.6,97.21,6541.0,8.61,Active,8.0
1565.0,98.24,98.94,15643.0,4.64,Active,9.0
2207.0,98.02,97.78,498.0,6.1,Sedentary,1.0
2894.0,98.02,94.24,14683.0,9.67,Highly Active,8.0
4293.0,55.85,100.0,467.0,9.67,Active,8.0
1826.0,58.57,93.62,28550.0,5.22,Active,10.0
2351.0,55.27,100.0,614.0,5.17,Sedentary,9.0
3226.0,77.8,96.25,3212.0,5.03,Sedentary,7.0
2811.0,88.85,96.86,393.0,6.81,Active,6.0
4183.0,70.38,100.0,409.0,5.76,Sedentary,8.0
4807.0,65.31,93.22,14084.0,6.85,Highly Active,5.0
4797.0,76.56,97.78,460.0,6.96,Active,2.0
2082.0,63.24,100.0,11012.0,6.96,Highly Active,4.0
2350.0,78.99,96.77,16617.0,6.72,Sedentary,2.0
3952.0,71.35,98.72,19139.0,6.63,Highly Active,5.0
2644.0,65.14,100.0,13968.0,5.34,Active,4.0
4968.0,76.73,97.75,21733.0,4.33,Sedentary,4.0
3716.0,88.31,100.0,372.0,6.5,Active,9.0
1190.0,52.21,97.93,39805.0,5.33,Active,3.0
2223.0,77.52,96.87,145.0,7.96,Active,6.0
2335.0,43.52,98.92,1275.0,4.62,Sedentary,7.0
1707.0,43.52,100.0,591.0,5.96,Highly Active,4.0
4106.0,85.43,96.52,9538.0,6.73,Highly Active,10.0
1378.0,90.33,97.47,637.0,8.39,Active,7.0
1386.0,67.13,95.67,2424.0,5.91,Highly Active,10.0
4829.0,66.97,97.23,7114.0,6.78,Highly Active,7.0
1615.0,58.46,98.51,1025.0,7.64,Active,7.0
2542.0,77.44,94.38,5160.0,7.05,Sedentary,1.0
3330.0,59.96,97.58,2916.0,9.21,Active,7.0
3048.0,83.35,99.53,6172.0,5.9,Active,9.0
2754.0,64.25,98.92,5413.0,9.1,Sedentary,3.0
1463.0,70.21,99.64,31899.0,7.53,Highly Active,9.0
4301.0,82.49,99.4,13941.0,6.87,Sedentary,7.0
1966.0,84.53,99.5,26.0,6.99,Sedentary,3.0
1171.0,83.85,95.94,1355.0,6.5,Active,9.0
4158.0,78.95,96.45,17104.0,5.42,Sedentary,5.0
4624.0,58.7,99.67,5427.0,6.72,Highly Active,6.0
1842.0,58.7,94.39,4901.0,8.9,Highly Active,2.0
2321.0,68.69,97.37,10785.0,5.52,Highly Active,10.0
2908.0,76.11,97.87,997.0,6.5,Active,10.0
1689.0,62.07,96.81,997.0,5.83,Sedentary,6.0
3622.0,74.48,94.26,14260.0,4.42,Sedentary,7.0
2507.0,70.5,100.0,2161.0,5.19,Highly Active,8.0
3212.0,68.14,96.67,3216.0,5.23,Sedentary,5.0
2722.0,57.86,92.58,14188.0,4.48,Active,6.0
1382.0,95.13,99.68,16686.0,6.98,Highly Active,9.0
3256.0,76.72,97.81,5351.0,8.7,Highly Active,9.0
4810.0,102.18,96.22,7512.0,10.66,Highly Active,8.0
4503.0,102.93,96.22,14440.0,6.33,Sedentary,6.0
2412.0,93.44,99.14,1841.0,6.67,Highly Active,10.0
2583.0,55.77,98.28,12209.0,4.75,Sedentary,10.0
3271.0,96.17,97.97,2125.0,5.93,Active,7.0
3050.0,73.1,97.13,6089.0,9.78,Sedentary,9.0
1371.0,70.84,99.04,19098.0,7.81,Highly Active,4.0
2710.0,68.69,94.35,5015.0,8.32,Highly Active,4.0
2469.0,69.74,97.23,686.0,7.47,Highly Active,1.0
1610.0,80.99,95.01,15831.0,8.1,Highly Active,5.0
1115.0,109.5,98.54,6156.0,9.41,Highly Active,4.0
4341.0,50.41,99.72,517.0,5.81,Sedentary,3.0
1446.0,104.15,98.08,74.0,7.61,Highly Active,2.0
2391.0,104.15,97.52,2120.0,5.46,Highly Active,9.0
4324.0,72.33,94.96,897.0,3.45,Sedentary,8.0
2340.0,67.54,98.66,6930.0,6.9,Active,9.0
4166.0,67.54,97.75,12867.0,6.39,Active,9.0
2808.0,65.89,96.79,5042.0,5.54,Sedentary,1.0
3939.0,73.45,96.13,2043.0,6.71,Highly Active,3.0
2047.0,74.56,100.0,361.0,7.14,Highly Active,10.0
4699.0,86.42,100.0,74.0,9.44,Active,2.0
3710.0,84.77,97.87,18205.0,7.3,Highly Active,7.0
2873.0,78.58,97.85,1093.0,7.38,Highly Active,3.0
2073.0,74.35,98.41,4841.0,5.38,Highly Active,8.0
4573.0,74.35,99.71,11086.0,5.07,Sedentary,7.0
4569.0,81.67,100.0,1577.0,6.06,Highly Active,8.0
2358.0,68.91,98.37,1847.0,6.59,Active,8.0
4150.0,91.58,100.0,1387.0,6.82,Sedentary,4.0
2605.0,87.52,99.29,1212.0,5.27,Highly Active,3.0
4098.0,71.31,97.82,4248.0,3.14,Sedentary,6.0
3318.0,71.31,100.0,7072.0,5.87,Sedentary,2.0
1561.0,76.43,100.0,8575.0,7.91,Highly Active,4.0
3851.0,64.62,96.78,2774.0,5.94,Sedentary,2.0
3294.0,85.76,97.39,6844.0,6.39,Active,3.0
4847.0,78.24,98.5,17.0,4.11,Sedentary,2.0
4662.0,49.91,96.5,15342.0,6.69,Active,5.0
1386.0,79.42,99.98,14268.0,7.11,Sedentary,7.0
1701.0,100.73,97.24,5498.0,5.65,Active,8.0
3606.0,72.71,97.06,1952.0,7.95,Sedentary,6.0
1972.0,74.87,99.09,25086.0,7.95,Sedentary,9.0
2384.0,69.85,100.0,11649.0,9.67,Sedentary,7.0
4937.0,76.08,95.75,120.0,5.11,Active,6.0
1983.0,98.1,95.62,4439.0,6.93,Highly Active,5.0
2511.0,90.83,98.18,754.0,4.72,Sedentary,10.0
1351.0,66.36,95.06,993.0,7.41,Highly Active,10.0
2724.0,73.91,96.75,9.0,7.23,Sedentary,1.0
2951.0,74.88,97.7,8147.0,3.61,Sedentary,1.0
2279.0,81.17,99.96,2037.0,6.91,Highly Active,3.0
4293.0,81.45,95.35,2545.0,6.2,Sedentary,4.0
2907.0,81.45,97.52,337.0,4.72,Active,8.0
1752.0,56.33,96.57,56.0,6.06,Active,5.0
3828.0,73.28,96.18,11016.0,9.59,Highly Active,10.0
2024.0,69.56,98.35,7581.0,7.36,Highly Active,9.0
1545.0,61.54,98.94,3372.0,5.26,Highly Active,9.0
2469.0,86.83,97.75,507.0,6.0,Sedentary,8.0
1078.0,75.29,98.79,10467.0,3.6,Sedentary,1.0
2259.0,59.51,95.8,18260.0,4.88,Active,3.0
3381.0,265.03,98.98,5247.0,9.03,Highly Active,6.0
1888.0,81.25,99.21,1047.0,7.88,Active,2.0
4420.0,86.88,99.28,7400.0,7.18,Active,1.0
2105.0,68.46,99.42,1267.0,8.63,Highly Active,1.0
3549.0,83.15,98.93,4454.0,6.98,Sedentary,2.0
2990.0,46.05,100.0,2005.0,6.08,Active,7.0
2500.0,89.44,95.7,18636.0,6.36,Active,4.0
4998.0,73.98,98.65,11584.0,6.11,Sedentary,6.0
4775.0,82.9,97.26,2268.0,6.09,Highly Active,5.0
3812.0,73.95,94.53,23230.0,9.04,Active,8.0
1920.0,102.27,98.18,3327.0,4.91,Active,10.0
1549.0,93.36,94.3,5881.0,5.74,Sedentary,6.0
3061.0,40.0,97.46,5811.0,3.76,Sedentary,5.0
1391.0,83.29,97.68,7340.0,8.02,Active,4.0
4418.0,70.77,96.7,1955.0,7.01,Highly Active,2.0
3357.0,83.88,98.47,17862.0,9.11,Highly Active,9.0
3433.0,83.68,95.18,2162.0,6.5,Highly Active,6.0
4280.0,63.86,96.24,7652.0,5.31,Sedentary,6.0
2380.0,73.26,100.0,10160.0,4.75,Sedentary,10.0
1973.0,59.71,96.86,14931.0,7.18,Active,5.0
4672.0,59.71,96.9,4274.0,5.97,Sedentary,7.0
4639.0,79.91,96.3,8706.0,6.95,Active,6.0
4164.0,79.56,98.78,10536.0,8.66,Highly Active,4.0
1339.0,59.1,95.87,9864.0,8.4,Active,8.0
3644.0,84.49,98.49,3701.0,6.63,Highly Active,5.0
4516.0,101.78,100.0,3701.0,8.08,Active,10.0
1756.0,51.66,99.22,3349.0,6.3,Sedentary,9.0
2045.0,76.2,99.72,665.0,6.43,Active,9.0
3338.0,86.39,100.0,7109.0,3.25,Active,9.0
4556.0,63.77,95.47,17096.0,7.26,Active,3.0
4855.0,85.98,98.99,7671.0,6.5,Highly Active,8.0
3353.0,75.67,96.47,6081.0,7.82,Highly Active,9.0
3681.0,64.31,96.38,32747.0,7.57,Highly Active,5.0
4199.0,40.0,98.32,5464.0,5.38,Sedentary,3.0
3672.0,73.51,95.87,2971.0,6.21,Active,10.0
1938.0,73.9,97.64,8537.0,5.78,Sedentary,5.0
4344.0,94.71,100.0,5159.0,8.07,Highly Active,9.0
1847.0,80.08,99.6,25051.0,8.86,Sedentary,6.0
1441.0,67.05,95.35,15976.0,7.7,Sedentary,1.0
3550.0,67.05,94.88,20541.0,9.48,Highly Active,6.0
1129.0,88.12,97.52,7.0,7.29,Sedentary,2.0
4203.0,76.76,96.76,2847.0,5.04,Active,4.0
1596.0,69.09,99.12,6907.0,4.42,Sedentary,4.0
2958.0,66.88,95.89,2580.0,5.12,Sedentary,10.0
2505.0,93.65,98.47,7479.0,5.82,Sedentary,4.0
1861.0,95.87,98.78,8786.0,5.48,Active,1.0
4461.0,65.6,97.81,6834.0,6.58,Sedentary,8.0
1998.0,71.8,100.0,8352.0,6.61,Sedentary,5.0
3372.0,78.39,97.68,10611.0,10.16,Sedentary,4.0
4140.0,76.09,99.68,8337.0,7.81,Active,4.0
4731.0,51.38,95.75,11699.0,6.9,Sedentary,3.0
3495.0,98.0,96.77,20596.0,8.09,Highly Active,2.0
2551.0,47.09,96.32,757.0,5.29,Active,6.0
3866.0,63.77,99.89,16583.0,5.23,Highly Active,6.0
2640.0,59.67,99.89,2237.0,7.87,Highly Active,10.0
4236.0,58.88,99.61,5807.0,7.87,Active,8.0
2511.0,42.26,97.83,19976.0,6.68,Active,4.0
2736.0,75.91,94.82,6774.0,4.79,Highly Active,1.0
3756.0,96.22,99.0,615.0,5.79,Highly Active,2.0
2449.0,72.53,98.64,4841.0,5.89,Sedentary,1.0
4768.0,59.89,100.0,15733.0,5.78,Active,10.0
2875.0,96.14,99.12,3718.0,9.72,Sedentary,8.0
1264.0,87.59,98.35,13185.0,9.68,Active,6.0
4946.0,62.33,98.85,11065.0,8.21,Active,5.0
3659.0,79.84,99.8,16583.0,6.64,Sedentary,6.0
4413.0,91.19,99.7,2137.0,5.62,Highly Active,9.0
3879.0,61.44,97.12,4804.0,4.95,Sedentary,9.0
4797.0,61.44,95.17,2858.0,7.01,Highly Active,4.0
4349.0,69.17,99.42,5349.0,6.5,Highly Active,9.0
3721.0,57.11,98.02,135.0,7.67,Highly Active,5.0
2462.0,77.49,97.58,1936.0,6.65,Sedentary,9.0
1156.0,81.49,100.0,25557.0,7.5,Highly Active,3.0
2445.0,75.66,100.0,6469.0,6.47,Highly Active,1.0
3966.0,62.76,98.85,1332.0,6.08,Active,1.0
3925.0,106.51,98.85,4969.0,4.98,Active,4.0
2632.0,67.66,98.93,8381.0,6.01,Highly Active,5.0
3577.0,83.38,96.56,6479.0,6.96,Active,8.0
3374.0,87.11,97.35,4879.0,5.87,Sedentary,10.0
4008.0,40.0,98.13,7845.0,4.79,Active,3.0
1894.0,87.44,99.29,1279.0,6.67,Active,1.0
3144.0,75.13,99.02,4036.0,6.96,Active,5.0
1512.0,71.05,96.76,9711.0,5.95,Sedentary,9.0
1215.0,73.16,99.05,6063.0,6.47,Sedentary,4.0
4203.0,83.74,100.0,16572.0,2.7,Sedentary,4.0
4331.0,40.76,98.62,4106.0,7.61,Sedentary,5.0
4153.0,81.47,100.0,350.0,8.62,Active,10.0
4354.0,107.42,96.59,4543.0,6.18,Highly Active,6.0
2706.0,54.75,100.0,4028.0,7.6,Sedentary,3.0
3106.0,81.65,97.66,2075.0,8.27,Active,2.0
2567.0,67.74,99.21,6250.0,6.54,Highly Active,9.0
3208.0,82.27,96.82,2015.0,7.02,Highly Active,10.0
3331.0,88.0,98.91,1706.0,6.71,Sedentary,3.0
3153.0,63.97,98.7,6814.0,4.1,Active,6.0
2128.0,104.33,100.0,20296.0,7.08,Sedentary,4.0
4510.0,94.82,97.31,1586.0,5.09,Sedentary,5.0
1227.0,86.82,100.0,1413.0,5.21,Sedentary,9.0
4771.0,69.65,98.89,5128.0,7.29,Active,6.0
4653.0,66.68,93.79,890.0,8.44,Sedentary,1.0
3365.0,81.59,98.61,2438.0,7.67,Active,10.0
2487.0,69.09,93.16,32789.0,7.37,Sedentary,6.0
1801.0,67.14,95.31,12874.0,7.01,Highly Active,2.0
2622.0,103.73,97.39,8572.0,7.8,Active,1.0
2905.0,83.21,94.45,185.0,9.03,Active,5.0
3921.0,87.35,96.42,2156.0,5.63,Sedentary,4.0
1471.0,103.15,97.77,5902.0,5.68,Sedentary,3.0
2079.0,76.25,97.79,8672.0,7.6,Active,9.0
3672.0,65.51,96.1,7726.0,3.94,Highly Active,5.0
3060.0,58.95,98.24,1436.0,6.35,Active,10.0
4511.0,95.32,100.0,4395.0,6.89,Active,1.0
2041.0,69.41,97.8,1549.0,5.69,Sedentary,10.0
3741.0,40.0,96.92,18000.0,3.62,Active,7.0
4020.0,40.0,98.76,5706.0,8.58,Active,2.0
3160.0,52.87,95.92,3463.0,5.6,Highly Active,9.0
1228.0,69.36,100.0,17509.0,5.67,Active,1.0
1170.0,71.6,100.0,16401.0,8.49,Sedentary,1.0
1188.0,57.95,99.0,8126.0,8.77,Highly Active,3.0
1425.0,78.28,95.89,2688.0,6.5,Sedentary,9.0
1976.0,88.26,100.0,2574.0,5.17,Highly Active,3.0
2102.0,72.84,94.83,5583.0,5.77,Highly Active,6.0
3705.0,68.03,100.0,13125.0,7.23,Active,9.0
3430.0,62.0,98.29,6365.0,6.88,Sedentary,8.0
4253.0,92.19,97.01,4301.0,7.98,Highly Active,9.0
1498.0,54.45,97.19,7637.0,7.25,Active,4.0
2821.0,98.65,97.64,11710.0,7.75,Highly Active,1.0
3809.0,74.66,100.0,10837.0,11.66,Active,1.0
1865.0,59.42,94.3,3241.0,4.11,Active,5.0
1825.0,87.61,98.82,19205.0,8.51,Sedentary,1.0
4779.0,82.62,99.61,111.0,8.72,Sedentary,3.0
2858.0,81.24,95.83,4195.0,4.85,Highly Active,7.0
3118.0,85.56,100.0,16666.0,5.3,Active,1.0
3295.0,77.43,100.0,8335.0,7.25,Sedentary,4.0
1145.0,81.88,96.61,8522.0,4.63,Active,1.0
2641.0,95.41,98.46,1191.0,5.58,Highly Active,8.0
4846.0,78.04,96.08,6107.0,6.86,Sedentary,4.0
2319.0,87.29,97.23,23868.0,5.47,Sedentary,4.0
3629.0,42.01,94.89,1664.0,6.16,Highly Active,3.0
1469.0,79.86,98.11,2774.0,5.2,Active,8.0
4577.0,112.84,95.48,3444.0,5.09,Highly Active,1.0
1192.0,48.2,96.02,3123.0,7.21,Highly Active,6.0
2091.0,105.01,98.87,6904.0,6.35,Highly Active,7.0
3541.0,85.82,98.63,1871.0,6.69,Active,10.0
4888.0,49.54,96.19,4932.0,7.56,Highly Active,7.0
1051.0,75.61,95.05,3579.0,6.78,Sedentary,7.0
3929.0,81.03,95.05,7239.0,6.0,Highly Active,2.0
3410.0,88.67,99.39,1939.0,5.18,Highly Active,4.0
2820.0,88.67,100.0,5638.0,7.17,Highly Active,1.0
3964.0,85.44,100.0,9439.0,9.49,Sedentary,8.0
3521.0,95.78,98.71,8265.0,7.82,Sedentary,5.0
2869.0,88.3,98.71,12582.0,4.24,Sedentary,6.0
3568.0,92.9,96.88,21891.0,3.46,Active,6.0
2786.0,68.32,99.2,13468.0,5.4,Active,7.0
2454.0,85.28,96.12,19488.0,4.19,Sedentary,2.0
2867.0,109.5,98.89,124.0,4.57,Active,3.0
4369.0,58.8,94.64,6940.0,2.94,Sedentary,5.0
4506.0,58.8,99.24,2181.0,6.85,Highly Active,6.0
4767.0,58.27,98.46,11588.0,4.76,Highly Active,1.0
3738.0,93.82,96.26,11966.0,4.75,Active,2.0
4269.0,45.35,97.84,343.0,5.5,Sedentary,10.0
4199.0,66.48,97.78,6337.0,5.54,Sedentary,5.0
3579.0,109.6,100.0,13321.0,6.11,Active,10.0
3007.0,67.58,97.48,6197.0,4.4,Sedentary,5.0
2434.0,74.08,98.58,3880.0,7.98,Active,10.0
1839.0,93.7,99.01,559.0,6.92,Active,5.0
4136.0,72.92,97.46,9172.0,7.12,Sedentary,5.0
4765.0,44.51,100.0,543.0,5.84,Highly Active,3.0
1240.0,58.95,98.24,6378.0,8.11,Sedentary,6.0
4440.0,58.95,93.55,17475.0,6.5,Active,5.0
1535.0,97.07,98.07,3802.0,6.79,Active,7.0
2407.0,44.89,100.0,10293.0,8.0,Highly Active,10.0
4502.0,44.89,97.0,11259.0,3.99,Active,7.0
1082.0,64.92,98.84,73.0,6.79,Highly Active,2.0
1981.0,69.29,96.68,17251.0,5.5,Active,6.0
4902.0,61.07,97.68,1465.0,5.41,Active,1.0
4768.0,76.59,100.0,2326.0,7.7,Active,8.0
1950.0,66.4,99.54,14323.0,8.56,Sedentary,3.0
4899.0,68.57,98.66,8122.0,8.41,Active,6.0
1610.0,58.01,98.24,3255.0,6.51,Highly Active,1.0
1573.0,86.76,97.72,644.0,6.01,Highly Active,6.0
3333.0,54.19,98.52,3417.0,8.36,Active,8.0
1988.0,80.73,100.0,23738.0,5.03,Highly Active,8.0
4605.0,90.05,98.02,774.0,9.05,Active,7.0
1458.0,104.86,98.62,13102.0,5.92,Highly Active,10.0
4283.0,82.51,95.74,2754.0,6.43,Active,1.0
3173.0,78.39,96.32,7441.0,5.7,Active,6.0
4484.0,49.64,100.0,6989.0,6.55,Active,7.0
2522.0,97.09,99.68,2757.0,6.5,Sedentary,7.0
3472.0,77.14,99.01,391.0,5.94,Highly Active,4.0
3601.0,79.64,99.01,1128.0,6.73,Highly Active,4.0
3657.0,80.93,98.64,5841.0,6.34,Sedentary,7.0
2984.0,76.71,98.6,20812.0,2.77,Active,9.0
2566.0,75.12,97.3,18204.0,10.21,Active,7.0
4229.0,69.53,98.51,843.0,8.87,Sedentary,9.0
3159.0,85.9,95.85,14569.0,4.75,Sedentary,2.0
3449.0,52.5,96.18,1864.0,5.57,Highly Active,1.0
4830.0,52.18,96.4,16846.0,6.24,Highly Active,8.0
1121.0,62.29,100.0,9946.0,7.5,Sedentary,3.0
1272.0,93.73,97.98,22757.0,7.21,Active,1.0
2317.0,81.68,98.71,4080.0,4.85,Sedentary,3.0
1397.0,65.48,98.71,9207.0,10.01,Highly Active,7.0
3518.0,62.99,97.68,9303.0,5.91,Sedentary,3.0
1984.0,73.81,97.0,4799.0,9.21,Active,9.0
2230.0,81.0,95.51,25689.0,5.59,Sedentary,2.0
2133.0,95.41,96.4,1955.0,8.09,Highly Active,8.0
4511.0,105.79,94.78,29989.0,7.06,Active,5.0
2301.0,73.11,98.41,11704.0,5.22,Active,4.0
4639.0,108.03,99.94,6702.0,7.38,Highly Active,4.0
2910.0,76.19,97.29,550.0,6.77,Active,1.0
4986.0,79.54,99.0,2102.0,7.88,Active,4.0
3616.0,89.68,97.45,12884.0,5.34,Active,10.0
2505.0,89.68,99.72,9118.0,6.37,Active,3.0
4874.0,98.63,97.71,23020.0,7.71,Highly Active,2.0
4185.0,55.71,100.0,3538.0,3.76,Active,6.0
2916.0,76.83,97.2,15740.0,4.77,Sedentary,5.0
3944.0,93.83,100.0,13855.0,6.56,Sedentary,7.0
1819.0,58.98,95.26,23697.0,6.77,Sedentary,7.0
3900.0,46.92,98.25,2227.0,6.36,Sedentary,10.0
4548.0,52.71,96.86,4776.0,7.7,Highly Active,10.0
3757.0,73.17,98.95,591.0,6.35,Sedentary,3.0
2956.0,105.32,95.53,6257.0,8.03,Active,10.0
3368.0,52.37,96.04,9226.0,6.99,Highly Active,8.0
1178.0,57.51,96.63,1903.0,4.82,Highly Active,9.0
1896.0,67.45,96.43,1301.0,6.74,Active,7.0
3266.0,60.1,97.42,7142.0,6.38,Highly Active,7.0
3836.0,57.38,94.52,3496.0,5.49,Highly Active,7.0
2972.0,44.42,94.52,3893.0,4.22,Active,8.0
2551.0,67.08,99.36,4459.0,4.73,Highly Active,8.0
1491.0,104.4,93.92,5015.0,5.23,Highly Active,7.0
4962.0,83.32,99.87,1523.0,8.09,Highly Active,7.0
1060.0,92.64,95.93,6035.0,6.01,Sedentary,9.0
2077.0,65.93,96.97,501.0,8.33,Sedentary,1.0
2703.0,62.36,97.94,843.0,4.97,Active,10.0
3585.0,82.82,97.21,8702.0,5.44,Sedentary,1.0
3895.0,76.26,95.94,9203.0,5.66,Highly Active,8.0
4035.0,74.17,96.65,2168.0,6.06,Sedentary,8.0
1064.0,100.16,97.75,1429.0,6.86,Highly Active,3.0
4683.0,62.92,97.29,389.0,7.44,Active,3.0
1585.0,60.85,96.87,3800.0,8.38,Highly Active,5.0
2727.0,87.77,97.11,4980.0,3.2,Active,10.0
3218.0,85.76,99.03,16080.0,6.5,Sedentary,9.0
4344.0,59.34,97.94,17.0,4.91,Sedentary,3.0
4960.0,76.19,94.89,3644.0,6.65,Highly Active,6.0
3383.0,79.47,99.96,15235.0,7.46,Highly Active,10.0
4462.0,67.98,98.4,1527.0,8.18,Highly Active,2.0
3740.0,71.31,100.0,479.0,8.18,Highly Active,10.0
4398.0,57.9,94.68,3364.0,7.13,Sedentary,5.0
3155.0,92.92,97.13,6633.0,7.63,Active,3.0
2870.0,78.94,100.0,13671.0,4.64,Highly Active,10.0
4233.0,89.9,99.0,2194.0,5.43,Sedentary,4.0
3861.0,89.9,95.24,2026.0,5.04,Active,5.0
2004.0,92.85,99.0,2761.0,2.94,Sedentary,6.0
3499.0,46.98,97.56,881.0,5.09,Highly Active,9.0
2229.0,75.09,99.64,26472.0,4.95,Sedentary,7.0
3637.0,92.93,97.51,5445.0,5.1,Highly Active,6.0
2039.0,45.28,99.84,2224.0,7.5,Sedentary,3.0
1326.0,76.94,97.67,3143.0,5.35,Sedentary,2.0
1607.0,83.66,98.57,14067.0,7.77,Highly Active,3.0
3706.0,69.23,100.0,7840.0,4.15,Sedentary,7.0
1001.0,89.92,98.38,5640.0,5.52,Active,7.0
2033.0,90.07,95.66,9032.0,5.91,Sedentary,3.0
3481.0,65.73,96.04,9869.0,8.28,Active,7.0
1124.0,69.2,100.0,1512.0,6.59,Highly Active,1.0
2104.0,57.58,93.62,1209.0,6.94,Active,3.0
3532.0,79.76,96.5,23815.0,4.85,Sedentary,4.0
3699.0,78.04,100.0,1438.0,7.78,Highly Active,2.0
2861.0,75.04,97.3,4375.0,6.41,Active,6.0
2173.0,76.51,98.65,28432.0,3.87,Active,10.0
3847.0,62.14,96.45,3780.0,7.55,Sedentary,2.0
3920.0,53.57,98.89,5063.0,6.94,Highly Active,6.0
4411.0,293.22,99.52,11209.0,6.5,Highly Active,3.0
1128.0,72.03,97.29,2913.0,5.98,Active,2.0
1437.0,59.53,98.18,3948.0,4.89,Sedentary,2.0
1750.0,64.12,95.72,2826.0,8.24,Sedentary,9.0
3548.0,88.78,96.94,2372.0,7.59,Sedentary,5.0
4129.0,87.92,98.01,4468.0,4.91,Sedentary,9.0
2221.0,84.94,100.0,9590.0,6.58,Active,6.0
3258.0,74.38,95.13,14137.0,5.44,Active,9.0
4985.0,64.77,99.05,4446.0,5.44,Highly Active,1.0
1901.0,94.83,99.94,2710.0,8.83,Active,10.0
3092.0,70.15,97.37,16981.0,5.97,Highly Active,2.0
4168.0,79.06,99.34,2866.0,5.24,Active,10.0
3582.0,71.43,100.0,9666.0,6.14,Active,1.0
2433.0,40.0,100.0,357.0,3.32,Sedentary,10.0
3508.0,65.57,93.73,1369.0,6.27,Highly Active,8.0
1390.0,52.15,96.98,5954.0,8.32,Highly Active,3.0
4918.0,52.15,98.87,14155.0,7.89,Highly Active,6.0
3086.0,66.06,98.27,6310.0,7.22,Highly Active,2.0
1026.0,66.06,99.58,9503.0,10.11,Highly Active,9.0
3841.0,106.96,98.56,9281.0,6.88,Sedentary,1.0
4168.0,59.68,98.57,4774.0,5.13,Highly Active,9.0
4022.0,76.83,98.28,5760.0,7.75,Highly Active,3.0
1547.0,78.29,98.78,518.0,6.7,Sedentary,1.0
3668.0,60.75,99.18,18392.0,6.56,Highly Active,2.0
1566.0,91.55,99.04,7853.0,6.94,Highly Active,3.0
1703.0,99.69,93.01,1175.0,5.91,Sedentary,5.0
2242.0,92.99,95.65,1958.0,9.3,Sedentary,3.0
1184.0,92.99,98.2,33.0,4.06,Highly Active,10.0
4140.0,64.46,99.14,2146.0,7.72,Highly Active,8.0
4900.0,44.6,98.99,2665.0,6.7,Active,8.0
4201.0,72.27,98.99,8045.0,7.18,Sedentary,10.0
2590.0,73.35,96.35,4533.0,5.93,Active,6.0
2913.0,73.35,98.58,12951.0,8.77,Highly Active,10.0
4680.0,101.45,99.35,636.0,7.83,Active,6.0
1847.0,101.45,98.57,8594.0,5.34,Highly Active,8.0
1598.0,77.08,98.16,14550.0,8.18,Active,3.0
1805.0,71.61,98.75,3829.0,6.95,Sedentary,1.0
4702.0,72.73,99.38,2385.0,5.62,Highly Active,1.0
4791.0,98.46,94.25,4129.0,3.96,Highly Active,4.0
2357.0,98.46,96.9,10886.0,7.65,Active,4.0
4996.0,83.25,98.94,17597.0,5.41,Highly Active,8.0
4225.0,82.11,97.5,475.0,7.29,Active,3.0
4618.0,78.27,98.11,5263.0,8.69,Active,2.0
3126.0,63.49,96.87,7146.0,5.28,Sedentary,6.0
3626.0,103.08,97.03,123.0,8.52,Active,9.0
2878.0,103.08,98.36,1400.0,4.78,Active,8.0
3460.0,82.97,95.62,452.0,8.72,Highly Active,1.0
1545.0,78.81,98.43,2401.0,9.23,Sedentary,5.0
2632.0,43.33,96.59,1609.0,7.85,Sedentary,1.0
3216.0,59.37,94.28,4670.0,7.16,Active,2.0
3728.0,76.71,99.78,7456.0,7.84,Active,10.0
4734.0,76.71,100.0,12926.0,5.99,Active,2.0
3630.0,81.05,98.42,2540.0,4.51,Sedentary,1.0
4385.0,75.25,97.07,27.0,9.93,Highly Active,1.0
3079.0,49.39,100.0,13030.0,4.75,Highly Active,8.0
3334.0,87.54,100.0,14734.0,7.94,Sedentary,9.0
3641.0,81.76,98.43,745.0,6.33,Sedentary,7.0
4114.0,82.47,100.0,72.0,5.96,Sedentary,2.0
2926.0,73.64,98.17,11275.0,9.03,Active,10.0
1616.0,64.54,97.94,7166.0,6.64,Highly Active,8.0
4072.0,98.67,98.27,5686.0,7.9,Active,4.0
3317.0,73.93,100.0,10403.0,6.19,Sedentary,1.0
2203.0,66.43,100.0,2430.0,7.21,Sedentary,8.0
2759.0,49.07,96.26,3450.0,7.56,Active,2.0
3565.0,78.38,98.66,567.0,6.02,Active,9.0
4174.0,64.97,98.31,5845.0,7.24,Sedentary,5.0
4081.0,67.81,99.23,22676.0,8.19,Highly Active,10.0
3630.0,89.46,97.76,2337.0,7.67,Highly Active,8.0
4161.0,60.56,96.44,18540.0,6.68,Sedentary,7.0
1225.0,103.78,96.04,9145.0,6.5,Active,3.0
1669.0,103.78,97.22,1865.0,4.33,Active,10.0
2763.0,44.3,99.06,7611.0,9.25,Active,6.0
1916.0,65.13,99.24,3193.0,5.07,Active,2.0
1081.0,80.35,100.0,913.0,8.25,Sedentary,6.0
4003.0,77.05,92.67,681.0,4.66,Highly Active,6.0
4280.0,77.75,100.0,122.0,5.05,Highly Active,6.0
4168.0,70.84,93.8,11190.0,7.52,Highly Active,5.0
3121.0,67.48,99.19,15131.0,8.83,Active,7.0
4698.0,56.41,98.74,4612.0,7.48,Sedentary,9.0
2214.0,76.94,96.02,5137.0,7.03,Active,4.0
2705.0,90.85,96.02,8234.0,4.46,Highly Active,10.0
2842.0,75.21,96.79,8449.0,3.31,Active,1.0
2983.0,63.59,100.0,2742.0,5.85,Active,1.0
4787.0,77.19,95.62,1214.0,6.73,Sedentary,1.0
1055.0,96.96,99.03,3940.0,6.42,Active,4.0
1719.0,71.94,99.73,8358.0,9.82,Sedentary,10.0
3600.0,71.94,94.69,8358.0,4.19,Sedentary,4.0
3079.0,78.3,95.78,654.0,6.04,Active,6.0
4598.0,83.84,96.45,6212.0,9.01,Highly Active,10.0
1573.0,88.01,94.76,389.0,7.48,Highly Active,1.0
1666.0,85.46,99.93,12192.0,4.86,Sedentary,8.0
1283.0,77.49,98.84,7693.0,3.18,Sedentary,7.0
2744.0,62.49,99.28,8350.0,5.91,Sedentary,2.0
4903.0,60.25,99.56,10040.0,4.98,Sedentary,8.0
3234.0,84.23,94.76,2486.0,9.93,Highly Active,2.0
1497.0,65.24,97.27,10781.0,4.98,Active,2.0
2465.0,67.64,100.0,10516.0,5.53,Sedentary,5.0
1129.0,61.72,97.35,1015.0,7.87,Active,10.0
1638.0,98.41,98.24,16314.0,6.94,Highly Active,6.0
4363.0,71.67,99.96,1750.0,8.75,Highly Active,6.0
3161.0,85.07,100.0,2562.0,7.73,Sedentary,5.0
4270.0,98.7,100.0,1703.0,5.46,Sedentary,3.0
3060.0,60.72,98.05,23587.0,7.27,Highly Active,2.0
4342.0,86.38,97.31,2491.0,6.67,Sedentary,6.0
4672.0,73.6,97.89,24881.0,3.86,Sedentary,8.0
4286.0,96.09,96.92,7112.0,9.74,Sedentary,5.0
3491.0,63.12,97.88,1360.0,4.91,Sedentary,9.0
4861.0,78.21,96.8,5650.0,6.34,Highly Active,10.0
4583.0,84.52,100.0,14975.0,5.79,Highly Active,4.0
3494.0,64.73,96.54,5774.0,6.68,Active,3.0
1985.0,64.73,100.0,996.0,6.79,Highly Active,2.0
1992.0,72.89,91.97,2367.0,7.37,Active,5.0
3762.0,91.41,97.92,1783.0,5.79,Highly Active,10.0
3121.0,108.27,99.84,942.0,8.12,Active,7.0
3584.0,98.65,95.83,2775.0,5.48,Sedentary,7.0
1100.0,96.57,96.2,7574.0,5.7,Sedentary,1.0
3223.0,40.0,99.12,3375.0,3.92,Active,5.0
1426.0,76.99,99.38,4106.0,6.84,Sedentary,4.0
4188.0,75.96,96.3,2706.0,8.78,Sedentary,2.0
4237.0,87.01,97.79,36385.0,6.13,Active,2.0
1040.0,53.39,100.0,6177.0,9.15,Highly Active,5.0
1343.0,43.72,95.79,4075.0,4.46,Highly Active,2.0
4495.0,90.41,95.01,4075.0,8.58,Sedentary,4.0
1365.0,50.27,98.8,13132.0,6.25,Sedentary,3.0
2731.0,93.37,99.81,10091.0,5.04,Active,5.0
1608.0,92.62,100.0,2801.0,6.89,Sedentary,1.0
3704.0,69.99,100.0,6527.0,7.0,Active,4.0
1727.0,81.58,98.48,687.0,7.92,Highly Active,1.0
3276.0,81.58,98.04,187.0,6.0,Sedentary,1.0
1824.0,52.82,98.63,11841.0,4.47,Highly Active,9.0
4201.0,83.44,99.18,19922.0,6.09,Active,3.0
2375.0,92.81,96.84,2952.0,6.47,Sedentary,4.0
1888.0,70.16,98.5,6372.0,8.19,Sedentary,2.0
3043.0,84.58,96.06,8843.0,4.24,Sedentary,2.0
2341.0,61.84,90.79,9594.0,5.94,Active,3.0
4031.0,88.77,97.44,4592.0,6.94,Active,7.0
4720.0,75.15,99.4,6650.0,6.94,Active,3.0
3883.0,74.78,94.57,7491.0,5.5,Sedentary,2.0
3719.0,82.04,99.48,763.0,5.28,Sedentary,9.0
2296.0,97.94,99.13,7252.0,7.5,Active,5.0
1116.0,82.9,96.42,5006.0,3.08,Highly Active,5.0
3865.0,58.77,100.0,3329.0,5.65,Highly Active,3.0
3415.0,64.23,96.92,2124.0,7.39,Highly Active,3.0
2117.0,73.92,94.98,7111.0,7.03,Sedentary,2.0
1167.0,82.44,98.94,1277.0,6.8,Sedentary,7.0
4001.0,57.57,100.0,11656.0,4.04,Sedentary,1.0
2738.0,80.24,100.0,1319.0,4.59,Active,7.0
2364.0,88.34,98.13,10337.0,8.51,Highly Active,4.0
3708.0,67.5,99.89,11904.0,6.36,Highly Active,6.0
4985.0,104.56,96.95,19654.0,6.5,Highly Active,3.0
1694.0,63.86,99.18,4356.0,5.32,Highly Active,7.0
1924.0,78.02,100.0,461.0,6.53,Highly Active,7.0
1151.0,43.67,100.0,7926.0,5.77,Sedentary,3.0
1585.0,70.25,96.76,2325.0,7.79,Active,10.0
4948.0,72.77,100.0,681.0,4.92,Active,2.0
1912.0,68.58,96.13,13554.0,7.75,Active,9.0
3321.0,63.94,96.77,1054.0,8.97,Active,2.0
2577.0,67.24,97.14,4942.0,7.43,Sedentary,9.0
1495.0,84.5,99.81,10875.0,4.65,Sedentary,8.0
4795.0,46.23,98.23,1554.0,7.73,Highly Active,10.0
3148.0,47.09,95.12,15886.0,5.77,Sedentary,4.0
1556.0,67.63,98.98,2820.0,5.72,Active,3.0
2105.0,73.17,100.0,3534.0,6.7,Highly Active,6.0
2552.0,63.26,98.29,987.0,6.13,Highly Active,5.0
3120.0,75.95,99.78,7239.0,5.8,Sedentary,7.0
4085.0,84.3,96.47,4787.0,7.53,Highly Active,5.0
4504.0,89.68,99.94,25591.0,6.67,Sedentary,4.0
1156.0,94.85,96.59,8389.0,3.63,Active,6.0
1734.0,55.13,98.24,9960.0,8.03,Highly Active,2.0
3179.0,63.43,96.27,1554.0,8.3,Active,8.0
4409.0,61.84,95.66,8732.0,7.4,Active,3.0
4066.0,90.17,95.93,5706.0,7.49,Active,1.0
2427.0,65.51,97.15,3621.0,6.17,Active,5.0
4447.0,79.61,98.3,10684.0,4.71,Highly Active,7.0
4959.0,53.78,96.4,26893.0,6.77,Sedentary,4.0
1558.0,65.35,100.0,697.0,6.5,Highly Active,4.0
3154.0,61.55,97.46,10888.0,6.91,Active,3.0
4691.0,85.25,95.45,17635.0,8.99,Highly Active,5.0
3312.0,56.3,93.62,2650.0,9.06,Active,1.0
4276.0,101.77,100.0,3157.0,6.45,Sedentary,1.0
4150.0,78.23,98.93,11085.0,5.8,Active,4.0
1154.0,64.08,95.96,21500.0,5.86,Sedentary,2.0
4854.0,80.12,97.34,19569.0,6.31,Sedentary,2.0
4035.0,62.79,96.59,401.0,5.04,Highly Active,9.0
1996.0,59.06,99.67,14359.0,7.34,Highly Active,3.0
3294.0,85.47,100.0,6181.0,7.94,Highly Active,3.0
3079.0,95.53,96.23,3827.0,3.72,Highly Active,6.0
3905.0,80.71,99.47,13074.0,9.18,Highly Active,9.0
2971.0,56.57,98.06,11281.0,6.5,Active,5.0
3585.0,62.76,97.01,4984.0,6.06,Sedentary,8.0
1728.0,97.94,97.37,3702.0,6.96,Sedentary,3.0
2177.0,86.92,95.8,4477.0,5.24,Highly Active,3.0
1153.0,58.09,98.61,2683.0,5.61,Active,8.0
4757.0,64.3,98.73,7987.0,5.25,Sedentary,7.0
1091.0,77.81,99.24,15582.0,6.5,Active,9.0
4504.0,72.84,98.41,2018.0,5.63,Active,3.0
3385.0,106.34,96.01,12221.0,7.07,Active,10.0
2503.0,64.03,99.33,3132.0,4.53,Sedentary,3.0
2716.0,83.99,96.31,990.0,7.17,Active,7.0
4202.0,79.46,97.86,289.0,4.81,Sedentary,8.0
3497.0,50.1,96.06,4569.0,8.02,Sedentary,5.0
3016.0,40.0,99.94,5880.0,7.72,Active,3.0
3857.0,69.23,96.59,42.0,3.29,Sedentary,1.0
1786.0,81.28,100.0,7401.0,7.76,Active,10.0
3027.0,63.26,99.11,41709.0,4.74,Sedentary,6.0
3635.0,82.12,99.22,773.0,8.05,Highly Active,6.0
1176.0,70.65,95.4,8546.0,5.69,Sedentary,9.0
4767.0,100.91,94.08,1713.0,8.84,Highly Active,1.0
3878.0,74.4,95.98,1618.0,7.56,Sedentary,6.0
1642.0,68.4,98.38,132.0,5.86,Sedentary,3.0
2898.0,232.13,96.08,46.0,5.64,Active,3.0
4120.0,77.89,96.36,1446.0,8.75,Sedentary,5.0
1566.0,95.95,100.0,1351.0,5.78,Highly Active,9.0
1665.0,75.08,96.91,3.0,3.71,Highly Active,1.0
4426.0,81.45,99.8,8840.0,5.11,Sedentary,7.0
4783.0,81.45,97.36,4904.0,6.68,Active,4.0
2331.0,57.67,97.36,3531.0,5.32,Highly Active,10.0
3915.0,69.35,97.08,767.0,10.09,Highly Active,9.0
4956.0,76.56,97.64,2844.0,5.53,Active,1.0
4701.0,63.57,95.19,4452.0,5.56,Highly Active,1.0
2798.0,79.25,96.21,43672.0,5.02,Sedentary,7.0
2069.0,273.86,96.51,5002.0,7.82,Sedentary,2.0
3349.0,100.47,99.3,138.0,6.08,Highly Active,8.0
3915.0,71.9,100.0,1630.0,7.72,Sedentary,2.0
3959.0,81.46,100.0,3064.0,6.5,Active,8.0
1407.0,71.73,97.38,4261.0,7.05,Highly Active,3.0
2212.0,73.6,95.95,7852.0,6.96,Active,4.0
3869.0,83.2,97.76,6251.0,4.7,Active,1.0
2853.0,77.07,98.77,4983.0,4.23,Active,2.0
2152.0,67.17,97.93,12737.0,4.26,Highly Active,8.0
3608.0,80.03,99.52,1529.0,6.61,Sedentary,5.0
4608.0,72.62,95.77,568.0,9.96,Highly Active,7.0
4337.0,83.74,97.96,12750.0,5.65,Highly Active,3.0
2141.0,92.21,97.84,4341.0,8.04,Active,2.0
3511.0,89.88,97.57,5642.0,7.29,Sedentary,9.0
1143.0,59.07,96.65,12715.0,6.55,Active,4.0
3489.0,40.0,95.02,20407.0,6.14,Sedentary,5.0
4271.0,108.86,95.15,5621.0,5.85,Highly Active,5.0
4228.0,82.87,100.0,11709.0,5.83,Active,7.0
1486.0,80.66,95.37,5509.0,7.41,Active,4.0
1859.0,64.32,96.83,237.0,7.79,Active,2.0
4205.0,44.25,96.63,21842.0,5.86,Sedentary,8.0
2935.0,44.96,97.01,11917.0,5.84,Active,5.0
1147.0,69.94,100.0,9801.0,5.63,Highly Active,2.0
2359.0,77.3,98.9,4082.0,8.0,Sedentary,4.0
4142.0,100.28,96.95,19997.0,7.82,Sedentary,1.0
4304.0,78.65,97.88,4711.0,8.71,Highly Active,7.0
2357.0,85.05,99.52,8930.0,5.28,Highly Active,8.0
3858.0,67.01,100.0,742.0,5.57,Active,3.0
3713.0,68.13,98.86,1729.0,8.98,Active,8.0
1089.0,52.9,100.0,3864.0,8.49,Active,4.0
2357.0,56.58,96.4,6094.0,5.01,Active,8.0
1198.0,56.43,96.4,11463.0,5.16,Active,7.0
4232.0,69.55,98.37,1929.0,6.88,Sedentary,9.0
1537.0,50.04,98.7,10422.0,8.36,Sedentary,3.0
4192.0,62.83,96.69,15450.0,5.14,Sedentary,9.0
1300.0,74.41,100.0,11944.0,6.63,Active,10.0
1723.0,40.0,99.17,6818.0,8.13,Sedentary,4.0
2598.0,97.23,96.93,11625.0,6.2,Highly Active,7.0
4010.0,101.72,97.24,14698.0,6.39,Active,4.0
2459.0,90.49,100.0,5669.0,8.63,Sedentary,1.0
1067.0,80.88,96.84,11631.0,5.87,Highly Active,6.0
4836.0,79.89,96.13,3827.0,8.4,Sedentary,8.0
4993.0,82.97,95.62,5174.0,6.28,Sedentary,10.0
3506.0,82.97,94.12,378.0,4.87,Sedentary,10.0
2537.0,77.73,97.15,15048.0,7.34,Sedentary,9.0
1397.0,50.08,92.87,1059.0,5.58,Highly Active,5.0
1619.0,76.74,96.54,2263.0,4.74,Highly Active,3.0
4357.0,82.48,100.0,2674.0,9.45,Sedentary,3.0
2584.0,80.07,96.42,862.0,7.13,Active,2.0
2163.0,92.22,99.48,17835.0,6.02,Highly Active,8.0
1729.0,97.04,98.41,24554.0,6.05,Highly Active,4.0
1555.0,67.12,100.0,14028.0,8.8,Highly Active,1.0
2952.0,57.99,96.53,2976.0,8.91,Highly Active,4.0
3828.0,93.84,98.09,398.0,5.68,Highly Active,9.0
4661.0,84.98,97.47,1414.0,6.9,Active,6.0
2751.0,66.41,98.15,10352.0,5.95,Active,10.0
3941.0,71.65,95.75,2358.0,7.65,Highly Active,5.0
3795.0,79.06,95.75,12618.0,3.6,Highly Active,1.0
3329.0,96.55,95.69,1893.0,4.95,Sedentary,7.0
3708.0,61.57,98.24,8277.0,8.06,Active,9.0
3971.0,79.39,100.0,4087.0,5.42,Active,2.0
4887.0,78.84,100.0,1694.0,7.68,Sedentary,2.0
1995.0,45.2,98.51,6243.0,7.06,Sedentary,6.0
2959.0,112.57,96.89,12714.0,5.43,Sedentary,1.0
2601.0,78.14,95.02,18301.0,6.27,Active,6.0
3793.0,92.35,95.19,424.0,5.56,Sedentary,8.0
2480.0,50.73,97.94,3798.0,5.93,Highly Active,1.0
3134.0,103.91,100.0,6492.0,3.82,Sedentary,8.0
2102.0,69.71,99.35,2887.0,6.33,Sedentary,5.0
4276.0,40.45,98.44,2676.0,5.63,Sedentary,3.0
3838.0,53.67,100.0,10347.0,5.63,Sedentary,9.0
4408.0,56.57,98.23,10679.0,7.29,Sedentary,2.0
4325.0,63.4,99.08,9137.0,7.43,Active,6.0
3351.0,55.65,100.0,16016.0,5.65,Active,2.0
2403.0,87.16,99.95,4778.0,5.53,Active,6.0
3177.0,77.69,98.96,10852.0,6.27,Sedentary,5.0
3643.0,82.67,93.21,79.0,8.14,Sedentary,5.0
2299.0,81.45,100.0,30635.0,5.73,Sedentary,6.0
2722.0,71.32,95.38,17613.0,5.47,Sedentary,7.0
3605.0,51.61,94.55,12887.0,4.85,Sedentary,8.0
1898.0,52.33,94.55,6203.0,7.26,Active,10.0
2206.0,52.97,99.17,5499.0,6.06,Sedentary,10.0
4339.0,58.62,95.9,1139.0,4.99,Highly Active,7.0
4879.0,100.4,94.96,388.0,5.3,Sedentary,3.0
4393.0,52.56,93.57,2069.0,7.5,Active,9.0
2535.0,97.17,96.95,1146.0,6.5,Active,10.0
4683.0,251.49,97.37,5760.0,5.5,Sedentary,9.0
1077.0,54.67,95.18,2830.0,7.36,Sedentary,3.0
3831.0,81.32,100.0,3436.0,8.05,Sedentary,3.0
4410.0,94.01,96.56,187.0,7.48,Sedentary,10.0
3721.0,50.64,96.83,5568.0,7.48,Sedentary,2.0
4627.0,73.66,99.96,7473.0,7.48,Sedentary,10.0
2532.0,92.81,96.14,2850.0,8.49,Sedentary,2.0
1237.0,88.66,100.0,985.0,6.59,Sedentary,5.0
2157.0,51.83,99.97,8515.0,8.01,Active,1.0
2996.0,71.93,97.31,967.0,7.48,Sedentary,5.0
2215.0,50.86,100.0,11882.0,5.7,Highly Active,1.0
4427.0,80.61,100.0,5528.0,8.9,Active,3.0
1277.0,77.48,97.13,1898.0,9.03,Highly Active,9.0
4089.0,83.48,96.05,16030.0,8.3,Highly Active,7.0
1523.0,60.67,97.13,1070.0,7.45,Sedentary,10.0
1179.0,64.51,99.04,6435.0,7.92,Sedentary,9.0
1122.0,89.83,96.95,6727.0,6.0,Active,10.0
2269.0,90.46,97.38,266.0,8.14,Highly Active,10.0
2757.0,100.08,96.97,6586.0,4.57,Highly Active,1.0
4444.0,96.32,96.68,8294.0,6.01,Highly Active,10.0
4122.0,50.27,98.6,16866.0,2.74,Active,9.0
2094.0,93.36,96.95,8639.0,7.1,Highly Active,2.0
1479.0,74.48,100.0,4637.0,8.04,Highly Active,9.0
4631.0,85.91,97.91,13436.0,8.97,Active,10.0
4090.0,85.91,95.87,3056.0,6.18,Active,10.0
2797.0,61.28,95.87,13542.0,6.85,Sedentary,8.0
3131.0,70.73,99.4,13004.0,6.48,Highly Active,3.0
4226.0,75.97,97.76,6478.0,9.21,Sedentary,5.0
3612.0,79.35,96.44,2958.0,7.0,Sedentary,8.0
3666.0,89.6,95.96,6262.0,9.28,Sedentary,3.0
3404.0,59.43,98.6,16544.0,8.37,Active,9.0
1815.0,58.13,98.79,7085.0,7.63,Sedentary,2.0
3694.0,50.55,100.0,12829.0,5.66,Highly Active,4.0
1442.0,71.67,95.94,2958.0,4.87,Highly Active,5.0
4140.0,61.88,98.18,2420.0,6.63,Highly Active,5.0
3570.0,70.03,96.31,2069.0,6.65,Sedentary,5.0
1142.0,75.37,98.32,4731.0,4.75,Highly Active,7.0
1191.0,48.26,95.15,3959.0,8.12,Active,3.0
2410.0,66.67,100.0,13480.0,6.78,Sedentary,4.0
1377.0,80.44,93.88,836.0,7.38,Sedentary,10.0
3628.0,76.03,95.99,5653.0,9.05,Highly Active,2.0
1534.0,69.39,98.33,3616.0,5.34,Highly Active,10.0
2716.0,69.39,96.14,19416.0,3.38,Sedentary,2.0
4364.0,70.92,96.2,10871.0,5.62,Active,10.0
4342.0,57.52,92.29,7164.0,6.51,Sedentary,9.0
2410.0,115.31,94.25,9582.0,6.22,Sedentary,10.0
3140.0,84.43,95.68,517.0,5.72,Sedentary,6.0
2989.0,91.22,95.66,7840.0,6.5,Highly Active,3.0
3576.0,84.06,99.58,1052.0,5.64,Highly Active,10.0
2177.0,95.89,98.89,1466.0,5.76,Highly Active,1.0
1404.0,95.89,98.25,4329.0,8.07,Active,1.0
3887.0,43.43,100.0,27195.0,10.39,Sedentary,1.0
2172.0,62.43,100.0,21279.0,5.24,Highly Active,2.0
1888.0,78.54,98.11,16279.0,5.7,Sedentary,10.0
4338.0,78.13,100.0,245.0,5.66,Sedentary,6.0
1421.0,76.97,98.64,13413.0,8.89,Highly Active,10.0
4911.0,58.26,95.93,10478.0,7.64,Sedentary,9.0
2641.0,66.58,99.28,4835.0,6.11,Highly Active,1.0
1471.0,78.71,98.02,2756.0,5.75,Highly Active,10.0
3940.0,75.54,98.16,9862.0,8.84,Active,10.0
1546.0,86.63,96.21,792.0,6.56,Active,4.0
1630.0,58.88,100.0,7358.0,6.44,Active,5.0
4574.0,66.41,97.66,5647.0,7.69,Sedentary,6.0
2037.0,69.66,97.12,14714.0,6.49,Highly Active,10.0
4723.0,49.03,95.71,4553.0,6.65,Active,3.0
2829.0,76.91,95.71,9951.0,7.91,Highly Active,10.0
1363.0,93.87,99.36,8828.0,3.15,Highly Active,2.0
3166.0,56.76,97.88,5786.0,4.71,Sedentary,4.0
4309.0,102.87,100.0,2223.0,9.44,Highly Active,5.0
1545.0,65.29,96.22,2439.0,4.66,Highly Active,8.0
4240.0,83.84,95.89,9462.0,5.36,Sedentary,9.0
3569.0,55.15,99.31,40.0,8.38,Highly Active,9.0
1633.0,107.39,95.03,7404.0,6.58,Highly Active,6.0
2936.0,59.1,99.43,1998.0,6.59,Highly Active,9.0
2680.0,78.11,98.09,7824.0,8.89,Highly Active,8.0
1962.0,66.96,96.16,1449.0,5.64,Sedentary,7.0
4005.0,74.25,95.69,3306.0,5.7,Sedentary,7.0
4806.0,76.68,96.84,9812.0,7.64,Active,9.0
1882.0,70.11,95.06,9851.0,6.74,Active,1.0
4840.0,64.8,95.06,1647.0,8.04,Highly Active,7.0
3827.0,74.29,97.89,3304.0,5.53,Highly Active,6.0
1870.0,73.97,98.49,4887.0,6.8,Active,2.0
1515.0,79.86,95.31,6196.0,6.39,Sedentary,7.0
3985.0,79.86,96.18,9495.0,5.91,Sedentary,2.0
2420.0,87.16,99.61,167.0,4.58,Highly Active,2.0
1865.0,83.42,95.7,858.0,5.87,Sedentary,9.0
2108.0,71.15,98.59,1481.0,8.38,Sedentary,9.0
1213.0,52.01,97.11,215.0,6.5,Sedentary,6.0
4192.0,77.33,96.67,17721.0,7.17,Highly Active,4.0
4203.0,91.42,95.38,1239.0,6.23,Highly Active,7.0
3897.0,63.49,99.67,535.0,5.16,Sedentary,7.0
3244.0,64.98,100.0,4467.0,6.83,Sedentary,4.0
1018.0,94.58,100.0,19833.0,8.63,Highly Active,3.0
1641.0,99.49,97.45,23345.0,5.21,Active,4.0
4083.0,62.48,98.72,7898.0,7.18,Active,6.0
2104.0,113.27,100.0,1375.0,5.82,Highly Active,7.0
1865.0,88.85,100.0,2856.0,6.27,Active,8.0
1773.0,69.72,98.97,938.0,7.17,Sedentary,4.0
1391.0,78.87,99.36,9848.0,6.27,Highly Active,10.0
1636.0,81.39,96.27,24340.0,5.75,Active,6.0
3354.0,61.51,94.34,612.0,4.13,Active,5.0
4338.0,99.8,99.42,3540.0,6.83,Highly Active,1.0
4518.0,74.41,97.89,16293.0,7.42,Active,7.0
4512.0,67.5,97.93,9121.0,6.59,Active,3.0
3942.0,57.62,97.93,14270.0,6.39,Highly Active,9.0
3699.0,83.44,100.0,17946.0,8.73,Active,10.0
3888.0,78.84,97.18,3725.0,8.93,Highly Active,6.0
2025.0,78.84,93.53,8281.0,8.11,Sedentary,5.0
3567.0,77.1,100.0,8649.0,7.0,Active,6.0
4833.0,82.32,97.71,6975.0,6.65,Active,7.0
2674.0,69.08,99.07,2759.0,4.92,Active,5.0
3683.0,69.08,100.0,12494.0,3.64,Sedentary,5.0
4380.0,75.07,96.92,10254.0,8.56,Active,4.0
1739.0,71.71,98.08,4124.0,6.67,Highly Active,4.0
2545.0,60.6,96.66,3825.0,11.59,Active,3.0
1468.0,77.99,100.0,76.0,5.62,Active,8.0
3259.0,43.89,95.35,12980.0,7.14,Sedentary,8.0
2135.0,96.57,100.0,2338.0,8.03,Active,7.0
3851.0,59.63,96.25,3709.0,6.1,Highly Active,9.0
3524.0,53.42,97.55,7935.0,6.21,Active,10.0
1873.0,92.54,100.0,3461.0,5.89,Highly Active,7.0
1459.0,72.51,93.89,1387.0,7.1,Highly Active,6.0
3300.0,75.9,98.09,14207.0,6.58,Highly Active,4.0
2549.0,75.36,97.15,1419.0,3.45,Sedentary,1.0
1751.0,55.29,96.95,202.0,6.67,Sedentary,9.0
2461.0,86.78,93.08,1529.0,7.06,Active,4.0
2777.0,81.73,97.85,4251.0,6.44,Sedentary,9.0
4028.0,75.28,97.85,3852.0,8.97,Active,9.0
1853.0,40.97,98.51,11138.0,7.02,Sedentary,8.0
4732.0,82.55,98.67,1518.0,6.54,Active,10.0
3283.0,80.67,100.0,10461.0,7.86,Sedentary,2.0
2329.0,73.58,100.0,709.0,9.9,Highly Active,8.0
1477.0,89.48,97.9,4493.0,6.29,Sedentary,4.0
3726.0,91.93,99.93,14034.0,8.08,Active,8.0
4091.0,80.04,100.0,3728.0,9.26,Active,4.0
3263.0,52.32,98.25,23131.0,6.15,Sedentary,5.0
1134.0,64.53,100.0,9893.0,7.16,Active,3.0
3952.0,71.27,98.35,4991.0,8.52,Active,3.0
2152.0,87.62,94.14,3932.0,6.07,Highly Active,9.0
1409.0,79.94,98.72,619.0,8.14,Highly Active,8.0
2445.0,72.51,96.49,894.0,5.21,Highly Active,5.0
2317.0,84.43,100.0,5936.0,6.13,Highly Active,2.0
2269.0,63.37,96.23,6657.0,6.5,Active,4.0
4772.0,84.4,97.18,29284.0,6.29,Highly Active,6.0
2579.0,78.42,99.98,13651.0,5.21,Active,6.0
1085.0,82.85,100.0,13027.0,6.0,Sedentary,6.0
3603.0,87.69,100.0,2364.0,3.55,Sedentary,3.0
2865.0,74.29,96.05,3715.0,7.54,Sedentary,4.0
4446.0,45.13,96.1,754.0,6.55,Sedentary,6.0
2469.0,65.11,94.63,6098.0,8.22,Sedentary,1.0
1377.0,86.72,98.36,505.0,6.37,Highly Active,9.0
4461.0,66.53,98.72,4145.0,3.8,Highly Active,3.0
2680.0,65.03,95.22,5846.0,6.98,Sedentary,7.0
2074.0,75.93,97.39,1813.0,6.5,Sedentary,10.0
1241.0,91.4,97.31,10455.0,8.1,Highly Active,9.0
4365.0,81.87,96.59,7864.0,6.18,Active,2.0
1919.0,101.11,99.24,1120.0,9.52,Sedentary,10.0
2586.0,81.02,96.86,28808.0,5.16,Highly Active,6.0
3313.0,80.44,100.0,5467.0,6.87,Highly Active,8.0
3973.0,71.49,94.6,187.0,7.4,Active,4.0
3759.0,51.73,97.71,3017.0,6.0,Highly Active,1.0
4988.0,77.21,94.07,27147.0,4.5,Sedentary,10.0
2271.0,75.62,99.14,16282.0,6.2,Active,1.0
1069.0,84.95,97.5,1147.0,3.77,Sedentary,9.0
4924.0,79.57,97.55,13517.0,5.45,Highly Active,10.0
3104.0,79.04,96.87,6744.0,6.23,Active,1.0
2405.0,92.03,100.0,154.0,8.0,Highly Active,1.0
3086.0,71.08,100.0,9915.0,6.92,Highly Active,5.0
3007.0,87.58,98.77,3727.0,6.5,Active,1.0
1800.0,94.33,97.15,3531.0,5.8,Sedentary,1.0
4514.0,66.7,98.39,3378.0,5.67,Active,10.0
2041.0,68.88,98.56,6354.0,7.88,Sedentary,9.0
3779.0,63.48,97.54,8768.0,4.27,Active,8.0
1824.0,54.64,100.0,7302.0,5.23,Sedentary,1.0
1755.0,102.66,96.59,1937.0,4.27,Highly Active,7.0
3399.0,122.78,97.98,8588.0,7.38,Sedentary,5.0
2995.0,78.16,97.11,1019.0,8.77,Active,7.0
2839.0,70.04,100.0,24866.0,7.36,Sedentary,3.0
2321.0,101.07,96.66,4492.0,7.47,Sedentary,6.0
3330.0,84.02,99.88,671.0,5.71,Active,8.0
2609.0,63.69,96.26,6016.0,7.23,Highly Active,9.0
4251.0,80.75,95.05,76.0,6.44,Active,3.0
2961.0,91.83,96.15,38831.0,6.5,Active,4.0
3591.0,85.56,100.0,3461.0,9.19,Active,8.0
2769.0,56.69,100.0,1971.0,7.8,Sedentary,3.0
4865.0,63.4,94.19,5554.0,6.67,Sedentary,4.0
1024.0,61.83,96.9,59.0,9.06,Active,3.0
1842.0,78.26,97.28,91.0,10.1,Active,3.0
3838.0,73.15,99.45,838.0,6.53,Sedentary,2.0
1737.0,68.16,99.32,11355.0,7.07,Highly Active,10.0
3104.0,70.34,98.56,1997.0,6.5,Highly Active,9.0
1179.0,85.11,95.41,4901.0,6.75,Highly Active,3.0
1231.0,72.29,100.0,1772.0,5.48,Active,1.0
2917.0,64.78,99.57,5510.0,3.67,Sedentary,7.0
1342.0,55.42,97.1,4976.0,7.98,Active,9.0
1476.0,55.42,100.0,3584.0,6.66,Highly Active,5.0
2822.0,91.02,97.45,3974.0,5.2,Sedentary,5.0
3623.0,64.98,99.67,7417.0,3.76,Active,3.0
1454.0,102.21,100.0,12923.0,5.59,Highly Active,1.0
2255.0,84.44,98.01,2694.0,5.49,Sedentary,4.0
1288.0,62.75,96.84,5317.0,6.33,Active,8.0
2236.0,65.81,99.53,13477.0,3.89,Sedentary,5.0
3305.0,43.37,98.24,1287.0,7.14,Sedentary,8.0
1529.0,68.4,100.0,27231.0,7.46,Sedentary,3.0
3734.0,104.23,99.63,9722.0,4.55,Active,8.0
3976.0,99.5,100.0,3191.0,3.96,Highly Active,4.0
3276.0,99.13,96.29,3292.0,8.02,Sedentary,7.0
4297.0,84.14,99.92,1609.0,6.28,Sedentary,9.0
1595.0,72.33,95.63,2183.0,7.46,Active,2.0
4874.0,76.47,99.3,6191.0,6.67,Sedentary,1.0
1434.0,76.47,99.32,26.0,6.37,Active,10.0
1881.0,74.76,93.45,164.0,8.05,Highly Active,2.0
4068.0,63.21,100.0,30123.0,7.76,Active,4.0
2781.0,73.92,97.79,1880.0,7.08,Active,7.0
1401.0,54.71,96.84,12386.0,7.18,Sedentary,1.0
3669.0,83.92,97.83,6634.0,5.85,Sedentary,7.0
4837.0,61.37,95.2,4134.0,7.33,Highly Active,4.0
3135.0,83.55,100.0,9222.0,8.83,Active,1.0
3631.0,58.8,100.0,359.0,8.04,Active,5.0
4964.0,72.51,100.0,9876.0,3.69,Highly Active,4.0
2565.0,79.12,97.65,13614.0,7.18,Highly Active,6.0
4755.0,72.54,97.32,2302.0,7.3,Sedentary,5.0
1308.0,84.6,99.95,2513.0,8.2,Sedentary,7.0
3953.0,81.72,100.0,761.0,8.36,Highly Active,6.0
1342.0,68.67,100.0,13560.0,7.24,Highly Active,7.0
1435.0,66.15,100.0,11549.0,4.64,Active,2.0
1176.0,65.08,100.0,3876.0,6.33,Sedentary,8.0
1138.0,62.93,99.62,3321.0,5.31,Sedentary,10.0
1193.0,106.46,99.15,3905.0,4.75,Highly Active,6.0
4289.0,91.38,95.74,3930.0,5.8,Highly Active,8.0
2184.0,69.67,96.39,95.0,5.92,Sedentary,7.0
1942.0,77.91,98.64,10061.0,5.43,Sedentary,10.0
1524.0,78.82,98.93,2948.0,7.4,Active,7.0
4879.0,48.63,95.77,4726.0,6.38,Sedentary,2.0
2624.0,73.83,97.95,2571.0,6.92,Sedentary,4.0
4907.0,73.83,98.4,3365.0,5.69,Active,8.0
4113.0,70.06,98.48,545.0,5.69,Active,5.0
